account,is_pioneer,taught,n_pupils,n_pupil_rows,selftest,was_trainee,is_formateur,n_trainees_reached,category,uai,type_etab,academie,commune,nom_etab,first_dt
bd4e70bc0c3db9a72d3f86c65563536a,False,True,26,38,False,False,False,0,a_enseigne,0910625K,lycee,Versailles,Montgeron,Lycée général et technologique Rosa Parks,2025-06-04 08:47:31+02:00
a48a4b9a53a670051a0ab02c820b4702,False,True,45,63,False,False,False,0,a_enseigne,0620140R,lycee,Lille,Montreuil-sur-Mer,Lycée polyvalent Eugène Woillez,2025-02-26 09:35:11+01:00
ccc0569049f6fab9a50d7f26d942e8ae,False,False,0,0,False,True,False,0,stagiaire_seul,,inconnu,,,,2025-03-20 06:35:36+01:00
0dfed85f47ce254585a9d692b7883517,False,False,0,0,True,False,False,0,testeur_distributeur,0940580V,lycee,Créteil,Cachan,Lycée Polyvalent de Cachan,2025-08-21 16:08:19+02:00
0cf1598e21faf60c38b55838c4b5bd16,False,False,0,0,False,True,False,0,stagiaire_seul,,inconnu,,,,2026-01-22 03:41:16+01:00
339d7266dab043227a15b832a5a0b367,False,True,8,8,True,False,False,0,a_enseigne,0930833A,lycee,Créteil,Aulnay-sous-Bois,Lycée enseignement général et technologique Jean Zay,2026-02-13 13:01:38+01:00
f3d40945077a8cb357098311250d4213,False,False,0,0,False,True,False,0,stagiaire_seul,0120031U,lycee,Toulouse,Villefranche-de-Rouergue,Lycée général et technologique Raymond Savignac,2025-05-01 19:18:23+02:00
941e1aaaba585b952b62c14a3a175a61,False,True,2,2,False,False,False,0,a_enseigne,0781859X,lycee,Versailles,Aubergenville,Lycée général et technologique Vincent Van Gogh,2025-06-03 10:37:10+02:00
2d80df7b991730f3a8b2c9defdd5c8a5,False,False,0,0,False,True,False,0,stagiaire_seul,1340039P,inconnu,,,,2026-01-12 12:15:10+01:00
7e4e0858a2fa823abeb2ee9e1638959f,False,False,0,0,False,True,False,0,stagiaire_seul,0595867G,lycee,Lille,Lille,Lycée général et technologique international Montebello,2024-06-13 11:14:03+02:00
cf4c1a5ae0beca262cce112bac5cb3ba,False,False,0,0,False,True,False,0,stagiaire_seul,,inconnu,,,,2025-03-27 14:38:29+01:00
b3c9c6b481f201a575db364f01c6de1d,False,True,17,17,False,False,False,0,a_enseigne,0500035S,college,Normandie,Gavray-sur-Sienne,Collège Roland Vaudatin,2025-05-06 13:06:29+02:00
32306be3abead946f07fda976c853252,False,True,15,15,True,True,False,0,a_enseigne,0750680G,lycee,Paris,Paris 12e  Arrondissement,Lycée général et technologique Arago,2026-01-21 09:08:25+01:00
08e56db88a46738d0bf5eee450968b9c,False,False,0,0,False,True,False,0,stagiaire_seul,,inconnu,,,,2025-05-13 12:29:03+02:00
0af8f691e5214377e5b175fa1c6ba217,False,True,11,11,False,False,False,0,a_enseigne,0130051K,lycee,Aix-Marseille,Marseille  5e  Arrondissement,Lycée général et technologique Marie Curie,2025-11-10 08:22:13+01:00
e02ea7b6e207c2b800607b186089d14e,False,True,8,8,False,False,False,0,a_enseigne,0442094M,lycee,Nantes,Orvault,Lycée Polyvalent Nicolas Appert - Lycée des métiers,2026-05-11 10:23:39+02:00
ed132efcbb33b18bc6cbd4ecdbcc1142,False,False,0,0,False,True,False,0,stagiaire_seul,0620006V,lycee,Lille,Arras,Lycée général et technologique Robespierre,2024-09-26 12:09:25+02:00
ba43d65c1fe81e7e762aee9f317cbc5b,False,False,0,0,False,True,False,0,stagiaire_seul,0594640Y,college,Lille,Bourbourg,Collège Jean Jaurès,2025-06-06 14:26:37+02:00
467dd5c885ec1d1f2088bf26de75027b,False,True,31,31,True,False,True,9,a_enseigne,,inconnu,,,,2024-11-07 10:18:10+01:00
87209ffed6c580b930e7a71d1a621d6a,False,False,0,0,False,True,False,0,stagiaire_seul,0593475G,college,Lille,Wavrin,Collège Léon Blum,2025-06-06 15:48:26+02:00
429d21670093a08ffb061528b0561719,False,True,42,62,False,False,False,0,a_enseigne,0310036W,lycee,Toulouse,Toulouse,Lycée général Pierre de Fermat,2025-05-19 16:42:35+02:00
0bffd7c84d30583100f40cb29011d705,False,True,3,3,False,False,False,0,a_enseigne,0840001V,lycee,Aix-Marseille,Apt,Lycée polyvalent CHARLES DE GAULLE,2024-06-01 16:53:26+02:00
e2d0c609707c209b90f1beaef5fdbe45,False,True,2,2,False,False,False,0,a_enseigne,0750690T,lycee,Paris,Paris 14e  Arrondissement,Lycée général et technologique François Villon,2024-05-17 14:43:23+02:00
8694959cf2d53e57681d8fdc472468d6,False,False,0,0,True,False,False,0,testeur_distributeur,0622803K,lycee,Lille,Longuenesse,Lycée général et technologique Blaise Pascal,2025-03-13 10:58:33+01:00
bac5c16e8ddd5aba46bf99b19c05fe93,False,True,21,21,False,False,False,0,a_enseigne,0670002N,lycee,Strasbourg,Barr,Lycée général et technologique Schuré,2026-05-25 12:20:02+02:00
5a945809866d3bfb04d70d3e98f5ebcb,False,False,0,0,False,True,False,0,stagiaire_seul,2430001F,inconnu,,,,2025-12-12 02:47:46+01:00
91858518c5fe39f4fe7d3bbb48a3f8eb,False,True,39,39,False,False,False,0,a_enseigne,0750673Z,lycee,Paris,Paris 10e  Arrondissement,Lycée général Colbert,2025-12-08 17:40:58+01:00
fd62b88b96cb6b810985923599115fd5,False,False,0,0,False,True,False,0,stagiaire_seul,0590179Z,college,Lille,Dunkerque,Collège Paul Machy,2025-06-06 15:50:22+02:00
faebc6aeb5e5c736244dea50b8957ade,False,True,32,32,False,False,False,0,a_enseigne,0660004W,lycee,Montpellier,Céret,"Lycée polyvalent Déodat de Séverac - Lycée des métiers du transport, de la logistique et des gestions associées",2026-04-14 16:19:06+02:00
d97404da4b58d8d189dde13d7cb23adf,False,True,28,28,False,False,False,0,a_enseigne,0492123S,lycee,Nantes,Angers,Lycée polyvalent Jean Moulin,2026-02-13 10:21:22+01:00
2a5e85c425a917e8c0afc8ae56cb5ce0,False,True,11,18,False,False,False,0,a_enseigne,0310047H,lycee,Toulouse,Toulouse,Lycée général et technologique Ozenne,2025-05-09 09:08:28+02:00
2f6f9511d19e149c14c78a0f4076bc60,False,False,0,0,False,False,True,15,testeur_distributeur,,inconnu,,,,2025-12-12 02:47:25+01:00
80e7ce68c45dd4b92ddd8df51cfaed2b,False,True,1,1,False,False,False,0,a_enseigne,0590122M,lycee,Lille,La Madeleine,Lycée polyvalent Valentine Labbé,2025-06-05 15:19:08+02:00
8260c7ce5505123686211e199cbea73a,False,False,0,0,True,False,False,1,testeur_distributeur,0750711R,lycee,Paris,Paris 19e  Arrondissement,Lycée général et technologique Henri Bergson,2024-05-05 19:02:55+02:00
fd0e1b49012ca52ff8c338f999661187,False,True,24,24,True,False,False,0,a_enseigne,0840003X,lycee,Aix-Marseille,Avignon,Lycée général et technologique Frédéric Mistral,2025-05-21 10:17:31+02:00
c08ae30017dd59ab94acc5eb90d0920b,False,True,7,7,False,False,True,7,a_enseigne,0690026D,lycee,Lyon,Lyon 6e  Arrondissement,Lycée général du Parc,2024-09-08 22:35:29+02:00
d6483ab539158029745c20878a8d7fe5,False,True,31,31,True,False,False,0,a_enseigne,0333583R,lycee,Bordeaux,Créon,Lycée polyvalent Robert Badinter,2026-05-29 10:55:01+02:00
562c0695155368ba596be195d7dc9cd4,False,False,0,0,False,True,False,0,stagiaire_seul,0590073J,lycee,Lille,Dunkerque,Lycée général et technologique Auguste Angellier,2024-12-10 09:47:03+01:00
a6d83683cf9e9f15c1a25926ba686368,False,True,90,129,False,False,False,0,a_enseigne,0333273D,lycee,Bordeaux,Bègles,Lycée polyvalent Vaclav Havel,2026-03-06 14:16:41+01:00
ea95de08542db1d94fe393abd1a5ce8d,False,True,110,122,True,False,False,0,a_enseigne,0690023A,lycee,Lyon,Lyon 2e  Arrondissement,Lycée général et technologique Ampère,2025-04-08 17:23:34+02:00
a55d2752d5f4c88807d69ba8098a1f6d,False,False,0,0,False,True,False,0,stagiaire_seul,2390001C,inconnu,,,,2025-12-12 02:47:26+01:00
3b8eeb6409bd17e6906efcff62ec135d,False,False,0,0,False,True,False,0,stagiaire_seul,1340013L,inconnu,,,,2026-01-12 12:13:35+01:00
96a5fced6536cd61d15375cdd8ef53f4,False,False,0,0,False,True,False,0,stagiaire_seul,0593181M,college,Lille,Cappelle-la-Grande,Collège Maxence Van Der Meersch,2025-06-06 14:26:21+02:00
7522a10ddf6916abccf0163b58ca0543,False,True,45,45,False,False,False,0,a_enseigne,0910727W,lycee,Versailles,Massy,"Lycée polyvalent Parc de Vilgenis, lycée des métiers du numérique, de l'industrie et des services",2025-09-29 10:14:53+02:00
b7f35275308e23d4eba84fb57f45efd9,False,True,26,26,True,False,False,0,a_enseigne,0910727W,lycee,Versailles,Massy,"Lycée polyvalent Parc de Vilgenis, lycée des métiers du numérique, de l'industrie et des services",2026-05-20 10:18:49+02:00
649e8eead0f3a9cf7f96fc7d7918881a,False,True,6,6,False,False,False,0,a_enseigne,0782540M,lycee,Versailles,Mantes-la-Jolie,Lycée polyvalent Jean Rostand,2025-06-04 11:19:48+02:00
95ccf319650b29f8f51744f5494b1857,False,False,0,0,False,True,False,0,stagiaire_seul,,inconnu,,,,2025-03-27 14:38:54+01:00
bce8cad7949fc4fbc98789c5303a7a3c,False,True,15,15,True,False,False,0,a_enseigne,0601863Z,lycee,Amiens,Compiègne,Lycée polyvalent Charles de Gaulle - Lycée des métiers de la restauration et du tourisme,2025-03-18 16:53:32+01:00
e3ef2b524cfa843793c65a40aa06572a,False,False,0,0,False,True,False,0,stagiaire_seul,0596716E,college,Lille,Dunkerque,Collège Arthur Van Hecke,2025-06-06 15:48:20+02:00
bce1ab918fab6b55fabab68566993ba9,False,False,0,0,False,True,False,0,stagiaire_seul,0590073J,lycee,Lille,Dunkerque,Lycée général et technologique Auguste Angellier,2024-12-14 19:03:26+01:00
622df5568f5d7fdc179484f869cb96c0,False,True,49,54,True,False,False,0,a_enseigne,0624141P,lycee,Lille,Calais,Lycée polyvalent Léonard de Vinci,2025-03-06 17:17:18+01:00
0fe5083a6943b00670273ae31aa1bbb4,False,True,3,5,True,False,False,0,a_enseigne,0590102R,lycee,Lille,Hazebrouck,Lycée Professionnel des Monts de Flandre,2026-06-02 18:09:34+02:00
1f8a6ace66e1b85b1407d908cd6798b1,False,True,20,20,True,False,False,0,a_enseigne,0120006S,lycee,Toulouse,Decazeville,Lycée polyvalent La Découverte,2026-06-03 09:05:27+02:00
ce9ec1ea7b114fdb8266df211f4e2aeb,False,True,1,2,False,False,False,0,a_enseigne,0782568T,lycee,Versailles,Le Vésinet,Lycée général et technologique Alain,2025-03-11 11:26:31+01:00
6d2dd4b1cabc4411d7434e8ea13ed9a3,False,False,0,0,False,True,False,0,stagiaire_seul,0595712N,college,Lille,Grand-Fort-Philippe,Collège Jean Monnet,2025-06-06 14:26:49+02:00
4315efa1aa0019ace404a1221a1da16a,False,False,0,0,False,True,False,0,stagiaire_seul,0594636U,college,Lille,Bailleul,Collège Maxime Deyts,2025-06-06 14:30:28+02:00
b76f966aceb7f0ff4e1e86f4c58b0393,False,True,20,20,True,False,False,0,a_enseigne,0281047L,lycee,Orléans-Tours,Chartres,Lycée général et technologique Fulbert,2025-09-26 10:40:08+02:00
96674c9426c98f7b0b8610566df41c9c,False,True,4,4,True,False,False,0,a_enseigne,,inconnu,,,,2026-01-13 07:39:50+01:00
f29ef2306686ee8d37dc64cd2be35a82,False,True,33,37,True,False,False,0,a_enseigne,0590110Z,lycee,Lille,Lambersart,Lycée général et technologique Jean Perrin,2024-04-03 22:12:13+02:00
42a60de17520e7c2b7069c8b88e1b146,False,True,9,14,False,False,False,0,a_enseigne,,inconnu,,,,2026-06-02 21:04:28+02:00
04aebe49ea61622e8375e0da7553a678,False,False,0,0,False,True,False,0,stagiaire_seul,0593664M,college,Lille,Dunkerque,Collège Lucie Aubrac,2025-06-06 15:49:28+02:00
91fec4fb5493a828b4cdd2f0406423d8,False,True,3,3,False,False,False,0,a_enseigne,0271582Y,lycee,Normandie,Val-de-Reuil,Lycée général et technologique Marc Bloch,2026-06-02 14:18:17+02:00
cd57d5a3e45814d8ac433ead989c17d2,False,True,19,19,True,False,False,0,a_enseigne,0300950V,lycee,Montpellier,Bagnols-sur-Cèze,Lycée polyvalent Albert Einstein,2025-06-02 10:35:47+02:00
846f87c3be78ef2dbb46bad3d6ec911f,False,True,14,14,True,False,False,1,a_enseigne,0750796H,lycee,Paris,Paris 16e  Arrondissement,Lycée Professionnel Octave Feuilet,2026-04-09 14:08:16+02:00
02c9aaa85c90be06dc2e1a1effe79e73,False,True,22,39,True,False,False,0,a_enseigne,0680010S,lycee,Strasbourg,Colmar,Lycée polyvalent Blaise Pascal,2025-06-03 08:59:28+02:00
ccd8acfb4d0131f6d8bf8e99f77481f0,False,True,16,16,True,False,False,0,a_enseigne,0620140R,lycee,Lille,Montreuil-sur-Mer,Lycée polyvalent Eugène Woillez,2026-02-12 20:28:25+01:00
7d10577660e3d926850a11d55a9f0999,False,True,36,36,False,False,False,0,a_enseigne,0930124E,lycee,Créteil,Pantin,Lycée général et technologique Marcelin Berthelot,2025-03-31 14:14:25+02:00
29f7a90124f832acaf3ca336af529976,False,True,15,15,False,False,False,0,a_enseigne,X,inconnu,,,,2025-04-23 09:46:11+02:00
3e8b38f9f35b26628b5c56b08db4f4fc,False,False,0,0,False,True,False,0,stagiaire_seul,,inconnu,,,,2025-03-20 06:35:47+01:00
5038d2a7dfc8e79a1cbbfca8d55dd3c9,False,False,0,0,False,True,False,0,stagiaire_seul,0230051F,lycee,Limoges,Guéret,Lycée polyvalent Jean Favard,2025-12-08 13:06:55+01:00
36d5ccbb462bff5a8123a8635a2c3e60,False,False,0,0,False,True,False,0,stagiaire_seul,,inconnu,,,,2025-03-27 14:34:09+01:00
3c045c78a60754db71b841fcdcffec22,False,True,31,31,False,False,False,0,a_enseigne,0331668J,lycee,Bordeaux,Mérignac,Lycée professionnel Marcel Dassault,2024-04-11 14:27:43+02:00
32c9988a867eacb1a3fa9df4b436912d,False,False,0,0,False,True,False,0,stagiaire_seul,2260001Y,inconnu,,,,2025-12-12 02:47:27+01:00
b02a87f68dc6474f2fccde7bc7b1e163,False,True,40,92,True,False,False,0,a_enseigne,0590117G,lycee,Lille,Lille,Lycée général et technologique Louis Pasteur,2024-03-18 17:19:43+01:00
39ec84a99221f244f1eb7e01c2231d38,False,False,0,0,True,False,False,0,testeur_distributeur,0340002T,lycee,Montpellier,Agde,Lycée polyvalent Auguste Loubatières,2026-03-24 11:07:21+01:00
9be18fe25419e34051ef4cde14df65da,False,True,41,41,False,False,False,0,a_enseigne,0596925G,lycee,Lille,Genech,Lycée polyvalent Charlotte Perriand,2024-11-12 15:27:32+01:00
7b0405f4aa84b29d7ba07a28aceeddb0,False,True,1,1,False,False,False,0,a_enseigne,,inconnu,,,,2026-01-30 18:22:18+01:00
942bffb8f6e343ceac46c474bb26f5e8,False,False,0,0,False,True,False,0,stagiaire_seul,0910755B,lycee,Versailles,Draveil,Lycée polyvalent Nadar,2026-06-16 10:18:15+02:00
30d0ba9b8cdcf581b16c5722a2ae0c7a,False,False,0,0,True,False,False,0,testeur_distributeur,0352760K,college,Rennes,La Mézière,Collège Germaine Tillion,2026-01-15 11:32:27+01:00
347006622613c74df40aaf3696407b02,False,False,0,0,False,True,False,0,stagiaire_seul,0831616F,lycee,Nice,Toulon,Lycée polyvalent Rouvière - Suzanne Lefort Rouquette,2025-05-18 21:27:38+02:00
52955071dc948cc656af3f3fe251366e,False,True,15,15,True,False,False,0,a_enseigne,0660004W,lycee,Montpellier,Céret,"Lycée polyvalent Déodat de Séverac - Lycée des métiers du transport, de la logistique et des gestions associées",2026-04-14 00:44:44+02:00
a078e37dd3e9c9a964f296ad06757af3,False,False,0,0,True,False,False,0,testeur_distributeur,0750676C,lycee,Paris,Paris 11e  Arrondissement,Lycée polyvalent Caroline Dorian,2025-03-25 18:29:20+01:00
d23b028ed93a2bd3f92ca0f5ba5c9f62,False,True,6,6,False,False,False,1,a_enseigne,0590198V,lycee,Lille,Dunkerque,Lycée professionnel Georges Guynemer,2026-03-19 23:27:46+01:00
5c2d81d21f5630b364abbd6331bfbf97,False,False,0,0,False,True,False,0,stagiaire_seul,,inconnu,,,,2025-03-20 06:35:46+01:00
d26d90b49a65db8bc35249f768d4d679,False,False,0,0,False,True,False,0,stagiaire_seul,1340005C,inconnu,,,,2026-01-12 12:16:27+01:00
1538e5f61c16a2ad55b7e7709ff2acee,False,True,99,100,False,False,False,0,a_enseigne,,inconnu,,,,2024-05-14 11:19:23+02:00
e0535f2571c9e8b32495934950f92d23,False,True,50,59,False,False,False,0,a_enseigne,0250010A,lycee,Besançon,Besançon,Lycée général et technologique Louis Pergaud,2024-05-21 08:01:38+02:00
36672a3f8febb14d9ce8fde7d994e16c,False,True,67,87,False,False,False,0,a_enseigne,,inconnu,,,,2024-05-13 11:16:13+02:00
d9909824688daaad46d441eefd81eb38,False,False,0,0,False,True,False,0,stagiaire_seul,0750796H,lycee,Paris,Paris 16e  Arrondissement,Lycée Professionnel Octave Feuilet,2026-04-14 13:52:22+02:00
1d9157e2c4e54d100146c92335ef200f,False,False,0,0,False,True,False,0,stagiaire_seul,2430002F,inconnu,,,,2026-01-22 03:42:59+01:00
946595fee8d19205cf453f7c1d190422,False,False,0,0,False,True,False,0,stagiaire_seul,2430002G,inconnu,,,,2026-01-22 03:49:17+01:00
4ecbc1717f6aaf50fc526774b67f8b7f,False,True,16,16,False,False,False,0,a_enseigne,0781949V,lycee,Versailles,Guyancourt,Lycée général et technologique de Villaroy,2026-06-01 12:24:26+02:00
22fb0cee7e1f3bde58293de743871417,False,True,48,56,False,False,False,0,a_enseigne,0931584S,lycee,Créteil,Villepinte,Lycée polyvalent Jean Rostand,2025-03-07 15:49:10+01:00
c9acad9f55d42197687c1ca0b9968ecc,False,True,68,78,True,False,True,3,a_enseigne,,inconnu,,,,2024-04-02 12:20:28+02:00
bf0c74c12d97b92464c2618fe319da71,False,True,27,27,False,False,False,0,a_enseigne,0601826J,lycee,Amiens,Senlis,Lycée général et technologique Hugues Capet,2026-03-25 11:20:19+01:00
7de0d59479e6e5ee1d6fa85b27e7a631,False,False,0,0,False,True,False,0,stagiaire_seul,0594642A,college,Lille,Hondschoote,Collège Lamartine,2025-06-06 15:48:39+02:00
0dd1b538cf398464d741fed6a6b29699,False,True,22,22,False,True,False,0,a_enseigne,,inconnu,,,,2025-03-20 06:36:12+01:00
4b32341470dd4b83b1e9a1ed5d4d0558,False,True,4,4,False,False,False,0,a_enseigne,0930122C,lycee,Créteil,Montreuil,Lycée général et technologique Condorcet,2026-06-08 15:15:57+02:00
9ffd63e2a1045c79f76f414ba1b78fce,False,True,12,12,True,False,False,0,a_enseigne,0492430A,lycee,Nantes,Beaupréau-en-Mauges,Lycée polyvalent Julien Gracq,2026-01-15 21:10:47+01:00
670bbddf1a2e0e40399a68d71c83a896,False,True,4,5,False,False,True,3,a_enseigne,0640228A,college,Bordeaux,Hendaye,Collège Irandatz,2025-11-25 23:58:32+01:00
39ebcce8a4636d59e19eec5161f6faeb,False,False,0,0,True,False,False,0,testeur_distributeur,0342066L,lycee,Montpellier,Saint-Clément-de-Rivière,Lycée polyvalent Jean Jaurès,2024-06-11 11:15:28+02:00
86bce963ab4b0fd3f16832a5e2bb6039,False,True,45,45,False,False,False,0,a_enseigne,0750693W,lycee,Paris,Paris 15e  Arrondissement,Lycée général et technologie Buffon,2026-04-13 13:59:56+02:00
bada95ab02ed2a61d4601f4db6ba9fcf,False,True,14,14,False,False,False,0,a_enseigne,0600002B,lycee,Amiens,Beauvais,Lycée polyvalent Paul Langevin - Lycée des métiers de l'industrie et du génie civil,2025-04-25 08:42:01+02:00
182bc51b01775345a1f3876e7aa73651,False,True,20,21,False,False,False,0,a_enseigne,0772243V,lycee,Créteil,Pontault-Combault,Lycée général et technologique Camille Claudel,2025-05-26 08:33:20+02:00
1bf15a6280eba4a71c90e766bdc581ed,False,True,4,4,True,False,False,0,a_enseigne,0311323V,lycee,Toulouse,Toulouse,Lycée général et technologique Joséphine Baker,2025-05-20 11:39:46+02:00
e5d0eabb8493cc7dedcb15e71f95f898,False,False,0,0,False,True,False,0,stagiaire_seul,2360003W,inconnu,,,,2026-01-22 03:42:20+01:00
6e6dcb21eb626f7fb6eb82eadd5d7b20,False,False,0,0,True,False,False,0,testeur_distributeur,0300052U,lycee,Montpellier,Le Vigan,Lycée polyvalent André Chamson,2026-04-09 11:13:29+02:00
98dca60b21e9d2f6d1dc6e905823503d,False,False,0,0,False,True,False,0,stagiaire_seul,0750664P,lycee,Paris,Paris  8e  Arrondissement,Lycée général et technologique Racine,2026-01-07 09:12:15+01:00
3351eb099ecbbe6c28d25bb44ff4c619,False,True,14,14,False,False,False,0,a_enseigne,0590011S,lycee,Lille,Armentières,Lycée polyvalent Gustave Eiffel - Lycée des métiers,2024-12-11 12:16:25+01:00
d662ebf3885b3463ae06c3f44e77b073,False,True,23,38,True,False,False,0,a_enseigne,0752248L,college,Paris,Paris  2e  Arrondissement,Collège César Franck,2026-05-28 10:56:10+02:00
b89335a03ea138105ec156283f3a4b3e,False,True,140,152,False,False,False,0,a_enseigne,0333273D,lycee,Bordeaux,Bègles,Lycée polyvalent Vaclav Havel,2026-03-09 08:45:42+01:00
10f4fa98de17881fe2afa20252bdebb3,False,False,0,0,False,True,False,0,stagiaire_seul,0592713D,college,Lille,Dunkerque,Collège Guilleminot,2025-06-06 14:26:41+02:00
132c6db42444cea930590260401c5455,False,True,19,19,True,False,False,0,a_enseigne,0592921E,lycee,Lille,Roubaix,Lycée général et technologique privé Saint Rémi,2026-01-08 15:03:17+01:00
3e6551cc63c73882e4e957fc59ac2eb4,False,True,96,160,False,False,False,0,a_enseigne,0596925G,lycee,Lille,Genech,Lycée polyvalent Charlotte Perriand,2024-12-18 14:29:31+01:00
60c4650a8c0134ac1d2d51eeda29a133,False,True,38,38,False,False,False,0,a_enseigne,0620006V,lycee,Lille,Arras,Lycée général et technologique Robespierre,2026-05-18 11:17:49+02:00
e03c8df3a75e77868b2a9ef927f92310,False,False,0,0,False,True,False,0,stagiaire_seul,0594643B,college,Lille,Wormhout,Collège du Houtland,2025-06-06 15:48:27+02:00
ded46950683c15fcd646548d06201ee6,False,True,55,56,False,True,False,0,a_enseigne,,inconnu,,,,2025-03-20 06:39:15+01:00
3ff6075d8b467b01b49bbc0b8fd9b598,False,True,1,1,False,False,False,0,a_enseigne,0911632E,lycee,Versailles,Arpajon,Lycée général et technologique René Cassin,2026-05-26 12:05:11+02:00
9d0255caaf46279669aa6058972f18a5,False,True,33,33,False,False,False,0,a_enseigne,0600013N,lycee,Amiens,Clermont,Lycée général et technologique Cassini,2025-06-05 12:38:13+02:00
a81ebd75104fcf5e8ba0c45f3fa16ea6,False,False,0,0,True,False,False,0,testeur_distributeur,,inconnu,,,,2025-01-30 14:24:34+01:00
c0f83d11c5318938a003c0a00dcded64,False,True,63,87,True,False,False,0,a_enseigne,0590117G,lycee,Lille,Lille,Lycée général et technologique Louis Pasteur,2024-12-13 15:17:52+01:00
3994da5ede56c49e2c4d73dd073669d6,False,False,0,0,False,True,False,0,stagiaire_seul,2430001F,inconnu,,,,2025-12-12 02:47:35+01:00
d87afe9255e2939a43e3db2b81546c1c,False,True,1,1,False,False,False,0,a_enseigne,,inconnu,,,,2025-03-09 17:58:48+01:00
f146ceb95a087eb597a1168f684eeedd,False,False,0,0,False,True,False,0,stagiaire_seul,,inconnu,,,,2025-03-25 13:37:09+01:00
f9c2b67cd1f439e5e9bf6d90f54e5a66,False,False,0,0,False,True,False,0,stagiaire_seul,2050024M,inconnu,,,,2025-04-30 09:17:10+02:00
f6df661b99086e12eaa506c089cfd0a9,False,True,1,1,False,False,True,5,a_enseigne,,inconnu,,,,2025-02-28 13:06:51+01:00
fc342dcbe7c62c96bf3dc89d02c7c15f,False,True,1,1,False,False,False,0,a_enseigne,,inconnu,,,,2025-01-27 09:55:07+01:00
1d3066af6e7e3abefb481f89651e3b42,False,True,25,28,True,False,False,0,a_enseigne,0951723G,lycee,Versailles,Herblay-sur-Seine,Lycée général et technologique Montesquieu,2024-04-04 08:39:17+02:00
dda7f8a11c77e5656e16d46e381925d6,False,True,40,40,True,False,True,37,a_enseigne,0590101P,lycee,Lille,Hazebrouck,Lycée général et technologique des Flandres,2025-02-24 15:22:19+01:00
b4944963b5c83d545c3d3022bcf03282,False,False,0,0,True,False,False,0,testeur_distributeur,0750663N,lycee,Paris,Paris  8e  Arrondissement,Lycée général et technologique Chaptal,2026-01-22 17:28:55+01:00
626b685eacc96608ab42c0bf92839023,False,False,0,0,False,True,False,0,stagiaire_seul,,inconnu,,,,2025-03-27 14:57:47+01:00
c676d07a5d5e925d79a243db611deaf8,False,True,10,10,False,False,False,0,a_enseigne,0590121L,lycee,Lille,Lille,Lycée général et technologique César Baggio,2025-06-03 11:12:39+02:00
4cfacc6db5413bd2b592e2a4b928b343,False,True,4,4,False,False,False,0,a_enseigne,0382920T,lycee,Grenoble,Echirolles,Lycée général et technologique Marie Curie,2025-04-11 10:26:39+02:00
736414c09b23eb231830bd6d57c22640,False,True,15,15,True,False,False,0,a_enseigne,0623915U,lycee,Lille,Wingles,Lycée général et technologique Voltaire,2026-04-03 09:26:08+02:00
00eaf1daaab412c75c988622c4ab7aae,False,True,1,1,False,False,False,0,a_enseigne,9840004G,inconnu,,,,2025-05-17 02:11:48+02:00
32ee09566baa3a4970fecc1eb761a969,False,True,35,35,False,False,False,0,a_enseigne,0100022V,lycee,Reims,Troyes,Lycée général et technologique Chrestien de Troyes,2026-06-05 12:10:36+02:00
1833ac47b85928f3b36d2676ca9df03a,False,False,0,0,False,True,False,0,stagiaire_seul,0380083J,lycee,Grenoble,Vienne,Lycée polyvalent Galilée - Lycée des métiers de la chimie et des process industriels,2024-09-08 22:35:29+02:00
d7c56ea0a6654699a417c9cfd378a021,False,True,3,3,True,False,False,0,a_enseigne,0641941M,college,Bordeaux,Ciboure,Collège privé Piarres Larzabal,2025-10-14 00:29:45+02:00
eeddd750a15094e4e1def01bde34113a,False,False,0,0,False,True,False,0,stagiaire_seul,,inconnu,,,,2024-07-04 11:28:33+02:00
04dc2465b3bbab81b1f0ff1cc9a75f05,False,False,0,0,True,False,False,0,testeur_distributeur,,inconnu,,,,2025-05-21 10:47:24+02:00
554d75c419cdb321898f5581bacdb369,False,False,0,0,False,True,False,0,stagiaire_seul,2160011N,inconnu,,,,2026-01-21 02:20:42+01:00
a0f97ba8a8bdcddd9045d634cf32964b,False,False,0,0,False,True,False,0,stagiaire_seul,0760093N,lycee,Normandie,Rouen,Lycée général Camille Saint-Saëns,2026-01-22 13:36:30+01:00
c889bcb4e99bfda79a65e9297cc3df3f,False,False,0,0,False,True,False,0,stagiaire_seul,3510023T,inconnu,,,,2025-05-13 12:34:51+02:00
46b3cc72464e4a733e126d74e483b44a,False,True,3,4,False,False,False,1,a_enseigne,0590102R,lycee,Lille,Hazebrouck,Lycée Professionnel des Monts de Flandre,2026-02-11 16:13:11+01:00
b6c1c84e84eccb4db6f978ceb72a95dc,False,True,26,26,True,False,False,0,a_enseigne,0624141P,lycee,Lille,Calais,Lycée polyvalent Léonard de Vinci,2026-03-02 17:02:06+01:00
8eba019be3a3b15bb31ae2931d753559,False,False,0,0,False,True,False,0,stagiaire_seul,,inconnu,,,,2025-05-13 12:23:53+02:00
77a1a54171b9c4acc5964f062b7520c6,False,True,7,7,False,False,False,0,a_enseigne,0420008F,lycee,Lyon,Charlieu,Lycée polyvalent Jérémie de la Rue,2026-05-06 08:06:26+02:00
6331ea7b5d7f2ae261ad35bc0a2495a9,False,False,0,0,False,True,False,0,stagiaire_seul,2390001C,inconnu,,,,2025-12-12 02:47:27+01:00
8276e9788084b65d10841904193781bc,False,True,41,41,False,False,False,0,a_enseigne,0830025B,lycee,Nice,Hyères,Lycée général et technologique Jean Aicard,2026-05-05 13:09:51+02:00
cc384c68ad503482fb24e6d1e3b512ae,False,True,95,95,False,False,False,0,a_enseigne,0951788C,lycee,Versailles,Domont,Lycée polyvalent George Sand,2026-02-05 16:16:58+01:00
0f6db6974bb614e2a0c77b82fea2fce5,False,False,0,0,False,True,False,0,stagiaire_seul,0942532S,college,Créteil,Ivry-sur-Seine,Collège Gisèle Halimi,2026-01-21 10:03:39+01:00
92ebca97dbd0b5c46df1d9a61b690f50,False,False,0,0,False,True,False,0,stagiaire_seul,0640137B,lycee,Bordeaux,Ustaritz,Lycée général et technologique privé Saint Joseph,2025-11-27 14:11:57+01:00
c8e3306cc34d54b905f4cfdc9345c896,False,False,0,0,False,True,False,0,stagiaire_seul,0441552Y,lycee,Nantes,Nantes,Lycée Polyvalent les Bourdonnières,2026-05-21 08:22:32+02:00
abba6fc3cee14b26ebcfe34fc793b7d4,False,False,0,0,True,False,False,0,testeur_distributeur,0910626L,lycee,Versailles,Orsay,Lycée général et technologique Blaise Pascal,2026-05-19 17:04:26+02:00
67251c7680f8a857385aa0f1e48d5c1c,False,False,0,0,False,True,False,0,stagiaire_seul,,inconnu,,,,2026-01-12 12:12:43+01:00
63976c701b8a20b63c1158cc922d4749,False,True,3,5,False,False,False,0,a_enseigne,,inconnu,,,,2025-06-06 14:36:00+02:00
804fbcc4cdfe8246bf16a02ace3deb45,False,True,28,28,False,False,False,0,a_enseigne,0780422K,lycee,Versailles,Les Mureaux,Lycée général et technologique François Villon,2025-04-01 14:13:24+02:00
84648810564d94acf7686e085bebf4a6,False,True,47,47,False,False,False,0,a_enseigne,,inconnu,,,,2025-04-28 09:08:32+02:00
ef65fa6cdfe08e6fb5195e016ced0c67,False,False,0,0,False,True,False,0,stagiaire_seul,0594541R,lycee,Lille,Loos,Etablissement Régional d'Enseignement Adapté Ignace Pleyel,2025-06-06 15:48:22+02:00
97ebc89b1c8e8fa811afd2f45b8e3e37,False,True,16,16,False,False,False,0,a_enseigne,0590110Z,lycee,Lille,Lambersart,Lycée général et technologique Jean Perrin,2025-03-17 13:20:10+01:00
b8e229a29ad312131bb5f802bf750d5e,False,True,6,6,False,False,False,0,a_enseigne,0951756T,lycee,Versailles,Cergy,Lycée polyvalent Jules Verne,2026-06-05 08:39:06+02:00
756b924a34ef03980e5bd878be4358be,False,True,26,26,False,False,False,0,a_enseigne,,inconnu,,,,2024-12-18 12:28:34+01:00
f25a020e56f66a06c3c0faa108357da9,False,False,0,0,False,True,False,0,stagiaire_seul,0590121L,lycee,Lille,Lille,Lycée général et technologique César Baggio,2024-06-13 11:29:02+02:00
22af142c9c8a2e8865994c4f93c953b3,False,True,18,20,False,False,False,0,a_enseigne,9840002E,lycee,Polynésie Française,Papeete,Lycée général Paul Gauguin,2026-06-03 23:11:47+02:00
db5aca914eefba0d9dc0904dea4faf12,False,True,13,13,False,False,False,0,a_enseigne,0600021X,lycee,Amiens,Creil,Lycée général et technologique Jules Uhry,2025-05-19 09:28:11+02:00
ba080c52f71892a0cacfcafb35357e54,False,False,0,0,False,True,False,0,stagiaire_seul,0594872A,college,Lille,Cassel,Collège Robert Le Frison,2025-06-06 14:34:01+02:00
469d8b185150cc309f2795730f7753b6,False,False,0,0,False,True,False,0,stagiaire_seul,,inconnu,,,,2025-03-27 14:36:43+01:00
ff3c1d265e3410e05c4df0265962579e,False,False,0,0,True,False,False,0,testeur_distributeur,0060014H,lycee,Nice,Cannes,Lycée général et technologique Jules Ferry,2026-02-27 11:00:38+01:00
1edef6389e8a99fb3341393de2c6a71b,False,False,0,0,True,False,False,0,testeur_distributeur,0342066L,lycee,Montpellier,Saint-Clément-de-Rivière,Lycée polyvalent Jean Jaurès,2026-06-05 16:54:09+02:00
e5291a40d7c0710c3b8834d173fcd55d,False,False,0,0,False,True,False,0,stagiaire_seul,1340005C,inconnu,,,,2026-01-12 12:16:57+01:00
8d4112ce0aabe7aeef422c136a222624,False,True,11,11,False,False,False,0,a_enseigne,0600002B,lycee,Amiens,Beauvais,Lycée polyvalent Paul Langevin - Lycée des métiers de l'industrie et du génie civil,2025-04-24 16:13:56+02:00
798dd1bf90b25f34daa181fec32e68da,False,False,0,0,True,False,False,0,testeur_distributeur,0301722J,lycee,Montpellier,Villeneuve-lès-Avignon,Lycée général et technologique Jean Vilar,2026-04-09 11:11:36+02:00
5e437cedcb4de562e154e090b42ae200,False,False,0,0,False,True,False,0,stagiaire_seul,,inconnu,,,,2024-05-05 21:55:21+02:00
bc3e6127ca2263a0a9375a2efab8dae4,False,True,31,31,False,False,False,0,a_enseigne,0750702F,lycee,Paris,Paris 16e  Arrondissement,Lycée général et technologique Jean de La Fontaine,2026-02-20 13:18:05+01:00
b60f0e1d285e178848eafac6ad46ed9d,False,False,0,0,False,True,False,0,stagiaire_seul,0596988A,college,Lille,Nieppe,Collège Jeanne de Constantinople,2025-06-06 15:48:25+02:00
435ad9b3729fb0ca87e1aeca02f48b5b,False,True,11,11,False,False,False,0,a_enseigne,0260015A,lycee,Grenoble,Montélimar,Lycée général et technologique Alain Borne,2026-01-05 15:38:35+01:00
ff70766a32de097eb45bcf2dbf3f36f8,False,True,4,4,True,False,False,0,a_enseigne,0320002D,lycee,Toulouse,Auch,Lycée général et technologique Pardailhan,2025-05-06 20:29:17+02:00
24943dcfb30de46ae3f3b3d5cf0082ef,False,False,0,0,True,False,False,0,testeur_distributeur,,inconnu,,,,2025-05-14 21:37:10+02:00
e96d3308ef8ee6e1747d18ca1837552f,False,False,0,0,False,True,False,0,stagiaire_seul,0593182N,college,Lille,Coudekerque-Branche,Collège Jules Ferry,2025-06-06 14:26:08+02:00
65a31da7ede4dc9b03fb5bbf8f442ce9,False,True,28,28,False,False,False,0,a_enseigne,0750693W,lycee,Paris,Paris 15e  Arrondissement,Lycée général et technologie Buffon,2026-06-01 14:05:57+02:00
d14c79289f9ee4a58973451c21a0a192,False,True,8,8,True,False,False,0,a_enseigne,,inconnu,,,,2026-05-20 08:39:57+02:00
a182f150f81477584356f4f39e5aa632,False,False,0,0,False,True,False,0,stagiaire_seul,0593666P,college,Lille,Dunkerque,Collège Gaspard Malo,2025-06-06 14:26:36+02:00
45645a27c4f1adc8a7a835976064a86d,False,True,9,9,True,False,False,0,a_enseigne,0750673Z,lycee,Paris,Paris 10e  Arrondissement,Lycée général Colbert,2025-03-13 16:02:35+01:00
72503e003be904c7899843ca7b4db9f7,False,True,6,6,True,False,False,0,a_enseigne,0890005X,lycee,Dijon,Auxerre,Lycée polyvalent Fourier Saint-Germain,2026-02-05 16:22:59+01:00
6843d0d94881e93f27870db20f1dc06f,False,False,0,0,True,False,False,0,testeur_distributeur,0752182P,inconnu,,,,2026-04-13 11:55:06+02:00
d81105d3336ff9350b9ddc72266f4764,False,True,17,34,True,False,False,0,a_enseigne,9840002E,lycee,Polynésie Française,Papeete,Lycée général Paul Gauguin,2025-06-04 00:26:23+02:00
a3b05e635d3d0fb869ea0e01ba3edfb3,False,False,0,0,False,True,False,0,stagiaire_seul,0593234V,college,Lille,Annoeullin,Collège Albert Ball,2025-06-06 14:28:18+02:00
8c3f40687b40b55ff02312408d2c4429,False,True,84,84,True,False,False,2,a_enseigne,0230051F,lycee,Limoges,Guéret,Lycée polyvalent Jean Favard,2026-05-26 08:00:39+02:00
c7350bdccb412fa43d5b7e96129a268a,False,True,32,50,True,False,False,1,a_enseigne,0140014P,lycee,Normandie,Caen,Lycée général et technologique Augustin Fresnel,2025-01-13 15:21:32+01:00
784d0ea957f787b61c8256ee38c643cc,False,True,19,21,False,False,False,0,a_enseigne,0421788R,lycee,Lyon,Feurs,Lycée général et technologique du Forez,2026-02-04 11:38:00+01:00
cde8e077ff82f93b0b14d326154cfc70,False,True,5,7,False,False,False,0,a_enseigne,0590223X,lycee,Lille,Valenciennes,Lycée général et technologique du Hainaut,2026-02-06 08:25:06+01:00
77ae623f0b8b9a646cce047815f871ee,False,True,30,30,False,False,False,0,a_enseigne,9840024D,lycee,Polynésie Française,Bora-bora,LYCEE POLYVALENT Ihi-tea no Vavau,2025-06-03 00:21:26+02:00
46f790b593685a0b04b84e5e464dd84e,False,True,14,14,True,False,False,0,a_enseigne,0300950V,lycee,Montpellier,Bagnols-sur-Cèze,Lycée polyvalent Albert Einstein,2025-05-26 14:36:05+02:00
3daf1cb60269f3342dc2bd434172b7cc,False,False,0,0,False,True,False,0,stagiaire_seul,0750662M,lycee,Paris,Paris  7e  Arrondissement,Lycée général Victor Duruy,2025-11-29 23:05:05+01:00
fff8891e6ef175cc4499750afcbc1187,False,True,4,4,False,False,False,0,a_enseigne,0312746S,lycee,Toulouse,Tournefeuille,Lycee polyvalent Marie Louise Dissard Françoise,2026-06-04 14:31:38+02:00
df7f739ca5db6f6c5b54756c199cae38,False,False,0,0,False,True,False,0,stagiaire_seul,,inconnu,,,,2025-03-27 14:44:55+01:00
5efcec4fb4fc78f6088696af8a29eae5,False,False,0,0,False,True,False,0,stagiaire_seul,2430001F,inconnu,,,,2025-12-12 02:48:21+01:00
54ed85e7af8edc78637654cb4a89040e,False,True,12,12,False,False,False,0,a_enseigne,0080804F,lycee,Reims,Rethel,"Lycée d'enseignement général, technologique et professionnel agricole de Rethel",2024-05-30 09:19:40+02:00
88fe44df417bf91a4ad6be107418269c,False,True,15,15,True,False,False,0,a_enseigne,0771512A,lycee,Créteil,Lagny-sur-Marne,Lycée général et technologique Van Dongen,2026-06-01 10:13:31+02:00
e5d7f521e55ad5eabefd08a0fb67c1df,False,False,0,0,False,True,False,0,stagiaire_seul,3510003W,inconnu,,,,2025-05-13 12:23:26+02:00
2d9371d5ebc9e504ee656f0180460e71,False,True,18,18,True,False,False,0,a_enseigne,0950650R,lycee,Versailles,Sarcelles,Lycée polyvalent Jean-Jacques Rousseau,2025-12-11 08:13:41+01:00
ca7e3ee845914dc2c1d6aec2566f0120,False,True,14,14,True,False,False,0,a_enseigne,0920136Y,lycee,Versailles,Clichy,Lycée polyvalent Newton-Enrea,2026-03-30 20:40:53+02:00
1909aa48cb38d36f1cfe9737e07871c1,False,True,79,109,False,False,False,0,a_enseigne,0624141P,lycee,Lille,Calais,Lycée polyvalent Léonard de Vinci,2025-02-26 10:18:41+01:00
0e4e946668cf2afc4299b462b812caca,False,False,0,0,True,False,False,1,testeur_distributeur,0930834B,lycee,Créteil,Aulnay-sous-Bois,Lycée général et technologique Voillaume,2024-03-07 12:27:18+01:00
148cc2b5746600f41b4f520c6a985552,False,True,28,28,False,False,False,0,a_enseigne,0332745E,lycee,Bordeaux,Blanquefort,Lycée général Jean Monnet,2026-06-02 10:19:32+02:00
fb754ee419ac75e576008dd64bd5ec0b,False,True,30,30,True,False,False,0,a_enseigne,0590119J,lycee,Lille,Lille,Lycée général et technologique Faidherbe,2026-04-07 13:14:28+02:00
73e353a345caabdf1e9c46ec7b7edcfe,False,True,23,23,False,False,False,0,a_enseigne,0922801V,lycee,Versailles,Boulogne-Billancourt,Lycée général et technologique Simone Veil,2026-05-27 15:04:47+02:00
28ebb10e3163d21732ba1f99e4406aee,False,False,0,0,False,True,False,0,stagiaire_seul,,inconnu,,,,2025-05-13 12:58:41+02:00
67362f4a3f77bc784b3cbecc5793bb58,False,False,0,0,False,True,False,0,stagiaire_seul,0595757M,college,Lille,Estaires,Collège Henri Durez,2025-06-06 14:26:13+02:00
6a7fb43bc9b72bd83e48398549015b2f,False,False,0,0,False,True,False,0,stagiaire_seul,0141687H,lycee,Normandie,Mondeville,"Lycée polyvalent Jules Verne - Lycée des métiers de l'automobile, de l'industrie et du numérique",2025-01-13 15:21:32+01:00
15ad99b0974a63406f1a25b8b0dea039,False,False,0,0,False,True,False,0,stagiaire_seul,0590090C,college,Lille,Gravelines,Collège Pierre et Marie Curie,2025-06-06 15:48:06+02:00
fccc25a88d51312fafa2c0f9f366b4b2,False,True,31,56,True,True,False,0,a_enseigne,,inconnu,,,,2025-10-16 09:16:23+02:00
da6e4471c42deb7d5aff6a681aede3d4,False,True,1,1,False,False,False,0,a_enseigne,0930119Z,lycee,Créteil,Drancy,Lycée polyvalent Eugène Delacroix,2026-05-08 11:15:25+02:00
26a1afd48eecd611e0c0d8cd0e62a665,False,True,50,76,False,False,False,0,a_enseigne,0110023R,lycee,Montpellier,Narbonne,Lycée polyvalent Louise Michel,2026-03-10 10:13:54+01:00
15e0a8c9ea08745de200ebb1a4518a8d,False,True,32,58,True,False,False,0,a_enseigne,0590117G,lycee,Lille,Lille,Lycée général et technologique Louis Pasteur,2026-01-06 20:20:44+01:00
0e9876d7b75e0b1d87ed2657d3a337d0,False,True,11,11,False,False,False,0,a_enseigne,0930120A,lycee,Créteil,Epinay-sur-Seine,Lycée général et technologique Jacques Feyder,2026-03-16 08:23:52+01:00
6c3759c1580e6771fe9564abed273794,False,True,28,28,False,False,False,0,a_enseigne,0350710G,lycee,Rennes,Rennes,Lycée général François-René de Chateaubriand,2026-06-05 16:25:02+02:00
b6622e4ef1a8d811316fe50fd2975faf,False,False,0,0,True,False,False,0,testeur_distributeur,0340002T,lycee,Montpellier,Agde,Lycée polyvalent Auguste Loubatières,2026-03-24 11:06:58+01:00
912c3958f7545cc891334c5f671c7555,False,True,60,60,True,False,False,0,a_enseigne,0911913K,lycee,Versailles,Gif-sur-Yvette,Lycée général et technologique Vallée de Chevreuse,2026-01-13 12:03:04+01:00
4aff5794542260176254ff25a1749fec,False,True,1,1,False,False,False,0,a_enseigne,,inconnu,,,,2025-04-18 03:25:23+02:00
6a51f09c189d23fe518ac442529959a3,False,False,0,0,False,True,False,0,stagiaire_seul,0593244F,college,Lille,Comines,Collège Philippe de Commynes,2025-06-06 14:26:36+02:00
11b8c4b83257767db88f44c539e0ae0c,False,False,0,0,True,False,False,0,testeur_distributeur,0791062A,lycee,Poitiers,Niort,Lycée général et technologique Venise Verte,2026-02-12 19:19:41+01:00
c29b3351dd8939fe3563dda4aff051de,False,True,5,5,False,False,False,0,a_enseigne,0940742W,lycee,Créteil,Limeil-Brévannes,Lycée polyvalent Guillaume Budé,2024-05-31 12:32:52+02:00
5e6d0d5ea179521f3cf5107e0a1746cb,False,True,16,16,False,False,False,0,a_enseigne,0100022V,lycee,Reims,Troyes,Lycée général et technologique Chrestien de Troyes,2026-04-03 15:53:08+02:00
28e7ea27a0a0229d3c989cc9e43b5345,False,False,0,0,False,True,False,0,stagiaire_seul,1340005C,inconnu,,,,2026-01-12 12:16:16+01:00
027df32ce8bd784769db8ae95145057d,False,False,0,0,False,True,False,0,stagiaire_seul,1340008F,inconnu,,,,2026-01-12 12:13:03+01:00
b2f7dd3a6bfa0378f3827b7d7c4f0049,False,True,29,29,False,False,False,0,a_enseigne,0400933X,lycee,Bordeaux,Saint-Vincent-de-Tyrosse,Lycée général Sud des Landes,2026-06-04 08:30:43+02:00
daa49bfe20f89a9d4df95ac9fc98b607,False,True,2,2,False,False,False,0,a_enseigne,0920137Z,lycee,Versailles,Colombes,Lycée général et technologique Guy de Maupassant,2026-05-26 09:50:12+02:00
f1743d5ab31d43f05733b69c289ff986,False,True,5,5,False,False,False,0,a_enseigne,9840001D,lycee,Polynésie Française,Uturoa,LYCEE DE UTUROA,2026-06-03 00:46:51+02:00
a6c3c194825eca7051d5ad637170b388,False,True,20,20,True,True,False,0,a_enseigne,0590101P,lycee,Lille,Hazebrouck,Lycée général et technologique des Flandres,2025-02-02 19:01:54+01:00
ba4c8e71fd8b11744eb2fee5108cb249,False,False,0,0,False,True,False,0,stagiaire_seul,0590200X,college,Lille,Dunkerque,Collège Robespierre,2025-06-06 15:48:03+02:00
fa18eaf5388d3bbe92cff37d36112476,False,True,27,27,True,False,False,0,a_enseigne,0590093F,lycee,Lille,Haubourdin,Lycée polyvalent Beaupré - Lycée des Métiers de la Plasturgie,2026-05-20 21:09:34+02:00
c3fd7907dc594c388f475cb51562427c,False,True,24,24,True,False,False,0,a_enseigne,0140013N,lycee,Normandie,Caen,Lycée général et technologique Malherbe,2026-03-14 14:22:03+01:00
dc86e5c1b77c661891d91aeca52ad8b6,False,True,8,8,False,False,False,0,a_enseigne,0280021W,lycee,Orléans-Tours,Dreux,Lycée polyvalent Edouard Branly - Lycée des métiers des sciences et de l'industrie,2026-02-13 11:50:11+01:00
0d85c8bd57503b0348a767dd18b5a46e,False,True,14,14,False,False,False,1,a_enseigne,0781898P,lycee,Versailles,Poissy,Lycée général et technologique Charles de Gaulle,2026-05-12 12:38:37+02:00
f5d89c753c7d616b9af393f86dcebca1,False,True,2,2,True,False,False,0,a_enseigne,0771512A,lycee,Créteil,Lagny-sur-Marne,Lycée général et technologique Van Dongen,2025-04-11 08:53:48+02:00
170797c25ba7c2910484377bb8841364,False,False,0,0,False,True,False,0,stagiaire_seul,1340029D,inconnu,,,,2026-01-12 12:15:55+01:00
e2ffe6e3efad872631508762c767e73b,False,True,65,65,True,False,False,0,a_enseigne,0910626L,lycee,Versailles,Orsay,Lycée général et technologique Blaise Pascal,2025-06-03 10:59:13+02:00
e7a0f1b9a5fd5e102c24c47ab557324a,False,False,0,0,False,True,False,0,stagiaire_seul,,inconnu,,,,2026-01-21 02:15:45+01:00
1e81b5b2f61f0b1523b2d2511b1ed8f5,False,False,0,0,False,True,False,0,stagiaire_seul,,inconnu,,,,2026-01-22 03:46:27+01:00
de043a5e421240eb846da8effe472ff1,False,True,63,63,False,False,False,0,a_enseigne,0750655E,lycee,Paris,Paris  5e  Arrondissement,Lycée général et technologique publique Louis Le Grand,2025-04-09 08:07:40+02:00
27bb252835c176b5c571d7776772f484,False,False,0,0,False,True,False,0,stagiaire_seul,7200009X,lycee,Corse,Bastia,Lycée général et technologique Giocante de Casabianca Bastia,2026-05-27 23:28:25+02:00
f59b086222d6ac8b4783c3fbeb158f97,False,False,0,0,False,True,False,0,stagiaire_seul,0030026M,lycee,Clermont-Ferrand,Montluçon,Lycée polyvalent Paul Constans,2025-03-29 11:37:50+01:00
5bfc041036df9c2e1016c4909644f46c,False,False,0,0,False,True,False,0,stagiaire_seul,1340005C,inconnu,,,,2026-01-12 12:14:12+01:00
9b7f120b75e6cdb3a08eac5d9f7485df,False,True,22,30,True,False,False,0,a_enseigne,9840002E,lycee,Polynésie Française,Papeete,Lycée général Paul Gauguin,2025-06-03 20:17:14+02:00
0207581884e3e4cebd8cb2e89a432729,False,False,0,0,False,True,False,0,stagiaire_seul,0593663L,college,Lille,Dunkerque,Collège Jean Deconinck,2025-06-06 15:48:25+02:00
d52aa87b51b26dff75536aa5aa0160c4,False,True,49,49,False,False,False,0,a_enseigne,0624141P,lycee,Lille,Calais,Lycée polyvalent Léonard de Vinci,2026-03-13 13:55:50+01:00
c4f935221983798960fbc974964cf075,False,False,0,0,False,True,False,0,stagiaire_seul,X,inconnu,,,,2026-01-23 05:45:35+01:00
f3c1e199c60bd712bd13d0b112100a9c,False,True,12,21,False,False,False,0,a_enseigne,0921399W,lycee,Versailles,Montrouge,Lycée général et technologique Maurice Genevoix,2026-04-07 11:14:07+02:00
5dfd56a0c44534f99c96afe049e82638,False,True,15,15,True,False,False,0,a_enseigne,0492061Z,lycee,Nantes,Angers,Lycée général et technologique Auguste et Jean Renoir,2026-04-10 13:38:03+02:00
96c57931e3471e683d0c83471e4c5d33,False,True,1,1,False,False,False,0,a_enseigne,0622276M,lycee,Lille,Berck,Lycée polyvalent Jan Lavezzari,2026-03-09 08:48:27+01:00
6adf0c3eec0f83b817b1f618dbd7ad0f,False,False,0,0,False,True,False,0,stagiaire_seul,,inconnu,,,,2025-03-27 14:38:07+01:00
50a97c8ca62ccb2dc843ce12db408df5,False,False,0,0,False,True,False,0,stagiaire_seul,0230051F,lycee,Limoges,Guéret,Lycée polyvalent Jean Favard,2026-06-01 17:35:02+02:00
f7e9332fb03b257b57fcc83b6591edb2,False,True,55,55,False,False,False,0,a_enseigne,0770930T,lycee,Créteil,Meaux,Lycée général et technologique Henri Moissan,2026-02-16 15:41:28+01:00
21d2b953f85b7e62a855899e3003cf8a,False,False,0,0,False,True,False,0,stagiaire_seul,2160011N,inconnu,,,,2026-01-21 03:45:46+01:00
a4af59770ac4fa648ebabd181e78fba4,False,True,32,39,False,False,False,0,a_enseigne,0442094M,lycee,Nantes,Orvault,Lycée Polyvalent Nicolas Appert - Lycée des métiers,2026-05-11 08:29:55+02:00
54815cdcf6e605f0cd75408d63ec049c,False,False,0,0,False,True,False,0,stagiaire_seul,2430001F,inconnu,,,,2026-01-22 03:42:32+01:00
48969fb6bc028a0969ce43ad9191fca1,False,True,20,20,False,False,False,0,a_enseigne,0750711R,lycee,Paris,Paris 19e  Arrondissement,Lycée général et technologique Henri Bergson,2025-03-28 12:18:37+01:00
62e3dedc2fcff152067a92360e5e2cda,False,False,0,0,False,True,False,0,stagiaire_seul,0590088A,college,Lille,Grande-Synthe,Collège Jules Verne,2025-06-06 14:26:13+02:00
e28e9f77ac82ecc21c8172790d8c6230,False,True,19,19,False,False,False,0,a_enseigne,0261505V,lycee,Grenoble,Valence,Lycée polyvalent Algoud-Laffemas - Lycée des métiers du numérique,2025-06-02 11:25:24+02:00
5e1b18c4c6a6d31695acbae3fd70ecc6,False,True,23,23,False,False,False,0,a_enseigne,0754042L,lycee,Paris,Paris 13e  Arrondissement,Lycée polyvalent privé Le Rebours,2025-05-07 11:01:39+02:00
b50dc3cce02ba098341f34bf1d086fb0,False,True,9,9,True,True,False,0,a_enseigne,0932726H,college,Créteil,Aubervilliers,Collège Miriam Makeba,2025-02-18 10:45:24+01:00
6c6d2b1af0063dc4c4ed4eea880007da,False,False,0,0,False,True,False,0,stagiaire_seul,0035508T,inconnu,,,,2026-01-22 03:41:09+01:00
974be74bd208a6357c60ef03e1a0631c,False,True,24,24,False,False,False,0,a_enseigne,0951710T,lycee,Versailles,Vauréal,"Lycée polyvalent Camille Claudel, lycée des métiers des arts et du design",2025-05-27 13:50:44+02:00
ad5da9c9c5716db4e459af2e68dc0825,False,False,0,0,True,False,False,0,testeur_distributeur,0623328F,lycee,Lille,Hénin-Beaumont,Lycée Professionnel Henri Senez - Lycée des Métiers,2026-04-08 16:09:52+02:00
f0111496b11e91f185c976a0000be631,False,True,8,8,False,False,False,0,a_enseigne,0762976X,lycee,Normandie,Le Havre,"Lycée polyvalent Françoise de Grace - Lycée des métiers E 3S, Environnement, Services, Santé, Social",2024-05-30 13:25:06+02:00
bf2f6a338108022ae83814df72a8bbc9,False,False,0,0,False,False,False,2,testeur_distributeur,0590121L,lycee,Lille,Lille,Lycée général et technologique César Baggio,2024-06-13 11:14:03+02:00
cfda2dd6e273afdd8bb4a8bd6c49da94,False,False,0,0,True,False,False,0,testeur_distributeur,0350028R,lycee,Rennes,Rennes,Lycée général et technologique Bréquigny,2025-06-16 15:59:58+02:00
cd24de742dca0da2d9f89e7b14d806c3,False,False,0,0,False,True,False,0,stagiaire_seul,0593494C,college,Lille,Coudekerque-Branche,Collège Boris Vian,2025-06-06 14:26:10+02:00
2dbf95b5c5289b340cd53d7d7dd016ec,False,True,12,12,False,False,False,0,a_enseigne,0180005H,lycee,Orléans-Tours,Bourges,Lycée général Alain Fournier,2024-04-19 10:47:17+02:00
55fe226c8c921e4e29a76cad62e6b49c,False,True,53,53,False,False,False,0,a_enseigne,0333273D,lycee,Bordeaux,Bègles,Lycée polyvalent Vaclav Havel,2026-05-11 15:09:38+02:00
263c2db8e90a619718369f89601d4961,False,True,26,26,True,False,False,0,a_enseigne,0931430Z,lycee,Créteil,La Courneuve,Lycée général et technologique Jacques Brel,2026-05-17 17:49:39+02:00
910a32e850dfad9046479c56f81e8242,False,True,53,53,True,False,False,0,a_enseigne,0770930T,lycee,Créteil,Meaux,Lycée général et technologique Henri Moissan,2026-02-15 14:27:20+01:00
b6137603a08eac1553c21f5cb90ebb16,False,False,0,0,False,True,False,0,stagiaire_seul,0752606A,college,Paris,Paris 19e  Arrondissement,Collège Georges Méliès,2026-01-27 11:51:58+01:00
f45f94bd17bd49ecd6fe23c5a05560ea,False,True,35,35,False,False,False,0,a_enseigne,0672806L,lycee,Strasbourg,Strasbourg,Lycée polyvalent Marcel Rudloff,2025-04-25 14:15:20+02:00
711150af8d6fcf8d29f45155ad44b655,False,True,17,17,True,False,False,0,a_enseigne,0670007U,lycee,Strasbourg,Bouxwiller,Lycée général et technologique Adrien Zeller,2026-05-25 16:38:06+02:00
3d2984644a689d01ce244fe297f2b2ab,False,True,33,33,False,False,False,0,a_enseigne,0590073J,lycee,Lille,Dunkerque,Lycée général et technologique Auguste Angellier,2025-01-23 08:38:18+01:00
13ab292915288fa2636f26c869f66e98,False,True,12,12,True,False,False,0,a_enseigne,0800010B,lycee,Amiens,Amiens,Lycée général Madeleine Michelis,2024-04-16 11:28:47+02:00
3b3be1d39f1841009e51da86aad70ddd,False,True,38,38,False,False,False,0,a_enseigne,0780422K,lycee,Versailles,Les Mureaux,Lycée général et technologique François Villon,2025-04-10 08:39:45+02:00
d18baa09de4b11b93e2a49a6caf77bcd,False,False,0,0,False,True,False,0,stagiaire_seul,0593246H,college,Lille,Armentières,Collège Desrousseaux,2025-06-06 14:25:47+02:00
ff7a2099f1ae700f4cf918f51bf4c876,False,True,26,26,False,False,False,0,a_enseigne,0590117G,lycee,Lille,Lille,Lycée général et technologique Louis Pasteur,2026-05-21 16:13:43+02:00
390f1cd9754acdf5bb8036923727f096,False,False,0,0,True,True,False,0,testeur_distributeur,0590102R,lycee,Lille,Hazebrouck,Lycée Professionnel des Monts de Flandre,2026-02-11 16:13:11+01:00
3f7750f356f3bfd02793424c4777cd42,False,True,25,25,False,False,False,0,a_enseigne,0942269F,lycee,Créteil,Chevilly-Larue,Lycée polyvalent Pauline Roland - Lycée des métiers du transport et de la logistique,2026-05-26 11:17:02+02:00
15c9c469fb60b02b748f5a610aea60a4,False,True,18,18,False,False,False,0,a_enseigne,0950650R,lycee,Versailles,Sarcelles,Lycée polyvalent Jean-Jacques Rousseau,2026-05-28 09:41:02+02:00
10a22f3fed3c22f1a5f3eb1c957d6ec0,False,True,1,1,False,False,False,0,a_enseigne,,inconnu,,,,2026-05-07 15:20:55+02:00
84818c4c98199d56513cd4a11175e6a4,False,True,21,21,False,False,False,0,a_enseigne,0313228R,lycee,Toulouse,Auterive,Lycée polyvalent Lydie Salvayre,2026-06-08 10:15:05+02:00
cace46c61b00de1b60874936a093981d,False,False,0,0,False,False,True,12,testeur_distributeur,,inconnu,,,,2026-01-22 03:40:39+01:00
fa305306e5d10511d328383032ba0e99,False,False,0,0,False,True,False,0,stagiaire_seul,1340009G,inconnu,,,,2026-01-12 12:15:16+01:00
9f2c4b4d050e6cbfb6619fa773f54940,False,True,7,7,False,False,False,1,a_enseigne,,inconnu,,,,2025-04-30 09:16:26+02:00
bd70048dbcc2587f1e7cc3eeff6fedd5,False,True,35,94,False,False,False,0,a_enseigne,0340039H,lycee,Montpellier,Montpellier,Lycée général et technologique Georges Clemenceau,2025-10-07 10:21:34+02:00
2640c7da0b578139dbeb738d97855fa2,False,True,46,47,True,False,False,0,a_enseigne,0590011S,lycee,Lille,Armentières,Lycée polyvalent Gustave Eiffel - Lycée des métiers,2025-01-08 14:27:21+01:00
91055fce88cc4c7dbbdbe4a5e997b8cd,False,True,25,26,True,False,False,0,a_enseigne,0492089E,lycee,Nantes,Angers,Lycée général et technologique Emmanuel Mounier,2026-01-12 09:59:26+01:00
ad05a16e4528c143b227e8695aefb808,False,False,0,0,False,True,False,0,stagiaire_seul,,inconnu,,,,2025-03-27 14:34:54+01:00
cfcd208495d565ef66e7dff9f98764da,True,True,404,446,False,False,True,4,a_enseigne,0590093F,lycee,Lille,Haubourdin,Lycée polyvalent Beaupré - Lycée des Métiers de la Plasturgie,2024-05-16 07:53:20+02:00
cda841747bee71b547af63e5a1ed9732,False,False,0,0,False,True,False,0,stagiaire_seul,,inconnu,,,,2024-07-04 11:28:29+02:00
afdaf080b2ad22e66ce77f946917fd8b,False,False,0,0,True,True,False,0,testeur_distributeur,2430001F,inconnu,,,,2025-12-12 02:47:38+01:00
f3c4633066de88187da496635aad593e,False,False,0,0,False,True,False,0,stagiaire_seul,,inconnu,,,,2025-03-27 14:37:22+01:00
d9c435983d07dc7fa29963b25b03628b,False,True,36,36,True,False,False,0,a_enseigne,0940116R,lycee,Créteil,Maisons-Alfort,Lycée général et technologique Eugène Delacroix,2026-04-03 08:04:06+02:00
36f1df566890c96900e12e7e66082e55,False,False,0,0,False,True,False,0,stagiaire_seul,,inconnu,,,,2024-11-11 20:23:16+01:00
aa21a759919f50bc522391ab82a4ec64,False,True,4,4,False,False,False,0,a_enseigne,0596925G,lycee,Lille,Genech,Lycée polyvalent Charlotte Perriand,2025-01-10 09:26:43+01:00
a49a65e17ed9a407604050af7c2d4fa9,False,False,0,0,False,True,False,0,stagiaire_seul,,inconnu,,,,2024-07-04 11:29:02+02:00
fcb857e38cedbf7f5c09ff820f572586,False,True,4,5,False,False,False,0,a_enseigne,0620189U,lycee,Lille,Calais,Lycée professionnel Pierre de Coubertin,2025-12-11 11:30:03+01:00
b1ff07ad5686a27b10ca2be0f97c1e03,False,True,22,22,True,False,False,0,a_enseigne,0750703G,lycee,Paris,Paris 16e  Arrondissement,Lycée général Molière,2026-05-28 11:05:59+02:00
e5fafbf1cde2e07106478dfa3ad1e7a7,False,True,42,42,True,False,False,1,a_enseigne,0441552Y,lycee,Nantes,Nantes,Lycée Polyvalent les Bourdonnières,2026-05-11 22:24:58+02:00
79e10a2be96e1167fe27825b47b040de,False,True,17,17,True,False,False,0,a_enseigne,0350011X,lycee,Rennes,Fougères,Lycée général et technologique Jean Guéhenno,2026-05-19 13:07:01+02:00
af79f7bea177ec5b2ce9d82407224953,False,True,1,1,False,False,False,0,a_enseigne,0320025D,lycee,Toulouse,Nogaro,Lycée polyvalent d'Artagnan - Lycée des métiers,2026-05-22 16:30:38+02:00
b26d4f913ad8b3e9282fe7ed953b211f,False,False,0,0,False,True,False,0,stagiaire_seul,0123456A,inconnu,,,,2026-01-12 12:17:24+01:00
e5a63c69c0e94651c9f0b382d57961ae,False,False,0,0,False,True,False,0,stagiaire_seul,0594398K,college,Lille,Grande-Synthe,Collège Anne Frank,2025-06-06 14:26:23+02:00
52238db3e51471b5f923a3481975f65d,False,True,33,33,False,False,False,0,a_enseigne,0313083H,lycee,Toulouse,Gragnague,Lycée polyvalent Simone de Beauvoir,2025-06-02 15:23:29+02:00
ce6ff9dadf357f532062c6d3ad11edb5,False,False,0,0,False,True,False,0,stagiaire_seul,2160001C,inconnu,,,,2025-12-12 02:47:25+01:00
0c96eaa650b5363558e0f88cd59b2f29,False,True,32,55,False,False,False,1,a_enseigne,0762601P,lycee,Normandie,Neufchâtel-en-Bray,Lycée polyvalent Georges Brassens,2026-01-22 13:34:57+01:00
f12f2b34a0c3174269c19e21c07dee68,False,True,67,67,False,False,False,0,a_enseigne,0750648X,lycee,Paris,Paris  3e  Arrondissement,Lycée général et technologique Victor Hugo,2026-02-10 11:28:27+01:00
f614f7889d1f2630928d8f42ea78fb44,False,False,0,0,False,True,False,0,stagiaire_seul,0594294X,college,Lille,Merville,Collège Henri Dunant,2025-06-06 15:49:04+02:00
74ae9e8f3d46f6537aa1355704f416c3,False,False,0,0,False,True,False,0,stagiaire_seul,0590035T,lycee,Lille,Cambrai,Lycée général et technologique Fénelon,2025-11-26 17:20:55+01:00
9b2b00cbfb644864fa5f7315dafcc524,False,False,0,0,False,True,False,0,stagiaire_seul,1340027B,inconnu,,,,2026-01-12 12:18:48+01:00
81c4c127b08772c5e1de22ea09084022,False,False,0,0,False,True,False,0,stagiaire_seul,,inconnu,,,,2025-12-12 02:47:39+01:00
f66ac633d741e34363d248a575a89423,False,False,0,0,True,False,False,0,testeur_distributeur,0781949V,lycee,Versailles,Guyancourt,Lycée général et technologique de Villaroy,2026-05-19 17:05:04+02:00
0e21504bd692881d9a7b76a5845b6772,False,False,0,0,True,False,False,0,testeur_distributeur,0750703G,lycee,Paris,Paris 16e  Arrondissement,Lycée général Molière,2026-01-14 14:40:25+01:00
e74b31fd38ef7b36ddf0a2959991eb19,False,False,0,0,False,True,False,0,stagiaire_seul,0590103S,college,Lille,Hazebrouck,Collège Fernande Benoist,2025-06-06 15:48:15+02:00
1b3ade152dd5adf574f4196ba1bd414b,False,False,0,0,False,True,False,0,stagiaire_seul,0930834B,lycee,Créteil,Aulnay-sous-Bois,Lycée général et technologique Voillaume,2026-01-12 14:14:12+01:00
c5d35e8a7d6dc997153230aa021774fa,False,True,25,25,False,False,False,0,a_enseigne,0060668U,lycee,Nice,Antibes,Lycée général privé Mont Saint Jean,2026-05-28 10:41:51+02:00
52e435e201b890b2bc879caf287a277e,False,True,9,9,False,False,False,0,a_enseigne,,inconnu,,,,2025-01-09 13:57:57+01:00
5784397b9e4c6cbef07c49a5baeda108,False,False,0,0,False,True,False,0,stagiaire_seul,0330010G,lycee,Bordeaux,Bazas,Lycée général et technologique Gisèle Halimi,2026-05-25 11:44:39+02:00
f7925a8b2939ab29779e36a87d997cdb,False,True,18,29,True,False,True,5,a_enseigne,,inconnu,,,,2025-12-28 10:07:21+01:00
92a09a6958a7bc231e259ce2daaf1422,False,False,0,0,True,False,False,1,testeur_distributeur,0940126B,lycee,Créteil,Alfortville,Lycée polyvalent Maximilien Perret,2026-03-25 12:40:45+01:00
d800520a6e90e8ccb2b8ca278809b738,False,False,0,0,False,True,False,0,stagiaire_seul,2310003Y,inconnu,,,,2025-12-12 02:47:32+01:00
d27ff14d1a3baff1678d142b71e3d560,False,False,0,0,False,True,False,0,stagiaire_seul,0593660H,college,Lille,Loos,Collège René Descartes,2025-06-06 15:49:19+02:00
bb35bc30b3af4553a2e3a99ac147a0c1,False,False,0,0,True,False,False,0,testeur_distributeur,,inconnu,,,,2025-08-29 15:24:15+02:00
21278babe2d47009e94cc926bccd426a,False,False,0,0,True,False,False,0,testeur_distributeur,0382203N,lycee,Grenoble,Saint-Martin-d'Hères,Lycée polyvalent Pablo Neruda - Lycée des métiers de l'électricité et de ses environnements connectés,2024-04-30 18:13:38+02:00
a7864ba1792299c087c4ab2315d4a559,False,False,0,0,False,True,False,0,stagiaire_seul,,inconnu,,,,2026-01-21 02:15:42+01:00
0b486c154579673652d4bf2aac6ba1a2,False,False,0,0,False,True,False,0,stagiaire_seul,0593992U,college,Lille,Steenvoorde,Collège Antoine de Saint-Exupéry,2025-06-06 15:48:18+02:00
4bebaa6ab739d485086df636eb26a2f9,False,True,6,6,False,False,False,0,a_enseigne,,inconnu,,,,2024-07-26 02:18:31+02:00
eb59bc5fff4fa5cf702ab687b28da0e1,False,True,77,136,True,False,False,1,a_enseigne,0624141P,lycee,Lille,Calais,Lycée polyvalent Léonard de Vinci,2025-02-25 09:19:50+01:00
83e0de8c64ee8f4aad91c8b4f33f8aa1,False,True,71,97,True,False,False,0,a_enseigne,0212045J,lycee,Dijon,Beaune,Lycée polyvalent Marey,2026-05-29 18:59:42+02:00
deb7a3ed9e3761bd6dcf2d8118ff56fd,False,False,0,0,False,True,False,0,stagiaire_seul,,inconnu,,,,2025-03-27 14:48:15+01:00
f770b62bc8f42a0b66751fe636fc6eb0,False,True,44,44,True,False,True,6,a_enseigne,0750662M,lycee,Paris,Paris  7e  Arrondissement,Lycée général Victor Duruy,2024-05-16 08:14:35+02:00
922a7fd3b1c537453af87329140dcfb2,False,True,1,1,True,False,False,0,a_enseigne,0020034B,lycee,Amiens,Laon,Lycée polyvalent Pierre Méchain,2026-01-23 20:01:49+01:00
b32e445bdc748c40cdb27fd14c7a885a,False,True,36,36,False,False,False,0,a_enseigne,0310036W,lycee,Toulouse,Toulouse,Lycée général Pierre de Fermat,2025-06-03 10:16:27+02:00
6cfdf20f1ef343ad684d9851ffcd1463,False,False,0,0,False,True,False,0,stagiaire_seul,1340005C,inconnu,,,,2026-01-12 12:18:51+01:00
6dd200e2f25e5181a0889ef80d677bb8,False,False,0,0,False,True,False,0,stagiaire_seul,,inconnu,,,,2025-12-12 02:47:47+01:00
a20565d70e1a94dcdc0e21e2281e079f,False,True,2,2,True,False,False,0,a_enseigne,0540070H,lycee,Nancy-Metz,Vandoeuvre-lès-Nancy,Lycée général et technologique Jacques Callot,2025-03-11 09:47:26+01:00
0b75fd7765d1fbd7306658b76f29da39,False,False,0,0,False,True,False,0,stagiaire_seul,1340005C,inconnu,,,,2026-01-12 12:16:54+01:00
97c9d2b8f623423aca706c97ffd68323,False,True,58,58,True,False,False,0,a_enseigne,0590101P,lycee,Lille,Hazebrouck,Lycée général et technologique des Flandres,2025-02-27 10:02:44+01:00
67dae386c27c46177c24584c7e3cc7c6,False,False,0,0,False,True,False,0,stagiaire_seul,0595758N,college,Lille,Provin,Collège Etienne Dolet,2025-06-06 15:48:38+02:00
7e00f65b2cbe6b61cfb4ffba8be59bf8,False,True,29,29,True,False,False,0,a_enseigne,0492148U,lycee,Nantes,Les Ponts-de-Cé,Lycée général et technologique Jean Bodin,2026-05-26 08:40:46+02:00
85e7026fb95b8406ac79539b0000a246,False,True,19,19,False,False,False,0,a_enseigne,9840002E,lycee,Polynésie Française,Papeete,Lycée général Paul Gauguin,2026-05-21 22:14:07+02:00
d5d56d0bd95cd27b0928b8845a65a665,False,False,0,0,False,True,False,0,stagiaire_seul,0640115C,lycee,Bordeaux,Bayonne,Lycée général privé Saint Louis Villa Pia,2025-11-27 14:12:37+01:00
7e915e066fb1f076b185f23624d05e63,False,False,0,0,False,True,False,0,stagiaire_seul,,inconnu,,,,2025-05-13 12:14:55+02:00
90e57c5bd51b6410522ed42078c08467,False,False,0,0,False,True,False,0,stagiaire_seul,,inconnu,,,,2025-03-27 14:39:05+01:00
3b1bb0b8224c9b30776c5a983a7f326b,False,True,28,28,False,False,False,0,a_enseigne,0060031B,lycee,Nice,Nice,Lycée général et technologique Albert Calmette,2025-12-17 08:02:40+01:00
b52faaaccdf5daa49968438c3fc86723,False,True,1,3,True,False,False,0,a_enseigne,,inconnu,,,,2026-05-21 14:12:18+02:00
bfc18917c66ad1c0a88ae2a6d7cbae15,False,True,3,5,False,False,False,0,a_enseigne,0590102R,lycee,Lille,Hazebrouck,Lycée Professionnel des Monts de Flandre,2026-06-08 11:03:25+02:00
040955a554c918bcfb118b47aefcf105,False,False,0,0,False,True,False,0,stagiaire_seul,2200001F,inconnu,,,,2026-01-22 03:40:39+01:00
366967b75ad0cf8205da0d955c78290e,False,True,52,99,True,False,False,0,a_enseigne,0590064Z,lycee,Lille,Douai,Lycée général et technologique Jean-Baptiste Corot,2025-03-03 13:01:11+01:00
3be024919e46a16aa7dbc152592654a0,False,True,4,4,False,False,False,0,a_enseigne,0952284S,lycee,Versailles,Cormeilles-en-Parisis,Lycée général et technologique Philippe Kieffer,2025-06-10 08:24:48+02:00
520462083eea8d592b8ce431469c05fe,False,False,0,0,False,True,False,0,stagiaire_seul,0572931B,college,Nancy-Metz,Thionville,Collège privé Saint Pierre Chanel,2024-05-17 17:54:06+02:00
963fdb767b3385abd3868dbada025d15,False,False,0,0,False,True,False,0,stagiaire_seul,5010006J,inconnu,,,,2026-01-22 03:46:05+01:00
9ea93c55d64c69e30b27c57917cf1ccc,False,False,0,0,False,True,False,0,stagiaire_seul,,inconnu,,,,2025-05-13 12:16:31+02:00
9546128364099e589dfc41ff76f0ffd3,False,False,0,0,False,True,False,0,stagiaire_seul,0594397J,college,Lille,Armentières,Collège Jean Rostand,2025-06-06 14:25:54+02:00
d1bcaeee4888b58d6c6f3ceb5dc2452b,False,True,23,23,False,False,False,0,a_enseigne,0490001K,lycee,Nantes,Angers,Lycée général David d'Angers,2026-03-31 10:18:04+02:00
5cb49ab7fea795cab4c66496ea5a4144,False,False,0,0,False,True,False,0,stagiaire_seul,,inconnu,,,,2025-05-13 12:15:08+02:00
440d48472caae31a56f5dc8cebfffe32,False,False,0,0,False,True,False,0,stagiaire_seul,0594386X,college,Lille,Haubourdin,Collège Le Parc,2025-06-06 14:26:31+02:00
b4103f3d01f7917dde820c5684fea7e9,False,False,0,0,False,True,False,0,stagiaire_seul,,inconnu,,,,2026-01-22 03:43:25+01:00
5f169cc89786bd06f22b3c974f8ff51b,False,False,0,0,False,True,False,0,stagiaire_seul,0595712N,college,Lille,Grand-Fort-Philippe,Collège Jean Monnet,2025-06-06 14:31:51+02:00
563428342c5299fff73f675fe294745c,False,True,44,44,False,False,False,0,a_enseigne,0342090M,lycee,Montpellier,Lunel,Lycée polyvalent victor Hugo,2025-06-02 09:14:59+02:00
93795f61f1fb4cc140a0037d001b0521,False,False,0,0,False,True,False,0,stagiaire_seul,0593246H,college,Lille,Armentières,Collège Desrousseaux,2025-06-06 15:48:30+02:00
1ea57fdda462f8bb207d9f70faf26a73,False,False,0,0,False,True,False,0,stagiaire_seul,1390003Y,inconnu,,,,2026-01-12 12:15:50+01:00
f77a21e5afe29875d7d71e59029558ef,False,False,0,0,False,True,False,0,stagiaire_seul,,inconnu,,,,2026-01-12 12:12:27+01:00
690da12ebaf6303195504598968ec7e9,False,True,36,36,False,False,False,0,a_enseigne,0595867G,lycee,Lille,Lille,Lycée général et technologique international Montebello,2024-11-14 09:09:35+01:00
6a44e026852b0dc15f5f77a1937a08e5,False,True,36,36,True,False,True,28,a_enseigne,,inconnu,,,,2025-03-24 22:26:26+01:00
0d0c104bba2c3db1ffea15765e890600,False,True,28,28,True,False,False,0,a_enseigne,0597005U,lycee,Lille,Estaires,Lycée polyvalent du Val de Lys,2026-02-03 15:43:14+01:00
d3965b04f217d52fd6644c30bf4087d9,False,True,17,17,False,False,False,0,a_enseigne,0500002F,lycee,Normandie,Avranches,Lycée Géneral et Téchnologique Emile Littré,2025-06-02 16:17:58+02:00
136c2f0599b3a0175c544b72e4861b9f,False,True,9,9,True,False,False,0,a_enseigne,0951763A,lycee,Versailles,Taverny,"Lycée polyvalent Louis Jouvet, Lycée des métiers de la santé et du social",2024-05-14 08:02:32+02:00
c40fa9b24b655b82a010f4d54640bec3,False,True,31,37,False,False,False,0,a_enseigne,0301862L,lycee,Montpellier,Sommières,Lycée polyvalent Lucie Aubrac,2026-06-01 08:31:50+02:00
dbbae46aca6b23b10e8b76cfd3255349,False,False,0,0,False,True,False,0,stagiaire_seul,0752957G,college,Paris,Paris 13e  Arrondissement,Collège Georges Braque,2026-01-21 09:11:50+01:00
e48dd867df7059d1f6141a06ce3655d9,False,True,16,16,True,False,False,0,a_enseigne,0620140R,lycee,Lille,Montreuil-sur-Mer,Lycée polyvalent Eugène Woillez,2026-06-08 10:48:05+02:00
f071598c472ee319d5f02838bb0dc627,False,True,67,78,True,False,False,0,a_enseigne,0341794R,lycee,Montpellier,Lattes,"Lycée polyvalent Jean-François Champollion, Lycée des métiers de la communication et des usages du numérique",2025-05-22 16:30:00+02:00
984e73b4d6ff5ece34ec3da984ece290,False,False,0,0,False,True,False,0,stagiaire_seul,0596798U,inconnu,,,,2026-03-19 23:27:46+01:00
8aa727af0f2d7b9c34a420ca5d66f4be,False,False,0,0,False,True,False,0,stagiaire_seul,0851390Z,lycee,Nantes,Montaigu-Vendée,Lycée polyvalent Léonard de Vinci,2026-01-07 11:16:32+01:00
343e6f3860ca2aaad0978d960b1c29ce,False,True,15,15,False,False,False,0,a_enseigne,,inconnu,,,,2024-12-18 08:07:08+01:00
00c813d77b21d00405eb0acfff2ce1d8,False,False,0,0,False,True,False,0,stagiaire_seul,0640228A,college,Bordeaux,Hendaye,Collège Irandatz,2025-11-27 15:01:03+01:00
6b3f8509eaec9cad2534d8792660e6c5,False,False,0,0,False,True,False,0,stagiaire_seul,0312093G,lycee,Toulouse,Colomiers,Lycée général et technologique international Victor Hugo,2024-09-23 20:54:34+02:00
b846705a088b4d524ccedb06445b6f15,False,False,0,0,True,False,False,0,testeur_distributeur,0750712S,lycee,Paris,Paris 19e  Arrondissement,Lycée polyvalent Diderot - Lycée des métiers de l'ingénierie industrielle et de l'horlogerie,2025-09-08 06:50:04+02:00
ee1211353e13e03df5580eef67aaf12d,False,False,0,0,False,True,False,0,stagiaire_seul,,inconnu,,,,2026-01-12 12:15:00+01:00
620cf34a42d15dec58ff09697700aa63,False,True,11,11,True,False,False,0,a_enseigne,0130010R,lycee,Aix-Marseille,Arles,Lycée polyvalent Montmajour,2025-05-24 17:48:46+02:00
f070d86251aaa3f977261bc44bce5341,False,False,0,0,True,False,False,0,testeur_distributeur,0180008L,lycee,Orléans-Tours,Bourges,Lycée polyvalent Pierre-Emile Martin - Lycée des métiers de l'ingénierie de l'énergie et de l'environnement,2025-11-27 11:24:26+01:00
f2b2d481eb8437e81085b1eb3e890174,False,True,13,13,False,False,False,0,a_enseigne,0922579D,college,Versailles,Nanterre,Ecole de danse de l'Opéra de Paris,2026-03-11 08:11:34+01:00
58792426dd383a242f7a7d1a7de52ee6,False,True,1,1,False,False,False,0,a_enseigne,0490001K,lycee,Nantes,Angers,Lycée général David d'Angers,2025-05-27 09:07:06+02:00
f39ca1f740f3a1a5bf3557cd3a477c7c,False,True,18,18,False,False,False,0,a_enseigne,0830050D,lycee,Nice,La Seyne-sur-Mer,Lycée général et technologique Beaussier,2026-04-27 09:09:54+02:00
6895ba78e8ba648aee3455425dd6bae3,False,True,3,3,False,False,False,0,a_enseigne,0561534N,lycee,Rennes,Auray,Lycée général et technologique Benjamin Franklin,2024-05-30 13:48:29+02:00
6d13579549b8661024b92a87343b74e9,False,False,0,0,True,False,False,0,testeur_distributeur,0590073J,lycee,Lille,Dunkerque,Lycée général et technologique Auguste Angellier,2025-01-15 17:18:34+01:00
4a00ec743cd160ce59b375e9d7e4696a,False,False,0,0,True,False,False,0,testeur_distributeur,0601863Z,lycee,Amiens,Compiègne,Lycée polyvalent Charles de Gaulle - Lycée des métiers de la restauration et du tourisme,2025-02-22 15:32:43+01:00
8e696e24b170e5eabd4a12d9210fbb1c,False,True,25,25,True,False,False,2,a_enseigne,0590073J,lycee,Lille,Dunkerque,Lycée général et technologique Auguste Angellier,2024-12-10 09:47:03+01:00
fb55cefd0c4fff73cdec67f6911df2d3,False,False,0,0,False,True,False,0,stagiaire_seul,2200001F,inconnu,,,,2026-01-22 03:47:22+01:00
075d8d64e64c32176fc643cfe63d7409,False,True,5,5,False,False,False,0,a_enseigne,0750668U,lycee,Paris,Paris  9e  Arrondissement,Lycée général et technologisue Jacques Decour,2024-06-25 14:40:22+02:00
a8dbe27ea899d14b7bd390bd6bc4c5f2,False,True,23,23,False,False,False,0,a_enseigne,0620140R,lycee,Lille,Montreuil-sur-Mer,Lycée polyvalent Eugène Woillez,2025-03-04 09:36:27+01:00
e2cd1846b3bb3d7b40da6b8433989f3a,False,True,27,37,False,False,False,1,a_enseigne,0590121L,lycee,Lille,Lille,Lycée général et technologique César Baggio,2025-02-18 10:45:24+01:00
844e64befad0cc99b2405a9251f5dd51,False,False,0,0,True,False,False,0,testeur_distributeur,0831559U,lycee,Nice,Saint-Maximin-la-Sainte-Baume,Lycée polyvalent Maurice Janetti,2023-12-27 17:46:30+01:00
6d2eda0179f50339747bab74a4c3f62b,False,True,17,18,False,False,False,0,a_enseigne,0624141P,lycee,Lille,Calais,Lycée polyvalent Léonard de Vinci,2026-03-27 12:29:34+01:00
c668d785fe9fd2a30583368f8be6ad39,False,True,21,21,False,False,False,0,a_enseigne,0951710T,lycee,Versailles,Vauréal,"Lycée polyvalent Camille Claudel, lycée des métiers des arts et du design",2025-05-27 10:49:19+02:00
23ac85932c207a606393fe3420ccbe38,False,False,0,0,False,True,False,0,stagiaire_seul,0594638W,college,Lille,Houplines,Collège Roger Salengro,2025-06-06 14:26:24+02:00
