teacher,uai,type_etab,secteur,academie,departement,commune,nom_etab,ips,lat,lon,n_tests,n_eleves,n_eleves_uniq,n_sessions,n_activities,n_activities_taught,tested,taught,behavior,first_any,last_any,first_test,first_student,days_test_to_teach,n_sy_active,sy_active,n_sy_taught,sy_taught,active_2324,active_2425,active_2526,taught_2425,taught_2526
00eaf1daaab412c75c988622c4ab7aae,9840004G,,,,,,,,,,0,1,1,1,1,1,False,True,enseigné_sans_test,2025-05-17 02:11:48+02:00,2025-05-17 02:11:48+02:00,,2025-05-17 02:11:48+02:00,,1,2024-2025,1,2024-2025,False,True,False,True,False
02c9aaa85c90be06dc2e1a1effe79e73,0680010S,lycee,Public,Strasbourg,Haut-Rhin,Colmar,Lycée polyvalent Blaise Pascal,98.4,48.08338926810393,7.343335445801183,5,39,22,4,5,3,True,True,enseigné_puis_testé,2025-06-03 08:59:28+02:00,2025-06-15 09:53:45+02:00,2025-06-03 11:05:17+02:00,2025-06-03 08:59:28+02:00,-0.08737268518518519,1,2024-2025,1,2024-2025,False,True,False,True,False
04dc2465b3bbab81b1f0ff1cc9a75f05,,,,,,,,,,,1,0,0,0,1,0,True,False,testé_seulement,2025-05-21 10:47:24+02:00,2025-05-21 10:47:24+02:00,2025-05-21 10:47:24+02:00,,,1,2024-2025,0,,False,True,False,False,False
075d8d64e64c32176fc643cfe63d7409,0750668U,lycee,Public,Paris,Paris,Paris  9e  Arrondissement,Lycée général et technologisue Jacques Decour,125.8,48.881485926285514,2.3434236459416136,0,5,5,5,1,1,False,True,enseigné_sans_test,2024-06-25 14:40:22+02:00,2024-06-25 15:32:49+02:00,,2024-06-25 14:40:22+02:00,,1,2023-2024,1,2023-2024,True,False,False,False,False
0af8f691e5214377e5b175fa1c6ba217,0130051K,lycee,Public,Aix-Marseille,Bouches-du-Rhône,Marseille  5e  Arrondissement,Lycée général et technologique Marie Curie,90.6,43.29373990341497,5.400600554641929,0,11,11,1,1,1,False,True,enseigné_sans_test,2025-11-10 08:22:13+01:00,2025-11-10 08:22:49+01:00,,2025-11-10 08:22:13+01:00,,1,2025-2026,1,2025-2026,False,False,True,False,True
0bffd7c84d30583100f40cb29011d705,0840001V,lycee,Public,Aix-Marseille,Vaucluse,Apt,Lycée polyvalent CHARLES DE GAULLE,99.5,43.87620539295645,5.4000690452277,0,3,3,3,1,1,False,True,enseigné_sans_test,2024-06-01 16:53:26+02:00,2024-06-03 09:58:27+02:00,,2024-06-01 16:53:26+02:00,,1,2023-2024,1,2023-2024,True,False,False,False,False
0c96eaa650b5363558e0f88cd59b2f29,0762601P,lycee,Public,Normandie,Seine-Maritime,Neufchâtel-en-Bray,Lycée polyvalent Georges Brassens,95.8,49.73705794724505,1.437761868583037,1,55,32,2,2,2,True,True,enseigné_puis_testé,2026-01-22 13:34:57+01:00,2026-06-04 13:52:39+02:00,2026-01-22 13:36:30+01:00,2026-01-22 13:34:57+01:00,-0.0010763888888888889,1,2025-2026,1,2025-2026,False,False,True,False,True
0d0c104bba2c3db1ffea15765e890600,0597005U,lycee,Public,Lille,Nord,Estaires,Lycée polyvalent du Val de Lys,99.4,50.644029993116504,2.7044897620264567,2,28,28,1,1,1,True,True,testé_puis_enseigné,2026-02-03 15:43:14+01:00,2026-02-06 11:12:34+01:00,2026-02-03 15:43:14+01:00,2026-02-06 10:14:25+01:00,2.7716550925925927,1,2025-2026,1,2025-2026,False,False,True,False,True
0d85c8bd57503b0348a767dd18b5a46e,0781898P,lycee,Public,Versailles,Yvelines,Poissy,Lycée général et technologique Charles de Gaulle,126.0,48.946813146880004,2.0620244126996594,1,14,14,1,1,1,True,True,enseigné_puis_testé,2026-05-12 12:38:37+02:00,2026-05-12 14:00:22+02:00,2026-05-12 12:41:57+02:00,2026-05-12 12:38:37+02:00,-0.0023148148148148147,1,2025-2026,1,2025-2026,False,False,True,False,True
0dd1b538cf398464d741fed6a6b29699,,,,,,,,,,,0,22,22,4,1,1,False,True,enseigné_sans_test,2026-02-06 07:39:29+01:00,2026-02-12 18:37:16+01:00,,2026-02-06 07:39:29+01:00,,1,2025-2026,1,2025-2026,False,False,True,False,True
0dfed85f47ce254585a9d692b7883517,0940580V,lycee,Public,Créteil,Val-de-Marne,Cachan,Lycée Polyvalent de Cachan,107.3,48.78867682535173,2.324774506773462,1,0,0,0,1,0,True,False,testé_seulement,2025-08-21 16:08:19+02:00,2025-08-21 16:08:19+02:00,2025-08-21 16:08:19+02:00,,,1,2025-2026,0,,False,False,True,False,False
0e21504bd692881d9a7b76a5845b6772,0750703G,lycee,Public,Paris,Paris,Paris 16e  Arrondissement,Lycée général Molière,130.2,48.855000626527904,2.2721249445436613,1,0,0,0,1,0,True,False,testé_seulement,2026-01-14 14:40:25+01:00,2026-01-14 14:40:25+01:00,2026-01-14 14:40:25+01:00,,,1,2025-2026,0,,False,False,True,False,False
0e4e946668cf2afc4299b462b812caca,0930834B,lycee,Public,Créteil,Seine-Saint-Denis,Aulnay-sous-Bois,Lycée général et technologique Voillaume,81.9,48.94454426421222,2.5082514034395587,3,0,0,0,2,0,True,False,testé_seulement,2024-03-07 12:27:18+01:00,2026-01-12 14:14:12+01:00,2024-03-07 12:27:18+01:00,,,3,2023-2024|2024-2025|2025-2026,0,,True,True,True,False,False
0e9876d7b75e0b1d87ed2657d3a337d0,0930120A,lycee,Public,Créteil,Seine-Saint-Denis,Epinay-sur-Seine,Lycée général et technologique Jacques Feyder,85.3,48.95509744548008,2.320839880589892,0,11,11,3,1,1,False,True,enseigné_sans_test,2026-03-16 08:23:52+01:00,2026-04-13 08:20:29+02:00,,2026-03-16 08:23:52+01:00,,1,2025-2026,1,2025-2026,False,False,True,False,True
0fe5083a6943b00670273ae31aa1bbb4,0590102R,lycee,Public,Lille,Nord,Hazebrouck,Lycée Professionnel des Monts de Flandre,82.9,50.73117704127288,2.5290609979501575,2,5,3,3,2,2,True,True,testé_puis_enseigné,2026-06-02 18:09:34+02:00,2026-06-15 15:48:52+02:00,2026-06-02 18:09:34+02:00,2026-06-12 13:45:09+02:00,9.816377314814815,1,2025-2026,1,2025-2026,False,False,True,False,True
10a22f3fed3c22f1a5f3eb1c957d6ec0,,,,,,,,,,,0,1,1,1,1,1,False,True,enseigné_sans_test,2026-05-07 15:20:55+02:00,2026-05-07 15:20:55+02:00,,2026-05-07 15:20:55+02:00,,1,2025-2026,1,2025-2026,False,False,True,False,True
11b8c4b83257767db88f44c539e0ae0c,0791062A,lycee,Public,Poitiers,Deux-Sèvres,Niort,Lycée général et technologique Venise Verte,113.5,46.31686270488023,-0.48616871387734323,1,0,0,0,1,0,True,False,testé_seulement,2026-02-12 19:19:41+01:00,2026-02-12 19:19:41+01:00,2026-02-12 19:19:41+01:00,,,1,2025-2026,0,,False,False,True,False,False
132c6db42444cea930590260401c5455,0592921E,lycee,Privé,Lille,Nord,Roubaix,Lycée général et technologique privé Saint Rémi,101.4,50.69421574675568,3.181114656257771,1,19,19,1,1,1,True,True,testé_puis_enseigné,2026-01-08 15:03:17+01:00,2026-01-27 16:32:34+01:00,2026-01-08 15:03:17+01:00,2026-01-27 16:20:15+01:00,19.053449074074074,1,2025-2026,1,2025-2026,False,False,True,False,True
136c2f0599b3a0175c544b72e4861b9f,0951763A,lycee,Public,Versailles,Val-d'Oise,Taverny,"Lycée polyvalent Louis Jouvet, Lycée des métiers de la santé et du social",107.8,49.019492050995524,2.2086035848039076,1,9,9,4,1,1,True,True,enseigné_puis_testé,2024-05-14 08:02:32+02:00,2024-05-22 08:05:46+02:00,2024-05-14 08:12:38+02:00,2024-05-14 08:02:32+02:00,-0.007013888888888889,1,2023-2024,1,2023-2024,True,False,False,False,False
13ab292915288fa2636f26c869f66e98,0800010B,lycee,Public,Amiens,Somme,Amiens,Lycée général Madeleine Michelis,117.4,49.88921414281806,2.302983194763526,1,12,12,1,1,1,True,True,enseigné_puis_testé,2024-04-16 11:28:47+02:00,2024-05-06 14:31:03+02:00,2024-05-06 14:31:03+02:00,2024-04-16 11:28:47+02:00,-20.126574074074075,1,2023-2024,1,2023-2024,True,False,False,False,False
148cc2b5746600f41b4f520c6a985552,0332745E,lycee,Public,Bordeaux,Gironde,Blanquefort,Lycée général Jean Monnet,121.8,44.91634371056325,-0.6347964845646115,0,28,28,1,1,1,False,True,enseigné_sans_test,2026-06-02 10:19:32+02:00,2026-06-02 11:21:52+02:00,,2026-06-02 10:19:32+02:00,,1,2025-2026,1,2025-2026,False,False,True,False,True
1538e5f61c16a2ad55b7e7709ff2acee,,,,,,,,,,,0,100,99,10,1,1,False,True,enseigné_sans_test,2024-05-14 11:19:23+02:00,2026-04-08 12:36:01+02:00,,2024-05-14 11:19:23+02:00,,3,2023-2024|2024-2025|2025-2026,3,2023-2024|2024-2025|2025-2026,True,True,True,True,True
15c9c469fb60b02b748f5a610aea60a4,0950650R,lycee,Public,Versailles,Val-d'Oise,Sarcelles,Lycée polyvalent Jean-Jacques Rousseau,81.4,48.99399330190295,2.3847513006085923,0,18,18,2,1,1,False,True,enseigné_sans_test,2026-05-28 09:41:02+02:00,2026-05-28 16:04:27+02:00,,2026-05-28 09:41:02+02:00,,1,2025-2026,1,2025-2026,False,False,True,False,True
15e0a8c9ea08745de200ebb1a4518a8d,0590117G,lycee,Public,Lille,Nord,Lille,Lycée général et technologique Louis Pasteur,115.4,50.642779647074164,3.0701394574229663,1,58,32,3,2,2,True,True,testé_puis_enseigné,2026-01-06 20:20:44+01:00,2026-04-29 11:12:59+02:00,2026-01-06 20:20:44+01:00,2026-01-08 17:14:34+01:00,1.8707175925925925,1,2025-2026,1,2025-2026,False,False,True,False,True
182bc51b01775345a1f3876e7aa73651,0772243V,lycee,Public,Créteil,Seine-et-Marne,Pontault-Combault,Lycée général et technologique Camille Claudel,113.7,48.7874049161568,2.599490220817385,0,21,20,1,1,1,False,True,enseigné_sans_test,2025-05-26 08:33:20+02:00,2025-05-26 08:50:25+02:00,,2025-05-26 08:33:20+02:00,,1,2024-2025,1,2024-2025,False,True,False,True,False
1909aa48cb38d36f1cfe9737e07871c1,0624141P,lycee,Public,Lille,Pas-de-Calais,Calais,Lycée polyvalent Léonard de Vinci,101.4,50.95239038150301,1.8800993924364584,0,109,79,4,3,3,False,True,enseigné_sans_test,2025-02-26 10:18:41+01:00,2026-03-28 09:38:27+01:00,,2025-02-26 10:18:41+01:00,,2,2024-2025|2025-2026,2,2024-2025|2025-2026,False,True,True,True,True
1bf15a6280eba4a71c90e766bdc581ed,0311323V,lycee,Public,Toulouse,Haute-Garonne,Toulouse,Lycée général et technologique Joséphine Baker,101.2,43.584518442901285,1.3975365460346079,2,4,4,1,1,1,True,True,testé_puis_enseigné,2025-05-20 11:39:46+02:00,2025-05-27 15:27:55+02:00,2025-05-20 11:39:46+02:00,2025-05-27 12:04:57+02:00,7.017488425925926,1,2024-2025,1,2024-2025,False,True,False,True,False
1d3066af6e7e3abefb481f89651e3b42,0951723G,lycee,Public,Versailles,Val-d'Oise,Herblay-sur-Seine,Lycée général et technologique Montesquieu,121.4,48.99997501055952,2.146164327176315,1,28,25,3,1,1,True,True,enseigné_puis_testé,2024-04-04 08:39:17+02:00,2025-03-03 09:20:50+01:00,2025-03-02 17:31:37+01:00,2024-04-04 08:39:17+02:00,-332.4113425925926,2,2023-2024|2024-2025,2,2023-2024|2024-2025,True,True,False,True,False
1edef6389e8a99fb3341393de2c6a71b,0342066L,lycee,Public,Montpellier,Hérault,Saint-Clément-de-Rivière,Lycée polyvalent Jean Jaurès,127.1,43.710865475738224,3.833289619119724,1,0,0,0,1,0,True,False,testé_seulement,2026-06-05 16:54:09+02:00,2026-06-05 16:54:09+02:00,2026-06-05 16:54:09+02:00,,,1,2025-2026,0,,False,False,True,False,False
1f8a6ace66e1b85b1407d908cd6798b1,0120006S,lycee,Public,Toulouse,Aveyron,Decazeville,Lycée polyvalent La Découverte,102.7,44.56829786712825,2.255100258607372,1,20,20,1,1,1,True,True,enseigné_puis_testé,2026-06-03 09:05:27+02:00,2026-06-03 09:19:40+02:00,2026-06-03 09:08:47+02:00,2026-06-03 09:05:27+02:00,-0.0023148148148148147,1,2025-2026,1,2025-2026,False,False,True,False,True
21278babe2d47009e94cc926bccd426a,0382203N,lycee,Public,Grenoble,Isère,Saint-Martin-d'Hères,Lycée polyvalent Pablo Neruda - Lycée des métiers de l'électricité et de ses environnements connectés,116.9,45.17341324185975,5.761840086943631,2,0,0,0,2,0,True,False,testé_seulement,2024-04-30 18:13:38+02:00,2025-05-21 16:28:53+02:00,2024-04-30 18:13:38+02:00,,,2,2023-2024|2024-2025,0,,True,True,False,False,False
22af142c9c8a2e8865994c4f93c953b3,9840002E,lycee,Public,Polynésie Française,Polynésie Française,Papeete,Lycée général Paul Gauguin,,,,0,20,18,4,2,2,False,True,enseigné_sans_test,2026-06-03 23:11:47+02:00,2026-06-04 19:33:05+02:00,,2026-06-03 23:11:47+02:00,,1,2025-2026,1,2025-2026,False,False,True,False,True
22fb0cee7e1f3bde58293de743871417,0931584S,lycee,Public,Créteil,Seine-Saint-Denis,Villepinte,Lycée polyvalent Jean Rostand,89.4,48.96013097773987,2.5465449256491284,0,56,48,7,1,1,False,True,enseigné_sans_test,2025-03-07 15:49:10+01:00,2026-05-28 14:41:11+02:00,,2025-03-07 15:49:10+01:00,,2,2024-2025|2025-2026,2,2024-2025|2025-2026,False,True,True,True,True
24943dcfb30de46ae3f3b3d5cf0082ef,,,,,,,,,,,1,0,0,0,1,0,True,False,testé_seulement,2025-05-14 21:37:10+02:00,2025-05-14 21:37:10+02:00,2025-05-14 21:37:10+02:00,,,1,2024-2025,0,,False,True,False,False,False
263c2db8e90a619718369f89601d4961,0931430Z,lycee,Public,Créteil,Seine-Saint-Denis,La Courneuve,Lycée général et technologique Jacques Brel,80.8,48.929624886331744,2.400326472996749,1,26,26,1,1,1,True,True,testé_puis_enseigné,2026-05-17 17:49:39+02:00,2026-05-18 14:10:44+02:00,2026-05-17 17:49:39+02:00,2026-05-18 13:51:34+02:00,0.8346643518518518,1,2025-2026,1,2025-2026,False,False,True,False,True
2640c7da0b578139dbeb738d97855fa2,0590011S,lycee,Public,Lille,Nord,Armentières,Lycée polyvalent Gustave Eiffel - Lycée des métiers,111.8,50.68889482830899,2.8709805526447854,2,47,46,2,2,2,True,True,testé_puis_enseigné,2025-01-08 14:27:21+01:00,2026-05-28 10:49:55+02:00,2025-01-08 14:27:21+01:00,2025-01-16 13:35:02+01:00,7.963668981481481,2,2024-2025|2025-2026,2,2024-2025|2025-2026,False,True,True,True,True
26a1afd48eecd611e0c0d8cd0e62a665,0110023R,lycee,Public,Montpellier,Aude,Narbonne,Lycée polyvalent Louise Michel,100.7,43.18958280119593,3.0194500406021474,0,76,50,6,4,4,False,True,enseigné_sans_test,2026-03-10 10:13:54+01:00,2026-05-06 10:34:11+02:00,,2026-03-10 10:13:54+01:00,,1,2025-2026,1,2025-2026,False,False,True,False,True
29f7a90124f832acaf3ca336af529976,X,,,,,,,,,,0,15,15,2,1,1,False,True,enseigné_sans_test,2025-04-23 09:46:11+02:00,2025-04-25 11:21:40+02:00,,2025-04-23 09:46:11+02:00,,1,2024-2025,1,2024-2025,False,True,False,True,False
2a5e85c425a917e8c0afc8ae56cb5ce0,0310047H,lycee,Public,Toulouse,Haute-Garonne,Toulouse,Lycée général et technologique Ozenne,126.4,43.60964697502873,1.4417296932885342,0,18,11,2,2,2,False,True,enseigné_sans_test,2025-05-09 09:08:28+02:00,2025-05-09 09:52:20+02:00,,2025-05-09 09:08:28+02:00,,1,2024-2025,1,2024-2025,False,True,False,True,False
2d9371d5ebc9e504ee656f0180460e71,0950650R,lycee,Public,Versailles,Val-d'Oise,Sarcelles,Lycée polyvalent Jean-Jacques Rousseau,81.4,48.99399330190295,2.3847513006085923,1,18,18,1,1,1,True,True,testé_puis_enseigné,2025-12-11 08:13:41+01:00,2025-12-11 11:03:27+01:00,2025-12-11 08:13:41+01:00,2025-12-11 08:50:07+01:00,0.025300925925925925,1,2025-2026,1,2025-2026,False,False,True,False,True
2dbf95b5c5289b340cd53d7d7dd016ec,0180005H,lycee,Public,Orléans-Tours,Cher,Bourges,Lycée général Alain Fournier,108.6,47.10050314893511,2.4137697241098746,0,12,12,4,1,1,False,True,enseigné_sans_test,2024-04-19 10:47:17+02:00,2024-05-13 08:35:51+02:00,,2024-04-19 10:47:17+02:00,,1,2023-2024,1,2023-2024,True,False,False,False,False
2f6f9511d19e149c14c78a0f4076bc60,2430001F,,,,,,,,,,15,0,0,0,2,0,True,False,testé_seulement,2025-12-12 02:47:25+01:00,2026-01-21 03:45:46+01:00,2025-12-12 02:47:25+01:00,,,1,2025-2026,0,,False,False,True,False,False
30d0ba9b8cdcf581b16c5722a2ae0c7a,0352760K,college,Public,Rennes,Ille-et-Vilaine,La Mézière,Collège Germaine Tillion,123.6,48.209620117558444,-1.7442999284505625,1,0,0,0,1,0,True,False,testé_seulement,2026-01-15 11:32:27+01:00,2026-01-15 11:32:27+01:00,2026-01-15 11:32:27+01:00,,,1,2025-2026,0,,False,False,True,False,False
32306be3abead946f07fda976c853252,0750680G,lycee,Public,Paris,Paris,Paris 12e  Arrondissement,Lycée général et technologique Arago,122.7,48.847927308794425,2.394315498648954,1,15,15,1,1,1,True,True,testé_puis_enseigné,2026-03-16 00:06:16+01:00,2026-03-16 14:42:37+01:00,2026-03-16 00:06:16+01:00,2026-03-16 14:14:52+01:00,0.5893055555555555,1,2025-2026,1,2025-2026,False,False,True,False,True
32ee09566baa3a4970fecc1eb761a969,0100022V,lycee,Public,Reims,Aube,Troyes,Lycée général et technologique Chrestien de Troyes,107.5,48.2697098160697,4.077339374908083,0,35,35,1,1,1,False,True,enseigné_sans_test,2026-06-05 12:10:36+02:00,2026-06-05 14:16:52+02:00,,2026-06-05 12:10:36+02:00,,1,2025-2026,1,2025-2026,False,False,True,False,True
3351eb099ecbbe6c28d25bb44ff4c619,0590011S,lycee,Public,Lille,Nord,Armentières,Lycée polyvalent Gustave Eiffel - Lycée des métiers,111.8,50.68889482830899,2.8709805526447854,0,14,14,2,1,1,False,True,enseigné_sans_test,2024-12-11 12:16:25+01:00,2024-12-11 12:26:52+01:00,,2024-12-11 12:16:25+01:00,,1,2024-2025,1,2024-2025,False,True,False,True,False
339d7266dab043227a15b832a5a0b367,0930833A,lycee,Public,Créteil,Seine-Saint-Denis,Aulnay-sous-Bois,Lycée enseignement général et technologique Jean Zay,93.0,48.936149484824476,2.5034290582623515,1,8,8,2,1,1,True,True,testé_puis_enseigné,2026-02-13 13:01:38+01:00,2026-03-13 08:27:10+01:00,2026-02-13 13:01:38+01:00,2026-02-13 13:31:39+01:00,0.020844907407407406,1,2025-2026,1,2025-2026,False,False,True,False,True
343e6f3860ca2aaad0978d960b1c29ce,,,,,,,,,,,0,15,15,1,1,1,False,True,enseigné_sans_test,2024-12-18 08:07:08+01:00,2024-12-18 08:13:02+01:00,,2024-12-18 08:07:08+01:00,,1,2024-2025,1,2024-2025,False,True,False,True,False
36672a3f8febb14d9ce8fde7d994e16c,,,,,,,,,,,0,87,67,7,2,2,False,True,enseigné_sans_test,2024-05-13 11:16:13+02:00,2026-03-05 12:43:56+01:00,,2024-05-13 11:16:13+02:00,,3,2023-2024|2024-2025|2025-2026,3,2023-2024|2024-2025|2025-2026,True,True,True,True,True
366967b75ad0cf8205da0d955c78290e,0590064Z,lycee,Public,Lille,Nord,Douai,Lycée général et technologique Jean-Baptiste Corot,100.6,50.37451372192315,3.0786206356480013,2,99,52,11,2,2,True,True,enseigné_puis_testé,2025-03-03 13:01:11+01:00,2026-05-26 13:09:54+02:00,2025-03-05 13:27:54+01:00,2025-03-03 13:01:11+01:00,-2.018553240740741,2,2024-2025|2025-2026,2,2024-2025|2025-2026,False,True,True,True,True
390f1cd9754acdf5bb8036923727f096,0590102R,lycee,Public,Lille,Nord,Hazebrouck,Lycée Professionnel des Monts de Flandre,82.9,50.73117704127288,2.5290609979501575,1,0,0,0,1,0,True,False,testé_seulement,2026-06-02 17:31:05+02:00,2026-06-02 17:31:05+02:00,2026-06-02 17:31:05+02:00,,,1,2025-2026,0,,False,False,True,False,False
39ebcce8a4636d59e19eec5161f6faeb,0342066L,lycee,Public,Montpellier,Hérault,Saint-Clément-de-Rivière,Lycée polyvalent Jean Jaurès,127.1,43.710865475738224,3.833289619119724,2,0,0,0,2,0,True,False,testé_seulement,2024-06-11 11:15:28+02:00,2024-06-11 18:00:19+02:00,2024-06-11 11:15:28+02:00,,,1,2023-2024,0,,True,False,False,False,False
39ec84a99221f244f1eb7e01c2231d38,0340002T,lycee,Public,Montpellier,Hérault,Agde,Lycée polyvalent Auguste Loubatières,103.8,43.30007019028133,3.483059564561272,2,0,0,0,2,0,True,False,testé_seulement,2026-03-24 11:07:21+01:00,2026-03-24 15:09:56+01:00,2026-03-24 11:07:21+01:00,,,1,2025-2026,0,,False,False,True,False,False
3b1bb0b8224c9b30776c5a983a7f326b,0060031B,lycee,Public,Nice,Alpes-Maritimes,Nice,Lycée général et technologique Albert Calmette,117.5,43.70401307338582,7.2713763871002195,0,28,28,1,1,1,False,True,enseigné_sans_test,2025-12-17 08:02:40+01:00,2025-12-17 09:09:47+01:00,,2025-12-17 08:02:40+01:00,,1,2025-2026,1,2025-2026,False,False,True,False,True
3b3be1d39f1841009e51da86aad70ddd,0780422K,lycee,Public,Versailles,Yvelines,Les Mureaux,Lycée général et technologique François Villon,101.8,48.97699910971362,1.922362889113734,0,38,38,4,1,1,False,True,enseigné_sans_test,2025-04-10 08:39:45+02:00,2025-05-21 08:56:05+02:00,,2025-04-10 08:39:45+02:00,,1,2024-2025,1,2024-2025,False,True,False,True,False
3be024919e46a16aa7dbc152592654a0,0952284S,lycee,Public,Versailles,Val-d'Oise,Cormeilles-en-Parisis,Lycée général et technologique Philippe Kieffer,123.9,48.960228892758956,2.1872984545003415,0,4,4,1,1,1,False,True,enseigné_sans_test,2025-06-10 08:24:48+02:00,2025-06-10 09:31:34+02:00,,2025-06-10 08:24:48+02:00,,1,2024-2025,1,2024-2025,False,True,False,True,False
3c045c78a60754db71b841fcdcffec22,0331668J,lycee,Public,Bordeaux,Gironde,Mérignac,Lycée professionnel Marcel Dassault,92.4,44.83486785364598,-0.6489183011970837,0,31,31,3,1,1,False,True,enseigné_sans_test,2024-04-11 14:27:43+02:00,2025-03-20 12:01:32+01:00,,2024-04-11 14:27:43+02:00,,2,2023-2024|2024-2025,2,2023-2024|2024-2025,True,True,False,True,False
3d2984644a689d01ce244fe297f2b2ab,0590073J,lycee,Public,Lille,Nord,Dunkerque,Lycée général et technologique Auguste Angellier,111.7,51.04742707320568,2.418563018096749,0,33,33,3,1,1,False,True,enseigné_sans_test,2025-01-23 08:38:18+01:00,2025-01-30 14:23:06+01:00,,2025-01-23 08:38:18+01:00,,1,2024-2025,1,2024-2025,False,True,False,True,False
3e6551cc63c73882e4e957fc59ac2eb4,0596925G,lycee,Public,Lille,Nord,Genech,Lycée polyvalent Charlotte Perriand,129.9,50.52269734088659,3.218869763943286,0,160,96,47,2,2,False,True,enseigné_sans_test,2024-12-18 14:29:31+01:00,2026-04-07 23:01:44+02:00,,2024-12-18 14:29:31+01:00,,2,2024-2025|2025-2026,2,2024-2025|2025-2026,False,True,True,True,True
3f7750f356f3bfd02793424c4777cd42,0942269F,lycee,Public,Créteil,Val-de-Marne,Chevilly-Larue,Lycée polyvalent Pauline Roland - Lycée des métiers du transport et de la logistique,97.3,48.77285638144974,2.3401106946732,0,25,25,2,1,1,False,True,enseigné_sans_test,2026-05-26 11:17:02+02:00,2026-05-28 13:17:12+02:00,,2026-05-26 11:17:02+02:00,,1,2025-2026,1,2025-2026,False,False,True,False,True
3ff6075d8b467b01b49bbc0b8fd9b598,0911632E,lycee,Public,Versailles,Essonne,Arpajon,Lycée général et technologique René Cassin,122.6,48.58009042813943,2.2447813766054168,0,1,1,1,1,1,False,True,enseigné_sans_test,2026-05-26 12:05:11+02:00,2026-05-26 12:05:11+02:00,,2026-05-26 12:05:11+02:00,,1,2025-2026,1,2025-2026,False,False,True,False,True
429d21670093a08ffb061528b0561719,0310036W,lycee,Public,Toulouse,Haute-Garonne,Toulouse,Lycée général Pierre de Fermat,141.8,43.6032751508944,1.4398952901892104,0,62,42,3,1,1,False,True,enseigné_sans_test,2025-05-19 16:42:35+02:00,2025-05-23 11:00:24+02:00,,2025-05-19 16:42:35+02:00,,1,2024-2025,1,2024-2025,False,True,False,True,False
42a60de17520e7c2b7069c8b88e1b146,,,,,,,,,,,0,14,9,4,2,2,False,True,enseigné_sans_test,2026-06-02 21:04:28+02:00,2026-06-09 14:21:46+02:00,,2026-06-02 21:04:28+02:00,,1,2025-2026,1,2025-2026,False,False,True,False,True
435ad9b3729fb0ca87e1aeca02f48b5b,0260015A,lycee,Public,Grenoble,Drôme,Montélimar,Lycée général et technologique Alain Borne,112.6,44.55451964466936,4.745179968794982,0,11,11,1,1,1,False,True,enseigné_sans_test,2026-01-05 15:38:35+01:00,2026-01-05 15:50:08+01:00,,2026-01-05 15:38:35+01:00,,1,2025-2026,1,2025-2026,False,False,True,False,True
45645a27c4f1adc8a7a835976064a86d,0750673Z,lycee,Public,Paris,Paris,Paris 10e  Arrondissement,Lycée général Colbert,116.6,48.88270546564568,2.3634152185070483,2,9,9,1,2,1,True,True,testé_puis_enseigné,2025-03-13 16:02:35+01:00,2025-06-10 14:36:47+02:00,2025-03-13 16:02:35+01:00,2025-06-10 14:28:33+02:00,88.8930324074074,1,2024-2025,1,2024-2025,False,True,False,True,False
467dd5c885ec1d1f2088bf26de75027b,3510003W,,,,,,,,,,11,31,31,13,3,2,True,True,testé_puis_enseigné,2024-11-07 10:18:10+01:00,2026-01-02 22:06:16+01:00,2024-11-07 10:18:10+01:00,2025-05-13 11:10:14+02:00,186.99449074074073,2,2024-2025|2025-2026,2,2024-2025|2025-2026,False,True,True,True,True
46b3cc72464e4a733e126d74e483b44a,0590102R,lycee,Public,Lille,Nord,Hazebrouck,Lycée Professionnel des Monts de Flandre,82.9,50.73117704127288,2.5290609979501575,1,4,3,2,2,2,True,True,testé_puis_enseigné,2026-02-11 16:13:11+01:00,2026-06-15 10:45:31+02:00,2026-02-11 16:13:11+01:00,2026-06-09 10:49:31+02:00,117.73356481481481,1,2025-2026,1,2025-2026,False,False,True,False,True
46f790b593685a0b04b84e5e464dd84e,0300950V,lycee,Public,Montpellier,Gard,Bagnols-sur-Cèze,Lycée polyvalent Albert Einstein,102.7,44.161732020049385,4.6117063195147985,1,14,14,1,1,1,True,True,enseigné_puis_testé,2025-05-26 14:36:05+02:00,2025-05-26 14:54:24+02:00,2025-05-26 14:54:24+02:00,2025-05-26 14:36:05+02:00,-0.012719907407407407,1,2024-2025,1,2024-2025,False,True,False,True,False
48969fb6bc028a0969ce43ad9191fca1,0750711R,lycee,Public,Paris,Paris,Paris 19e  Arrondissement,Lycée général et technologique Henri Bergson,103.7,48.88112074883683,2.377938887612686,0,20,20,1,1,1,False,True,enseigné_sans_test,2025-03-28 12:18:37+01:00,2025-03-28 12:31:36+01:00,,2025-03-28 12:18:37+01:00,,1,2024-2025,1,2024-2025,False,True,False,True,False
4a00ec743cd160ce59b375e9d7e4696a,0601863Z,lycee,Public,Amiens,Oise,Compiègne,Lycée polyvalent Charles de Gaulle - Lycée des métiers de la restauration et du tourisme,106.8,49.38532643849857,2.780289962648359,7,0,0,0,7,0,True,False,testé_seulement,2025-02-22 15:32:43+01:00,2026-02-04 12:20:03+01:00,2025-02-22 15:32:43+01:00,,,2,2024-2025|2025-2026,0,,False,True,True,False,False
4aff5794542260176254ff25a1749fec,,,,,,,,,,,0,1,1,1,1,1,False,True,enseigné_sans_test,2025-04-18 03:25:23+02:00,2025-04-18 03:25:23+02:00,,2025-04-18 03:25:23+02:00,,1,2024-2025,1,2024-2025,False,True,False,True,False
4b32341470dd4b83b1e9a1ed5d4d0558,0930122C,lycee,Public,Créteil,Seine-Saint-Denis,Montreuil,Lycée général et technologique Condorcet,96.4,48.85750093339525,2.445528654993236,0,4,4,1,1,1,False,True,enseigné_sans_test,2026-06-08 15:15:57+02:00,2026-06-08 15:19:40+02:00,,2026-06-08 15:15:57+02:00,,1,2025-2026,1,2025-2026,False,False,True,False,True
4bebaa6ab739d485086df636eb26a2f9,,,,,,,,,,,0,6,6,1,1,1,False,True,enseigné_sans_test,2024-07-26 02:18:31+02:00,2024-07-26 02:32:42+02:00,,2024-07-26 02:18:31+02:00,,1,2023-2024,1,2023-2024,True,False,False,False,False
4cfacc6db5413bd2b592e2a4b928b343,0382920T,lycee,Public,Grenoble,Isère,Echirolles,Lycée général et technologique Marie Curie,105.1,45.14620717334296,5.717149823733709,0,4,4,2,1,1,False,True,enseigné_sans_test,2025-04-11 10:26:39+02:00,2025-04-11 14:40:30+02:00,,2025-04-11 10:26:39+02:00,,1,2024-2025,1,2024-2025,False,True,False,True,False
4ecbc1717f6aaf50fc526774b67f8b7f,0781949V,lycee,Public,Versailles,Yvelines,Guyancourt,Lycée général et technologique de Villaroy,114.7,48.76464573649027,2.068147179051419,0,16,16,1,1,1,False,True,enseigné_sans_test,2026-06-01 12:24:26+02:00,2026-06-01 12:31:06+02:00,,2026-06-01 12:24:26+02:00,,1,2025-2026,1,2025-2026,False,False,True,False,True
52238db3e51471b5f923a3481975f65d,0313083H,lycee,Public,Toulouse,Haute-Garonne,Gragnague,Lycée polyvalent Simone de Beauvoir,129.5,43.695220304399406,1.5799314862887304,0,33,33,2,1,1,False,True,enseigné_sans_test,2025-06-02 15:23:29+02:00,2026-05-26 10:16:02+02:00,,2025-06-02 15:23:29+02:00,,2,2024-2025|2025-2026,2,2024-2025|2025-2026,False,True,True,True,True
52955071dc948cc656af3f3fe251366e,0660004W,lycee,Public,Montpellier,Pyrénées-Orientales,Céret,"Lycée polyvalent Déodat de Séverac - Lycée des métiers du transport, de la logistique et des gestions associées",100.0,42.485310859764,2.7529518903184065,1,15,15,1,1,1,True,True,testé_puis_enseigné,2026-04-14 00:44:44+02:00,2026-04-14 10:23:18+02:00,2026-04-14 00:44:44+02:00,2026-04-14 10:17:32+02:00,0.3977777777777778,1,2025-2026,1,2025-2026,False,False,True,False,True
52e435e201b890b2bc879caf287a277e,,,,,,,,,,,0,9,9,1,1,1,False,True,enseigné_sans_test,2025-01-09 13:57:57+01:00,2025-01-09 14:09:30+01:00,,2025-01-09 13:57:57+01:00,,1,2024-2025,1,2024-2025,False,True,False,True,False
54ed85e7af8edc78637654cb4a89040e,0080804F,lycee,Public,Reims,Ardennes,Rethel,"Lycée d'enseignement général, technologique et professionnel agricole de Rethel",,49.5298392993156,4.374310087231184,0,12,12,1,1,1,False,True,enseigné_sans_test,2024-05-30 09:19:40+02:00,2024-05-30 11:19:34+02:00,,2024-05-30 09:19:40+02:00,,1,2023-2024,1,2023-2024,True,False,False,False,False
55fe226c8c921e4e29a76cad62e6b49c,0333273D,lycee,Public,Bordeaux,Gironde,Bègles,Lycée polyvalent Vaclav Havel,115.8,44.78623395902917,-0.5635368651660392,0,53,53,2,1,1,False,True,enseigné_sans_test,2026-05-11 15:09:38+02:00,2026-05-13 09:14:47+02:00,,2026-05-11 15:09:38+02:00,,1,2025-2026,1,2025-2026,False,False,True,False,True
563428342c5299fff73f675fe294745c,0342090M,lycee,Public,Montpellier,Hérault,Lunel,Lycée polyvalent victor Hugo,117.2,43.68966322044608,4.136117779311383,0,44,44,4,1,1,False,True,enseigné_sans_test,2025-06-02 09:14:59+02:00,2026-06-02 13:20:09+02:00,,2025-06-02 09:14:59+02:00,,2,2024-2025|2025-2026,2,2024-2025|2025-2026,False,True,True,True,True
58792426dd383a242f7a7d1a7de52ee6,0490001K,lycee,Public,Nantes,Maine-et-Loire,Angers,Lycée général David d'Angers,126.1,47.466223023595994,-0.5444200738515328,0,1,1,1,1,1,False,True,enseigné_sans_test,2025-05-27 09:07:06+02:00,2025-05-27 09:07:06+02:00,,2025-05-27 09:07:06+02:00,,1,2024-2025,1,2024-2025,False,True,False,True,False
5dfd56a0c44534f99c96afe049e82638,0492061Z,lycee,Public,Nantes,Maine-et-Loire,Angers,Lycée général et technologique Auguste et Jean Renoir,121.3,47.47567444696256,-0.5695701307031868,1,15,15,1,1,1,True,True,enseigné_puis_testé,2026-04-10 13:38:03+02:00,2026-04-10 13:42:44+02:00,2026-04-10 13:38:12+02:00,2026-04-10 13:38:03+02:00,-0.00010416666666666667,1,2025-2026,1,2025-2026,False,False,True,False,True
5e1b18c4c6a6d31695acbae3fd70ecc6,0754042L,lycee,Privé,Paris,Paris,Paris 13e  Arrondissement,Lycée polyvalent privé Le Rebours,131.3,48.83014424738715,2.3504442169888615,0,23,23,2,2,2,False,True,enseigné_sans_test,2025-05-07 11:01:39+02:00,2025-05-22 08:19:26+02:00,,2025-05-07 11:01:39+02:00,,1,2024-2025,1,2024-2025,False,True,False,True,False
5e6d0d5ea179521f3cf5107e0a1746cb,0100022V,lycee,Public,Reims,Aube,Troyes,Lycée général et technologique Chrestien de Troyes,107.5,48.2697098160697,4.077339374908083,0,16,16,2,1,1,False,True,enseigné_sans_test,2026-04-03 15:53:08+02:00,2026-04-10 15:44:10+02:00,,2026-04-03 15:53:08+02:00,,1,2025-2026,1,2025-2026,False,False,True,False,True
60c4650a8c0134ac1d2d51eeda29a133,0620006V,lycee,Public,Lille,Pas-de-Calais,Arras,Lycée général et technologique Robespierre,122.1,50.28746924484588,2.7655204011797494,0,38,38,3,1,1,False,True,enseigné_sans_test,2026-05-18 11:17:49+02:00,2026-05-27 08:10:29+02:00,,2026-05-18 11:17:49+02:00,,1,2025-2026,1,2025-2026,False,False,True,False,True
620cf34a42d15dec58ff09697700aa63,0130010R,lycee,Public,Aix-Marseille,Bouches-du-Rhône,Arles,Lycée polyvalent Montmajour,91.8,43.6967512399414,4.6390382745872465,3,11,11,2,3,1,True,True,testé_puis_enseigné,2025-05-24 17:48:46+02:00,2025-06-10 11:54:00+02:00,2025-05-24 17:48:46+02:00,2025-05-27 09:05:03+02:00,2.6363078703703704,1,2024-2025,1,2024-2025,False,True,False,True,False
622df5568f5d7fdc179484f869cb96c0,0624141P,lycee,Public,Lille,Pas-de-Calais,Calais,Lycée polyvalent Léonard de Vinci,101.4,50.95239038150301,1.8800993924364584,1,54,49,4,3,2,True,True,testé_puis_enseigné,2025-03-06 17:17:18+01:00,2026-06-08 16:43:07+02:00,2025-03-06 17:17:18+01:00,2026-03-16 13:57:34+01:00,374.8612962962963,2,2024-2025|2025-2026,1,2025-2026,False,True,True,False,True
63976c701b8a20b63c1158cc922d4749,,,,,,,,,,,0,5,3,3,3,3,False,True,enseigné_sans_test,2025-06-06 14:36:00+02:00,2025-06-06 15:02:24+02:00,,2025-06-06 14:36:00+02:00,,1,2024-2025,1,2024-2025,False,True,False,True,False
649e8eead0f3a9cf7f96fc7d7918881a,0782540M,lycee,Public,Versailles,Yvelines,Mantes-la-Jolie,Lycée polyvalent Jean Rostand,89.3,48.997956370212556,1.6966592625740586,0,6,6,1,1,1,False,True,enseigné_sans_test,2025-06-04 11:19:48+02:00,2025-06-04 11:29:30+02:00,,2025-06-04 11:19:48+02:00,,1,2024-2025,1,2024-2025,False,True,False,True,False
65a31da7ede4dc9b03fb5bbf8f442ce9,0750693W,lycee,Public,Paris,Paris,Paris 15e  Arrondissement,Lycée général et technologie Buffon,132.7,48.843450595841645,2.3117184295922955,0,28,28,2,1,1,False,True,enseigné_sans_test,2026-06-01 14:05:57+02:00,2026-06-02 11:53:16+02:00,,2026-06-01 14:05:57+02:00,,1,2025-2026,1,2025-2026,False,False,True,False,True
670bbddf1a2e0e40399a68d71c83a896,0640228A,college,Public,Bordeaux,Pyrénées-Atlantiques,Hendaye,Collège Irandatz,104.4,43.351104277682055,-1.775331375063202,3,5,4,3,2,2,True,True,enseigné_puis_testé,2025-11-25 23:58:32+01:00,2025-11-27 15:54:06+01:00,2025-11-27 14:11:57+01:00,2025-11-25 23:58:32+01:00,-1.592650462962963,1,2025-2026,1,2025-2026,False,False,True,False,True
6843d0d94881e93f27870db20f1dc06f,0752182P,,,,,,,,,,1,0,0,0,1,0,True,False,testé_seulement,2026-04-13 11:55:06+02:00,2026-04-13 11:55:06+02:00,2026-04-13 11:55:06+02:00,,,1,2025-2026,0,,False,False,True,False,False
6895ba78e8ba648aee3455425dd6bae3,0561534N,lycee,Public,Rennes,Morbihan,Auray,Lycée général et technologique Benjamin Franklin,119.4,47.67225559989655,-2.979710208529418,0,3,3,1,1,1,False,True,enseigné_sans_test,2024-05-30 13:48:29+02:00,2024-05-30 14:10:00+02:00,,2024-05-30 13:48:29+02:00,,1,2023-2024,1,2023-2024,True,False,False,False,False
690da12ebaf6303195504598968ec7e9,0595867G,lycee,Public,Lille,Nord,Lille,Lycée général et technologique international Montebello,106.5,50.620118605335925,3.0474805569861947,0,36,36,5,1,1,False,True,enseigné_sans_test,2024-11-14 09:09:35+01:00,2025-01-25 09:42:44+01:00,,2024-11-14 09:09:35+01:00,,1,2024-2025,1,2024-2025,False,True,False,True,False
6a44e026852b0dc15f5f77a1937a08e5,1340005C,,,,,,,,,,41,36,36,6,4,1,True,True,testé_puis_enseigné,2025-03-24 22:26:26+01:00,2026-03-20 09:40:20+01:00,2025-03-24 22:26:26+01:00,2026-01-09 08:39:03+01:00,290.42542824074076,2,2024-2025|2025-2026,1,2025-2026,False,True,True,False,True
6c3759c1580e6771fe9564abed273794,0350710G,lycee,Public,Rennes,Ille-et-Vilaine,Rennes,Lycée général François-René de Chateaubriand,139.1,48.1233633632789,-1.6494796949846533,0,28,28,1,1,1,False,True,enseigné_sans_test,2026-06-05 16:25:02+02:00,2026-06-05 17:25:53+02:00,,2026-06-05 16:25:02+02:00,,1,2025-2026,1,2025-2026,False,False,True,False,True
6d13579549b8661024b92a87343b74e9,0590073J,lycee,Public,Lille,Nord,Dunkerque,Lycée général et technologique Auguste Angellier,111.7,51.04742707320568,2.418563018096749,3,0,0,0,3,0,True,False,testé_seulement,2025-01-15 17:18:34+01:00,2025-02-03 14:47:01+01:00,2025-01-15 17:18:34+01:00,,,1,2024-2025,0,,False,True,False,False,False
6d2eda0179f50339747bab74a4c3f62b,0624141P,lycee,Public,Lille,Pas-de-Calais,Calais,Lycée polyvalent Léonard de Vinci,101.4,50.95239038150301,1.8800993924364584,0,18,17,1,1,1,False,True,enseigné_sans_test,2026-03-27 12:29:34+01:00,2026-03-27 12:42:14+01:00,,2026-03-27 12:29:34+01:00,,1,2025-2026,1,2025-2026,False,False,True,False,True
6e6dcb21eb626f7fb6eb82eadd5d7b20,0300052U,lycee,Public,Montpellier,Gard,Le Vigan,Lycée polyvalent André Chamson,103.7,43.98961960667231,3.6011304524320003,1,0,0,0,1,0,True,False,testé_seulement,2026-04-09 11:13:29+02:00,2026-04-09 11:13:29+02:00,2026-04-09 11:13:29+02:00,,,1,2025-2026,0,,False,False,True,False,False
711150af8d6fcf8d29f45155ad44b655,0670007U,lycee,Public,Strasbourg,Bas-Rhin,Bouxwiller,Lycée général et technologique Adrien Zeller,115.8,48.82617234402131,7.484151560710911,1,17,17,1,1,1,True,True,testé_puis_enseigné,2026-05-25 16:38:06+02:00,2026-05-27 11:24:20+02:00,2026-05-25 16:38:06+02:00,2026-05-27 11:07:30+02:00,1.7704166666666667,1,2025-2026,1,2025-2026,False,False,True,False,True
72503e003be904c7899843ca7b4db9f7,0890005X,lycee,Public,Dijon,Yonne,Auxerre,Lycée polyvalent Fourier Saint-Germain,95.5,47.791452231543886,3.5517209913190477,1,6,6,2,1,1,True,True,testé_puis_enseigné,2026-02-05 16:22:59+01:00,2026-04-28 13:59:24+02:00,2026-02-05 16:22:59+01:00,2026-02-06 08:19:13+01:00,0.664050925925926,1,2025-2026,1,2025-2026,False,False,True,False,True
736414c09b23eb231830bd6d57c22640,0623915U,lycee,Public,Lille,Pas-de-Calais,Wingles,Lycée général et technologique Voltaire,106.5,50.488411414449956,2.8546904110900857,2,15,15,4,1,1,True,True,enseigné_puis_testé,2026-04-03 09:26:08+02:00,2026-04-07 15:47:33+02:00,2026-04-07 11:27:08+02:00,2026-04-03 09:26:08+02:00,-4.084027777777778,1,2025-2026,1,2025-2026,False,False,True,False,True
73e353a345caabdf1e9c46ec7b7edcfe,0922801V,lycee,Public,Versailles,Hauts-de-Seine,Boulogne-Billancourt,Lycée général et technologique Simone Veil,120.3,48.82698608047683,2.2417255523005926,0,23,23,2,1,1,False,True,enseigné_sans_test,2026-05-27 15:04:47+02:00,2026-06-04 16:58:29+02:00,,2026-05-27 15:04:47+02:00,,1,2025-2026,1,2025-2026,False,False,True,False,True
7522a10ddf6916abccf0163b58ca0543,0910727W,lycee,Public,Versailles,Essonne,Massy,"Lycée polyvalent Parc de Vilgenis, lycée des métiers du numérique, de l'industrie et des services",111.6,48.73154786458686,2.254524266984075,0,45,45,2,1,1,False,True,enseigné_sans_test,2025-09-29 10:14:53+02:00,2025-10-03 11:17:47+02:00,,2025-09-29 10:14:53+02:00,,1,2025-2026,1,2025-2026,False,False,True,False,True
756b924a34ef03980e5bd878be4358be,,,,,,,,,,,0,26,26,3,1,1,False,True,enseigné_sans_test,2024-12-18 12:28:34+01:00,2024-12-20 11:14:05+01:00,,2024-12-18 12:28:34+01:00,,1,2024-2025,1,2024-2025,False,True,False,True,False
77a1a54171b9c4acc5964f062b7520c6,0420008F,lycee,Public,Lyon,Loire,Charlieu,Lycée polyvalent Jérémie de la Rue,108.1,46.16975983274846,4.1714295732686235,0,7,7,1,1,1,False,True,enseigné_sans_test,2026-05-06 08:06:26+02:00,2026-05-06 08:09:40+02:00,,2026-05-06 08:06:26+02:00,,1,2025-2026,1,2025-2026,False,False,True,False,True
77ae623f0b8b9a646cce047815f871ee,9840024D,lycee,Public,Polynésie Française,Polynésie Française,Bora-bora,LYCEE POLYVALENT Ihi-tea no Vavau,,,,0,30,30,2,1,1,False,True,enseigné_sans_test,2025-06-03 00:21:26+02:00,2025-06-04 21:42:07+02:00,,2025-06-03 00:21:26+02:00,,1,2024-2025,1,2024-2025,False,True,False,True,False
784d0ea957f787b61c8256ee38c643cc,0421788R,lycee,Public,Lyon,Loire,Feurs,Lycée général et technologique du Forez,112.1,45.752524309194484,4.227440522060318,0,21,19,3,3,3,False,True,enseigné_sans_test,2026-02-04 11:38:00+01:00,2026-06-04 09:40:32+02:00,,2026-02-04 11:38:00+01:00,,1,2025-2026,1,2025-2026,False,False,True,False,True
798dd1bf90b25f34daa181fec32e68da,0301722J,lycee,Public,Montpellier,Gard,Villeneuve-lès-Avignon,Lycée général et technologique Jean Vilar,123.0,43.980979359209876,4.79051993015492,1,0,0,0,1,0,True,False,testé_seulement,2026-04-09 11:11:36+02:00,2026-04-09 11:11:36+02:00,2026-04-09 11:11:36+02:00,,,1,2025-2026,0,,False,False,True,False,False
79e10a2be96e1167fe27825b47b040de,0350011X,lycee,Public,Rennes,Ille-et-Vilaine,Fougères,Lycée général et technologique Jean Guéhenno,107.3,48.34843579021092,-1.2000949545422874,1,17,17,2,1,1,True,True,enseigné_puis_testé,2026-05-19 13:07:01+02:00,2026-05-31 23:46:13+02:00,2026-05-19 13:11:14+02:00,2026-05-19 13:07:01+02:00,-0.002928240740740741,1,2025-2026,1,2025-2026,False,False,True,False,True
7b0405f4aa84b29d7ba07a28aceeddb0,,,,,,,,,,,0,1,1,1,1,1,False,True,enseigné_sans_test,2026-01-30 18:22:18+01:00,2026-01-30 18:22:18+01:00,,2026-01-30 18:22:18+01:00,,1,2025-2026,1,2025-2026,False,False,True,False,True
7d10577660e3d926850a11d55a9f0999,0930124E,lycee,Public,Créteil,Seine-Saint-Denis,Pantin,Lycée général et technologique Marcelin Berthelot,86.5,48.90541136947215,2.394260520870352,0,36,36,1,1,1,False,True,enseigné_sans_test,2025-03-31 14:14:25+02:00,2025-03-31 15:46:01+02:00,,2025-03-31 14:14:25+02:00,,1,2024-2025,1,2024-2025,False,True,False,True,False
7e00f65b2cbe6b61cfb4ffba8be59bf8,0492148U,lycee,Public,Nantes,Maine-et-Loire,Les Ponts-de-Cé,Lycée général et technologique Jean Bodin,114.0,47.4413691161452,-0.5285097047395081,1,29,29,1,1,1,True,True,testé_puis_enseigné,2026-05-26 08:40:46+02:00,2026-05-29 14:37:58+02:00,2026-05-26 08:40:46+02:00,2026-05-29 13:31:12+02:00,3.2016898148148147,1,2025-2026,1,2025-2026,False,False,True,False,True
804fbcc4cdfe8246bf16a02ace3deb45,0780422K,lycee,Public,Versailles,Yvelines,Les Mureaux,Lycée général et technologique François Villon,101.8,48.97699910971362,1.922362889113734,0,28,28,1,1,1,False,True,enseigné_sans_test,2025-04-01 14:13:24+02:00,2025-04-01 15:20:53+02:00,,2025-04-01 14:13:24+02:00,,1,2024-2025,1,2024-2025,False,True,False,True,False
80e7ce68c45dd4b92ddd8df51cfaed2b,0590122M,lycee,Public,Lille,Nord,La Madeleine,Lycée polyvalent Valentine Labbé,85.9,50.647633412189506,3.072290231459998,0,1,1,1,1,1,False,True,enseigné_sans_test,2025-06-05 15:19:08+02:00,2025-06-05 15:19:08+02:00,,2025-06-05 15:19:08+02:00,,1,2024-2025,1,2024-2025,False,True,False,True,False
8260c7ce5505123686211e199cbea73a,0750711R,lycee,Public,Paris,Paris,Paris 19e  Arrondissement,Lycée général et technologique Henri Bergson,103.7,48.88112074883683,2.377938887612686,2,0,0,0,1,0,True,False,testé_seulement,2024-05-05 19:02:55+02:00,2024-05-05 21:55:21+02:00,2024-05-05 19:02:55+02:00,,,1,2023-2024,0,,True,False,False,False,False
8276e9788084b65d10841904193781bc,0830025B,lycee,Public,Nice,Var,Hyères,Lycée général et technologique Jean Aicard,105.5,43.1183869272029,6.126236055918523,0,41,41,1,1,1,False,True,enseigné_sans_test,2026-05-05 13:09:51+02:00,2026-05-05 15:24:36+02:00,,2026-05-05 13:09:51+02:00,,1,2025-2026,1,2025-2026,False,False,True,False,True
83e0de8c64ee8f4aad91c8b4f33f8aa1,0212045J,lycee,Public,Dijon,Côte-d'Or,Beaune,Lycée polyvalent Marey,106.9,47.02991281909782,4.850879519017569,5,97,71,3,5,3,True,True,testé_puis_enseigné,2026-05-29 18:59:42+02:00,2026-06-02 17:36:57+02:00,2026-05-29 18:59:42+02:00,2026-06-02 08:06:17+02:00,3.546238425925926,1,2025-2026,1,2025-2026,False,False,True,False,True
844e64befad0cc99b2405a9251f5dd51,0831559U,lycee,Public,Nice,Var,Saint-Maximin-la-Sainte-Baume,Lycée polyvalent Maurice Janetti,113.9,43.45702617700875,5.8569990548037305,1,0,0,0,1,0,True,False,testé_seulement,2023-12-27 17:46:30+01:00,2023-12-27 17:46:30+01:00,2023-12-27 17:46:30+01:00,,,1,2023-2024,0,,True,False,False,False,False
84648810564d94acf7686e085bebf4a6,,,,,,,,,,,0,47,47,4,2,2,False,True,enseigné_sans_test,2025-04-28 09:08:32+02:00,2026-06-02 14:43:32+02:00,,2025-04-28 09:08:32+02:00,,2,2024-2025|2025-2026,2,2024-2025|2025-2026,False,True,True,True,True
846f87c3be78ef2dbb46bad3d6ec911f,0750796H,lycee,Public,Paris,Paris,Paris 16e  Arrondissement,Lycée Professionnel Octave Feuilet,108.0,48.86126664977621,2.2724531358357214,2,14,14,2,1,1,True,True,enseigné_puis_testé,2026-04-09 14:08:16+02:00,2026-04-14 13:52:22+02:00,2026-04-09 14:10:13+02:00,2026-04-09 14:08:16+02:00,-0.0013541666666666667,1,2025-2026,1,2025-2026,False,False,True,False,True
84818c4c98199d56513cd4a11175e6a4,0313228R,lycee,Public,Toulouse,Haute-Garonne,Auterive,Lycée polyvalent Lydie Salvayre,,43.344804976943344,1.4747107086472113,0,21,21,1,1,1,False,True,enseigné_sans_test,2026-06-08 10:15:05+02:00,2026-06-08 11:39:16+02:00,,2026-06-08 10:15:05+02:00,,1,2025-2026,1,2025-2026,False,False,True,False,True
85e7026fb95b8406ac79539b0000a246,9840002E,lycee,Public,Polynésie Française,Polynésie Française,Papeete,Lycée général Paul Gauguin,,,,0,19,19,1,1,1,False,True,enseigné_sans_test,2026-05-21 22:14:07+02:00,2026-05-21 22:31:57+02:00,,2026-05-21 22:14:07+02:00,,1,2025-2026,1,2025-2026,False,False,True,False,True
8694959cf2d53e57681d8fdc472468d6,0622803K,lycee,Public,Lille,Pas-de-Calais,Longuenesse,Lycée général et technologique Blaise Pascal,104.6,50.73867971356185,2.2561397443597024,3,0,0,0,2,0,True,False,testé_seulement,2025-03-13 10:58:33+01:00,2025-03-17 08:08:31+01:00,2025-03-13 10:58:33+01:00,,,1,2024-2025,0,,False,True,False,False,False
86bce963ab4b0fd3f16832a5e2bb6039,0750693W,lycee,Public,Paris,Paris,Paris 15e  Arrondissement,Lycée général et technologie Buffon,132.7,48.843450595841645,2.3117184295922955,0,45,45,1,1,1,False,True,enseigné_sans_test,2026-04-13 13:59:56+02:00,2026-04-13 15:15:47+02:00,,2026-04-13 13:59:56+02:00,,1,2025-2026,1,2025-2026,False,False,True,False,True
88fe44df417bf91a4ad6be107418269c,0771512A,lycee,Public,Créteil,Seine-et-Marne,Lagny-sur-Marne,Lycée général et technologique Van Dongen,114.0,48.86783583652336,2.719144935356008,1,15,15,1,1,1,True,True,testé_puis_enseigné,2026-06-01 10:13:31+02:00,2026-06-01 14:31:21+02:00,2026-06-01 10:13:31+02:00,2026-06-01 14:20:52+02:00,0.17177083333333334,1,2025-2026,1,2025-2026,False,False,True,False,True
8c3f40687b40b55ff02312408d2c4429,0230051F,lycee,Public,Limoges,Creuse,Guéret,Lycée polyvalent Jean Favard,103.8,46.16763472828431,1.8557334973159072,3,84,84,4,1,1,True,True,enseigné_puis_testé,2026-05-26 08:00:39+02:00,2026-06-03 10:27:37+02:00,2026-06-01 14:08:12+02:00,2026-05-26 08:00:39+02:00,-6.255243055555556,1,2025-2026,1,2025-2026,False,False,True,False,True
8d4112ce0aabe7aeef422c136a222624,0600002B,lycee,Public,Amiens,Oise,Beauvais,Lycée polyvalent Paul Langevin - Lycée des métiers de l'industrie et du génie civil,102.0,49.4150526818292,2.108599765329404,0,11,11,3,1,1,False,True,enseigné_sans_test,2025-04-24 16:13:56+02:00,2025-05-15 15:48:31+02:00,,2025-04-24 16:13:56+02:00,,1,2024-2025,1,2024-2025,False,True,False,True,False
8e696e24b170e5eabd4a12d9210fbb1c,0590073J,lycee,Public,Lille,Nord,Dunkerque,Lycée général et technologique Auguste Angellier,111.7,51.04742707320568,2.418563018096749,3,25,25,1,1,1,True,True,testé_puis_enseigné,2024-12-10 09:47:03+01:00,2025-01-15 10:52:44+01:00,2024-12-10 09:47:03+01:00,2024-12-16 09:31:44+01:00,5.989363425925926,1,2024-2025,1,2024-2025,False,True,False,True,False
91055fce88cc4c7dbbdbe4a5e997b8cd,0492089E,lycee,Public,Nantes,Maine-et-Loire,Angers,Lycée général et technologique Emmanuel Mounier,108.0,47.489917408044526,-0.5269851587014079,2,26,25,2,1,1,True,True,testé_puis_enseigné,2026-01-12 09:59:26+01:00,2026-02-06 15:03:29+01:00,2026-01-12 09:59:26+01:00,2026-01-12 13:28:42+01:00,0.14532407407407408,1,2025-2026,1,2025-2026,False,False,True,False,True
910a32e850dfad9046479c56f81e8242,0770930T,lycee,Public,Créteil,Seine-et-Marne,Meaux,Lycée général et technologique Henri Moissan,105.7,48.9587066334898,2.87505516661365,1,53,53,2,2,2,True,True,testé_puis_enseigné,2026-02-15 14:27:20+01:00,2026-05-26 15:02:48+02:00,2026-02-15 14:27:20+01:00,2026-02-16 09:17:33+01:00,0.7848726851851852,1,2025-2026,1,2025-2026,False,False,True,False,True
912c3958f7545cc891334c5f671c7555,0911913K,lycee,Public,Versailles,Essonne,Gif-sur-Yvette,Lycée général et technologique Vallée de Chevreuse,145.1,48.70042148470852,2.0973454992825578,2,60,60,5,1,1,True,True,testé_puis_enseigné,2026-01-13 12:03:04+01:00,2026-06-04 13:34:16+02:00,2026-01-13 12:03:04+01:00,2026-01-15 08:02:19+01:00,1.8328125,1,2025-2026,1,2025-2026,False,False,True,False,True
91858518c5fe39f4fe7d3bbb48a3f8eb,0750673Z,lycee,Public,Paris,Paris,Paris 10e  Arrondissement,Lycée général Colbert,116.6,48.88270546564568,2.3634152185070483,0,39,39,2,1,1,False,True,enseigné_sans_test,2025-12-08 17:40:58+01:00,2026-02-17 11:47:56+01:00,,2025-12-08 17:40:58+01:00,,1,2025-2026,1,2025-2026,False,False,True,False,True
91fec4fb5493a828b4cdd2f0406423d8,0271582Y,lycee,Public,Normandie,Eure,Val-de-Reuil,Lycée général et technologique Marc Bloch,100.8,49.2682488269445,1.2026898590201793,0,3,3,1,1,1,False,True,enseigné_sans_test,2026-06-02 14:18:17+02:00,2026-06-02 14:42:32+02:00,,2026-06-02 14:18:17+02:00,,1,2025-2026,1,2025-2026,False,False,True,False,True
922a7fd3b1c537453af87329140dcfb2,0020034B,lycee,Public,Amiens,Aisne,Laon,Lycée polyvalent Pierre Méchain,98.2,49.56085698931031,3.634550107206578,1,1,1,1,1,1,True,True,enseigné_puis_testé,2026-01-23 20:01:49+01:00,2026-02-10 18:14:44+01:00,2026-02-10 18:14:44+01:00,2026-01-23 20:01:49+01:00,-17.925636574074073,1,2025-2026,1,2025-2026,False,False,True,False,True
92a09a6958a7bc231e259ce2daaf1422,0940126B,lycee,Public,Créteil,Val-de-Marne,Alfortville,Lycée polyvalent Maximilien Perret,92.6,48.78664176268498,2.4237637613102048,2,0,0,0,1,0,True,False,testé_seulement,2026-03-25 12:40:45+01:00,2026-06-16 10:18:15+02:00,2026-03-25 12:40:45+01:00,,,1,2025-2026,0,,False,False,True,False,False
941e1aaaba585b952b62c14a3a175a61,0781859X,lycee,Public,Versailles,Yvelines,Aubergenville,Lycée général et technologique Vincent Van Gogh,120.5,48.95435672415239,1.8550869574308326,0,2,2,1,1,1,False,True,enseigné_sans_test,2025-06-03 10:37:10+02:00,2025-06-03 11:04:25+02:00,,2025-06-03 10:37:10+02:00,,1,2024-2025,1,2024-2025,False,True,False,True,False
96674c9426c98f7b0b8610566df41c9c,,,,,,,,,,,1,4,4,1,1,1,True,True,enseigné_puis_testé,2026-01-13 07:39:50+01:00,2026-01-13 07:49:44+01:00,2026-01-13 07:43:46+01:00,2026-01-13 07:39:50+01:00,-0.0027314814814814814,1,2025-2026,1,2025-2026,False,False,True,False,True
96c57931e3471e683d0c83471e4c5d33,0622276M,lycee,Public,Lille,Pas-de-Calais,Berck,Lycée polyvalent Jan Lavezzari,98.4,50.39813402623474,1.5594971419606591,0,1,1,1,1,1,False,True,enseigné_sans_test,2026-03-09 08:48:27+01:00,2026-03-09 08:48:27+01:00,,2026-03-09 08:48:27+01:00,,1,2025-2026,1,2025-2026,False,False,True,False,True
974be74bd208a6357c60ef03e1a0631c,0951710T,lycee,Public,Versailles,Val-d'Oise,Vauréal,"Lycée polyvalent Camille Claudel, lycée des métiers des arts et du design",119.1,49.033255991192725,2.02202841753786,0,24,24,1,1,1,False,True,enseigné_sans_test,2025-05-27 13:50:44+02:00,2025-05-27 14:05:13+02:00,,2025-05-27 13:50:44+02:00,,1,2024-2025,1,2024-2025,False,True,False,True,False
97c9d2b8f623423aca706c97ffd68323,0590101P,lycee,Public,Lille,Nord,Hazebrouck,Lycée général et technologique des Flandres,112.2,50.73117704127288,2.5290609979501575,2,58,58,6,2,2,True,True,enseigné_puis_testé,2025-02-27 10:02:44+01:00,2026-02-09 09:06:16+01:00,2025-03-06 09:47:51+01:00,2025-02-27 10:02:44+01:00,-6.989664351851852,2,2024-2025|2025-2026,2,2024-2025|2025-2026,False,True,True,True,True
97ebc89b1c8e8fa811afd2f45b8e3e37,0590110Z,lycee,Public,Lille,Nord,Lambersart,Lycée général et technologique Jean Perrin,116.1,50.6475899494943,3.0391493491656583,0,16,16,1,1,1,False,True,enseigné_sans_test,2025-03-17 13:20:10+01:00,2025-03-17 13:22:19+01:00,,2025-03-17 13:20:10+01:00,,1,2024-2025,1,2024-2025,False,True,False,True,False
9b7f120b75e6cdb3a08eac5d9f7485df,9840002E,lycee,Public,Polynésie Française,Polynésie Française,Papeete,Lycée général Paul Gauguin,,,,2,30,22,3,1,1,True,True,enseigné_puis_testé,2025-06-03 20:17:14+02:00,2025-06-05 22:32:03+02:00,2025-06-03 20:17:37+02:00,2025-06-03 20:17:14+02:00,-0.0002662037037037037,1,2024-2025,1,2024-2025,False,True,False,True,False
9be18fe25419e34051ef4cde14df65da,0596925G,lycee,Public,Lille,Nord,Genech,Lycée polyvalent Charlotte Perriand,129.9,50.52269734088659,3.218869763943286,0,41,41,2,1,1,False,True,enseigné_sans_test,2024-11-12 15:27:32+01:00,2024-11-15 14:36:36+01:00,,2024-11-12 15:27:32+01:00,,1,2024-2025,1,2024-2025,False,True,False,True,False
9d0255caaf46279669aa6058972f18a5,0600013N,lycee,Public,Amiens,Oise,Clermont,Lycée général et technologique Cassini,110.1,49.383578390347346,2.406360498971291,0,33,33,2,2,2,False,True,enseigné_sans_test,2025-06-05 12:38:13+02:00,2026-05-21 14:51:11+02:00,,2025-06-05 12:38:13+02:00,,2,2024-2025|2025-2026,2,2024-2025|2025-2026,False,True,True,True,True
9f2c4b4d050e6cbfb6619fa773f54940,2050024M,,,,,,,,,,1,7,7,1,1,1,True,True,enseigné_puis_testé,2025-04-30 09:16:26+02:00,2025-04-30 09:31:54+02:00,2025-04-30 09:17:10+02:00,2025-04-30 09:16:26+02:00,-0.0005092592592592592,1,2024-2025,1,2024-2025,False,True,False,True,False
9ffd63e2a1045c79f76f414ba1b78fce,0492430A,lycee,Public,Nantes,Maine-et-Loire,Beaupréau-en-Mauges,Lycée polyvalent Julien Gracq,103.9,47.192347918877395,-0.9926804071890801,1,12,12,1,1,1,True,True,testé_puis_enseigné,2026-01-15 21:10:47+01:00,2026-01-22 13:34:48+01:00,2026-01-15 21:10:47+01:00,2026-01-22 13:26:45+01:00,6.6777546296296295,1,2025-2026,1,2025-2026,False,False,True,False,True
a078e37dd3e9c9a964f296ad06757af3,0750676C,lycee,Public,Paris,Paris,Paris 11e  Arrondissement,Lycée polyvalent Caroline Dorian,103.1,48.85440198778214,2.392412630364061,1,0,0,0,1,0,True,False,testé_seulement,2025-03-25 18:29:20+01:00,2025-03-25 18:29:20+01:00,2025-03-25 18:29:20+01:00,,,1,2024-2025,0,,False,True,False,False,False
a20565d70e1a94dcdc0e21e2281e079f,0540070H,lycee,Public,Nancy-Metz,Meurthe-et-Moselle,Vandoeuvre-lès-Nancy,Lycée général et technologique Jacques Callot,110.9,48.66635879315081,6.16134945280061,1,2,2,1,1,1,True,True,testé_puis_enseigné,2025-03-11 09:47:26+01:00,2025-03-11 13:09:23+01:00,2025-03-11 09:47:26+01:00,2025-03-11 13:08:45+01:00,0.13980324074074074,1,2024-2025,1,2024-2025,False,True,False,True,False
a48a4b9a53a670051a0ab02c820b4702,0620140R,lycee,Public,Lille,Pas-de-Calais,Montreuil-sur-Mer,Lycée polyvalent Eugène Woillez,103.0,50.46465147539644,1.7656944156132608,0,63,45,3,2,2,False,True,enseigné_sans_test,2025-02-26 09:35:11+01:00,2026-06-04 09:12:00+02:00,,2025-02-26 09:35:11+01:00,,2,2024-2025|2025-2026,2,2024-2025|2025-2026,False,True,True,True,True
a4af59770ac4fa648ebabd181e78fba4,0442094M,lycee,Public,Nantes,Loire-Atlantique,Orvault,Lycée Polyvalent Nicolas Appert - Lycée des métiers,124.8,47.25224884428174,-1.6090696887606002,0,39,32,5,2,2,False,True,enseigné_sans_test,2026-05-11 08:29:55+02:00,2026-05-19 14:41:54+02:00,,2026-05-11 08:29:55+02:00,,1,2025-2026,1,2025-2026,False,False,True,False,True
a6c3c194825eca7051d5ad637170b388,0590101P,lycee,Public,Lille,Nord,Hazebrouck,Lycée général et technologique des Flandres,112.2,50.73117704127288,2.5290609979501575,4,20,20,1,2,1,True,True,testé_puis_enseigné,2025-02-23 09:39:27+01:00,2026-03-05 12:02:39+01:00,2025-02-23 09:39:27+01:00,2026-03-05 11:54:30+01:00,375.0937847222222,2,2024-2025|2025-2026,1,2025-2026,False,True,True,False,True
a6d83683cf9e9f15c1a25926ba686368,0333273D,lycee,Public,Bordeaux,Gironde,Bègles,Lycée polyvalent Vaclav Havel,115.8,44.78623395902917,-0.5635368651660392,0,129,90,7,2,2,False,True,enseigné_sans_test,2026-03-06 14:16:41+01:00,2026-05-05 16:41:41+02:00,,2026-03-06 14:16:41+01:00,,1,2025-2026,1,2025-2026,False,False,True,False,True
a81ebd75104fcf5e8ba0c45f3fa16ea6,,,,,,,,,,,1,0,0,0,1,0,True,False,testé_seulement,2025-01-30 14:24:34+01:00,2025-01-30 14:24:34+01:00,2025-01-30 14:24:34+01:00,,,1,2024-2025,0,,False,True,False,False,False
a8dbe27ea899d14b7bd390bd6bc4c5f2,0620140R,lycee,Public,Lille,Pas-de-Calais,Montreuil-sur-Mer,Lycée polyvalent Eugène Woillez,103.0,50.46465147539644,1.7656944156132608,0,23,23,2,1,1,False,True,enseigné_sans_test,2025-03-04 09:36:27+01:00,2025-03-05 13:37:44+01:00,,2025-03-04 09:36:27+01:00,,1,2024-2025,1,2024-2025,False,True,False,True,False
aa21a759919f50bc522391ab82a4ec64,0596925G,lycee,Public,Lille,Nord,Genech,Lycée polyvalent Charlotte Perriand,129.9,50.52269734088659,3.218869763943286,0,4,4,1,1,1,False,True,enseigné_sans_test,2025-01-10 09:26:43+01:00,2025-01-10 09:30:04+01:00,,2025-01-10 09:26:43+01:00,,1,2024-2025,1,2024-2025,False,True,False,True,False
abba6fc3cee14b26ebcfe34fc793b7d4,0910626L,lycee,Public,Versailles,Essonne,Orsay,Lycée général et technologique Blaise Pascal,150.9,48.69577509777111,2.1862962374489117,1,0,0,0,1,0,True,False,testé_seulement,2026-05-19 17:04:26+02:00,2026-05-19 17:04:26+02:00,2026-05-19 17:04:26+02:00,,,1,2025-2026,0,,False,False,True,False,False
ad5da9c9c5716db4e459af2e68dc0825,0623328F,lycee,Public,Lille,Pas-de-Calais,Hénin-Beaumont,Lycée Professionnel Henri Senez - Lycée des Métiers,76.5,50.404301797466154,2.964260263514632,1,0,0,0,1,0,True,False,testé_seulement,2026-04-08 16:09:52+02:00,2026-04-08 16:09:52+02:00,2026-04-08 16:09:52+02:00,,,1,2025-2026,0,,False,False,True,False,False
af79f7bea177ec5b2ce9d82407224953,0320025D,lycee,Public,Toulouse,Gers,Nogaro,Lycée polyvalent d'Artagnan - Lycée des métiers,97.3,43.754191900515664,-0.02795020609659151,0,1,1,1,1,1,False,True,enseigné_sans_test,2026-05-22 16:30:38+02:00,2026-05-22 16:30:38+02:00,,2026-05-22 16:30:38+02:00,,1,2025-2026,1,2025-2026,False,False,True,False,True
afdaf080b2ad22e66ce77f946917fd8b,2430001F,,,,,,,,,,1,0,0,0,1,0,True,False,testé_seulement,2025-12-12 04:33:52+01:00,2025-12-12 04:33:52+01:00,2025-12-12 04:33:52+01:00,,,1,2025-2026,0,,False,False,True,False,False
b02a87f68dc6474f2fccde7bc7b1e163,0590117G,lycee,Public,Lille,Nord,Lille,Lycée général et technologique Louis Pasteur,115.4,50.642779647074164,3.0701394574229663,1,92,40,17,4,4,True,True,testé_puis_enseigné,2024-03-18 17:19:43+01:00,2026-05-20 12:51:04+02:00,2024-03-18 17:19:43+01:00,2024-03-19 15:23:51+01:00,0.919537037037037,2,2023-2024|2025-2026,2,2023-2024|2025-2026,True,False,True,False,True
b1ff07ad5686a27b10ca2be0f97c1e03,0750703G,lycee,Public,Paris,Paris,Paris 16e  Arrondissement,Lycée général Molière,130.2,48.855000626527904,2.2721249445436613,1,22,22,1,1,1,True,True,testé_puis_enseigné,2026-05-28 11:05:59+02:00,2026-05-28 15:11:20+02:00,2026-05-28 11:05:59+02:00,2026-05-28 14:09:19+02:00,0.12731481481481483,1,2025-2026,1,2025-2026,False,False,True,False,True
b2f7dd3a6bfa0378f3827b7d7c4f0049,0400933X,lycee,Public,Bordeaux,Landes,Saint-Vincent-de-Tyrosse,Lycée général Sud des Landes,119.4,43.66847664353599,-1.2942923104994875,0,29,29,3,1,1,False,True,enseigné_sans_test,2026-06-04 08:30:43+02:00,2026-06-05 10:36:31+02:00,,2026-06-04 08:30:43+02:00,,1,2025-2026,1,2025-2026,False,False,True,False,True
b32e445bdc748c40cdb27fd14c7a885a,0310036W,lycee,Public,Toulouse,Haute-Garonne,Toulouse,Lycée général Pierre de Fermat,141.8,43.6032751508944,1.4398952901892104,0,36,36,3,1,1,False,True,enseigné_sans_test,2025-06-03 10:16:27+02:00,2025-06-05 08:52:21+02:00,,2025-06-03 10:16:27+02:00,,1,2024-2025,1,2024-2025,False,True,False,True,False
b3c9c6b481f201a575db364f01c6de1d,0500035S,college,Public,Normandie,Manche,Gavray-sur-Sienne,Collège Roland Vaudatin,92.6,48.909471026638265,-1.3526035848336662,0,17,17,5,1,1,False,True,enseigné_sans_test,2025-05-06 13:06:29+02:00,2025-06-12 09:15:30+02:00,,2025-05-06 13:06:29+02:00,,1,2024-2025,1,2024-2025,False,True,False,True,False
b4944963b5c83d545c3d3022bcf03282,0750663N,lycee,Public,Paris,Paris,Paris  8e  Arrondissement,Lycée général et technologique Chaptal,139.2,48.881738320109136,2.3196885071009623,1,0,0,0,1,0,True,False,testé_seulement,2026-01-22 17:28:55+01:00,2026-01-22 17:28:55+01:00,2026-01-22 17:28:55+01:00,,,1,2025-2026,0,,False,False,True,False,False
b50dc3cce02ba098341f34bf1d086fb0,0932726H,college,Public,Créteil,Seine-Saint-Denis,Aubervilliers,Collège Miriam Makeba,88.7,48.909751896587984,2.37182835635895,1,9,9,1,1,1,True,True,enseigné_puis_testé,2025-10-03 15:14:28+02:00,2026-05-27 13:58:26+02:00,2026-05-27 13:58:26+02:00,2025-10-03 15:14:28+02:00,-235.94719907407406,1,2025-2026,1,2025-2026,False,False,True,False,True
b52faaaccdf5daa49968438c3fc86723,,,,,,,,,,,2,3,1,3,4,3,True,True,enseigné_puis_testé,2026-05-21 14:12:18+02:00,2026-05-26 10:19:41+02:00,2026-05-22 15:13:56+02:00,2026-05-21 14:12:18+02:00,-1.0428009259259259,1,2025-2026,1,2025-2026,False,False,True,False,True
b6622e4ef1a8d811316fe50fd2975faf,0340002T,lycee,Public,Montpellier,Hérault,Agde,Lycée polyvalent Auguste Loubatières,103.8,43.30007019028133,3.483059564561272,1,0,0,0,1,0,True,False,testé_seulement,2026-03-24 11:06:58+01:00,2026-03-24 11:06:58+01:00,2026-03-24 11:06:58+01:00,,,1,2025-2026,0,,False,False,True,False,False
b6c1c84e84eccb4db6f978ceb72a95dc,0624141P,lycee,Public,Lille,Pas-de-Calais,Calais,Lycée polyvalent Léonard de Vinci,101.4,50.95239038150301,1.8800993924364584,1,26,26,1,1,1,True,True,enseigné_puis_testé,2026-03-02 17:02:06+01:00,2026-03-14 08:14:14+01:00,2026-03-14 08:14:14+01:00,2026-03-02 17:02:06+01:00,-11.633425925925925,1,2025-2026,1,2025-2026,False,False,True,False,True
b76f966aceb7f0ff4e1e86f4c58b0393,0281047L,lycee,Public,Orléans-Tours,Eure-et-Loir,Chartres,Lycée général et technologique Fulbert,107.7,48.44571828486869,1.5081499052757152,1,20,20,2,1,1,True,True,testé_puis_enseigné,2025-09-26 10:40:08+02:00,2025-09-30 17:26:30+02:00,2025-09-26 10:40:08+02:00,2025-09-26 10:41:30+02:00,0.0009490740740740741,1,2025-2026,1,2025-2026,False,False,True,False,True
b7f35275308e23d4eba84fb57f45efd9,0910727W,lycee,Public,Versailles,Essonne,Massy,"Lycée polyvalent Parc de Vilgenis, lycée des métiers du numérique, de l'industrie et des services",111.6,48.73154786458686,2.254524266984075,1,26,26,3,1,1,True,True,enseigné_puis_testé,2026-05-20 10:18:49+02:00,2026-05-26 11:22:06+02:00,2026-05-20 10:19:19+02:00,2026-05-20 10:18:49+02:00,-0.00034722222222222224,1,2025-2026,1,2025-2026,False,False,True,False,True
b846705a088b4d524ccedb06445b6f15,0750712S,lycee,Public,Paris,Paris,Paris 19e  Arrondissement,Lycée polyvalent Diderot - Lycée des métiers de l'ingénierie industrielle et de l'horlogerie,103.2,48.88151208852299,2.39587754134031,1,0,0,0,1,0,True,False,testé_seulement,2025-09-08 06:50:04+02:00,2025-09-08 06:50:04+02:00,2025-09-08 06:50:04+02:00,,,1,2025-2026,0,,False,False,True,False,False
b89335a03ea138105ec156283f3a4b3e,0333273D,lycee,Public,Bordeaux,Gironde,Bègles,Lycée polyvalent Vaclav Havel,115.8,44.78623395902917,-0.5635368651660392,0,152,140,7,1,1,False,True,enseigné_sans_test,2026-03-09 08:45:42+01:00,2026-05-21 16:41:28+02:00,,2026-03-09 08:45:42+01:00,,1,2025-2026,1,2025-2026,False,False,True,False,True
b8e229a29ad312131bb5f802bf750d5e,0951756T,lycee,Public,Versailles,Val-d'Oise,Cergy,Lycée polyvalent Jules Verne,111.0,49.051789998059235,2.0098298991653794,0,6,6,1,1,1,False,True,enseigné_sans_test,2026-06-05 08:39:06+02:00,2026-06-05 08:43:32+02:00,,2026-06-05 08:39:06+02:00,,1,2025-2026,1,2025-2026,False,False,True,False,True
bac5c16e8ddd5aba46bf99b19c05fe93,0670002N,lycee,Public,Strasbourg,Bas-Rhin,Barr,Lycée général et technologique Schuré,114.4,48.40860275327867,7.4571555564387975,0,21,21,2,2,2,False,True,enseigné_sans_test,2026-05-25 12:20:02+02:00,2026-06-09 10:24:24+02:00,,2026-05-25 12:20:02+02:00,,1,2025-2026,1,2025-2026,False,False,True,False,True
bada95ab02ed2a61d4601f4db6ba9fcf,0600002B,lycee,Public,Amiens,Oise,Beauvais,Lycée polyvalent Paul Langevin - Lycée des métiers de l'industrie et du génie civil,102.0,49.4150526818292,2.108599765329404,0,14,14,1,1,1,False,True,enseigné_sans_test,2025-04-25 08:42:01+02:00,2025-04-25 11:49:23+02:00,,2025-04-25 08:42:01+02:00,,1,2024-2025,1,2024-2025,False,True,False,True,False
bb35bc30b3af4553a2e3a99ac147a0c1,,,,,,,,,,,1,0,0,0,1,0,True,False,testé_seulement,2025-08-29 15:24:15+02:00,2025-08-29 15:24:15+02:00,2025-08-29 15:24:15+02:00,,,1,2025-2026,0,,False,False,True,False,False
bc3e6127ca2263a0a9375a2efab8dae4,0750702F,lycee,Public,Paris,Paris,Paris 16e  Arrondissement,Lycée général et technologique Jean de La Fontaine,140.6,48.845190990860424,2.2565778962761875,0,31,31,1,1,1,False,True,enseigné_sans_test,2026-02-20 13:18:05+01:00,2026-02-20 13:29:14+01:00,,2026-02-20 13:18:05+01:00,,1,2025-2026,1,2025-2026,False,False,True,False,True
bce8cad7949fc4fbc98789c5303a7a3c,0601863Z,lycee,Public,Amiens,Oise,Compiègne,Lycée polyvalent Charles de Gaulle - Lycée des métiers de la restauration et du tourisme,106.8,49.38532643849857,2.780289962648359,4,15,15,2,3,1,True,True,testé_puis_enseigné,2025-03-18 16:53:32+01:00,2025-05-28 11:42:41+02:00,2025-03-18 16:53:32+01:00,2025-05-28 10:46:06+02:00,70.70317129629629,1,2024-2025,1,2024-2025,False,True,False,True,False
bd4e70bc0c3db9a72d3f86c65563536a,0910625K,lycee,Public,Versailles,Essonne,Montgeron,Lycée général et technologique Rosa Parks,109.0,48.704853889908485,2.453640007118009,0,38,26,4,2,2,False,True,enseigné_sans_test,2025-06-04 08:47:31+02:00,2025-06-10 11:04:27+02:00,,2025-06-04 08:47:31+02:00,,1,2024-2025,1,2024-2025,False,True,False,True,False
bd70048dbcc2587f1e7cc3eeff6fedd5,0340039H,lycee,Public,Montpellier,Hérault,Montpellier,Lycée général et technologique Georges Clemenceau,115.0,43.602663456709585,3.873020613002154,0,94,35,6,2,2,False,True,enseigné_sans_test,2025-10-07 10:21:34+02:00,2025-11-18 10:35:13+01:00,,2025-10-07 10:21:34+02:00,,1,2025-2026,1,2025-2026,False,False,True,False,True
bf0c74c12d97b92464c2618fe319da71,0601826J,lycee,Public,Amiens,Oise,Senlis,Lycée général et technologique Hugues Capet,118.5,49.191623321975094,2.571269631202975,0,27,27,2,1,1,False,True,enseigné_sans_test,2026-03-25 11:20:19+01:00,2026-03-26 12:30:45+01:00,,2026-03-25 11:20:19+01:00,,1,2025-2026,1,2025-2026,False,False,True,False,True
bf2f6a338108022ae83814df72a8bbc9,0590121L,lycee,Public,Lille,Nord,Lille,Lycée général et technologique César Baggio,95.8,50.61704679945079,3.0683106686912387,2,0,0,0,1,0,True,False,testé_seulement,2024-06-13 11:14:03+02:00,2024-06-13 11:29:02+02:00,2024-06-13 11:14:03+02:00,,,1,2023-2024,0,,True,False,False,False,False
bfc18917c66ad1c0a88ae2a6d7cbae15,0590102R,lycee,Public,Lille,Nord,Hazebrouck,Lycée Professionnel des Monts de Flandre,82.9,50.73117704127288,2.5290609979501575,0,5,3,4,3,3,False,True,enseigné_sans_test,2026-06-08 11:03:25+02:00,2026-06-11 14:12:56+02:00,,2026-06-08 11:03:25+02:00,,1,2025-2026,1,2025-2026,False,False,True,False,True
c08ae30017dd59ab94acc5eb90d0920b,0690026D,lycee,Public,Lyon,Rhône,Lyon 6e  Arrondissement,Lycée général du Parc,135.6,45.77170286114671,4.856922375378193,7,7,7,6,1,1,True,True,testé_puis_enseigné,2024-09-08 22:35:29+02:00,2026-05-28 08:49:55+02:00,2024-09-08 22:35:29+02:00,2026-04-02 09:17:21+02:00,570.4457407407407,2,2024-2025|2025-2026,1,2025-2026,False,True,True,False,True
c0f83d11c5318938a003c0a00dcded64,0590117G,lycee,Public,Lille,Nord,Lille,Lycée général et technologique Louis Pasteur,115.4,50.642779647074164,3.0701394574229663,1,87,63,4,2,2,True,True,enseigné_puis_testé,2024-12-13 15:17:52+01:00,2026-03-13 15:17:04+01:00,2025-05-23 15:20:57+02:00,2024-12-13 15:17:52+01:00,-160.96047453703704,2,2024-2025|2025-2026,2,2024-2025|2025-2026,False,True,True,True,True
c29b3351dd8939fe3563dda4aff051de,0940742W,lycee,Public,Créteil,Val-de-Marne,Limeil-Brévannes,Lycée polyvalent Guillaume Budé,103.1,48.743740806816575,2.510720424025152,0,5,5,2,1,1,False,True,enseigné_sans_test,2024-05-31 12:32:52+02:00,2024-06-04 13:48:34+02:00,,2024-05-31 12:32:52+02:00,,1,2023-2024,1,2023-2024,True,False,False,False,False
c3fd7907dc594c388f475cb51562427c,0140013N,lycee,Public,Normandie,Calvados,Caen,Lycée général et technologique Malherbe,129.1,49.17474566925929,-0.37308973026177494,2,24,24,2,1,1,True,True,testé_puis_enseigné,2026-03-14 14:22:03+01:00,2026-03-22 20:19:16+01:00,2026-03-14 14:22:03+01:00,2026-03-16 15:07:23+01:00,2.0314814814814817,1,2025-2026,1,2025-2026,False,False,True,False,True
c40fa9b24b655b82a010f4d54640bec3,0301862L,lycee,Public,Montpellier,Gard,Sommières,Lycée polyvalent Lucie Aubrac,120.3,43.7774617011605,4.067523627131194,0,37,31,3,2,2,False,True,enseigné_sans_test,2026-06-01 08:31:50+02:00,2026-06-02 09:51:27+02:00,,2026-06-01 08:31:50+02:00,,1,2025-2026,1,2025-2026,False,False,True,False,True
c5d35e8a7d6dc997153230aa021774fa,0060668U,lycee,Privé,Nice,Alpes-Maritimes,Antibes,Lycée général privé Mont Saint Jean,143.6,43.58099906733003,7.111349758581682,0,25,25,5,1,1,False,True,enseigné_sans_test,2026-05-28 10:41:51+02:00,2026-06-08 12:07:22+02:00,,2026-05-28 10:41:51+02:00,,1,2025-2026,1,2025-2026,False,False,True,False,True
c668d785fe9fd2a30583368f8be6ad39,0951710T,lycee,Public,Versailles,Val-d'Oise,Vauréal,"Lycée polyvalent Camille Claudel, lycée des métiers des arts et du design",119.1,49.033255991192725,2.02202841753786,0,21,21,4,1,1,False,True,enseigné_sans_test,2025-05-27 10:49:19+02:00,2025-06-02 17:07:29+02:00,,2025-05-27 10:49:19+02:00,,1,2024-2025,1,2024-2025,False,True,False,True,False
c676d07a5d5e925d79a243db611deaf8,0590121L,lycee,Public,Lille,Nord,Lille,Lycée général et technologique César Baggio,95.8,50.61704679945079,3.0683106686912387,0,10,10,1,1,1,False,True,enseigné_sans_test,2025-06-03 11:12:39+02:00,2025-06-03 12:17:09+02:00,,2025-06-03 11:12:39+02:00,,1,2024-2025,1,2024-2025,False,True,False,True,False
c7350bdccb412fa43d5b7e96129a268a,0140014P,lycee,Public,Normandie,Calvados,Caen,Lycée général et technologique Augustin Fresnel,113.8,49.1638472588597,-0.35519374304232526,2,50,32,3,1,1,True,True,testé_puis_enseigné,2025-01-13 15:21:32+01:00,2026-04-30 10:17:59+02:00,2025-01-13 15:21:32+01:00,2025-01-28 16:24:35+01:00,15.043784722222222,2,2024-2025|2025-2026,2,2024-2025|2025-2026,False,True,True,True,True
c81e728d9d4c2f636f067f89cc14862c,,,,,,,,,,,0,0,0,0,6,0,False,False,role_vide_seulement,2025-06-05 08:56:32+02:00,2026-06-02 17:17:57+02:00,,,,2,2024-2025|2025-2026,0,,False,True,True,False,False
c9acad9f55d42197687c1ca0b9968ecc,,,,,,,,,,,4,78,68,11,1,1,True,True,enseigné_puis_testé,2024-04-02 12:20:28+02:00,2026-04-09 09:25:34+02:00,2024-07-04 11:28:17+02:00,2024-04-02 12:20:28+02:00,-92.96376157407407,3,2023-2024|2024-2025|2025-2026,3,2023-2024|2024-2025|2025-2026,True,True,True,True,True
ca7e3ee845914dc2c1d6aec2566f0120,0920136Y,lycee,Public,Versailles,Hauts-de-Seine,Clichy,Lycée polyvalent Newton-Enrea,94.3,48.90905297767566,2.3068998920632153,2,14,14,3,2,2,True,True,testé_puis_enseigné,2026-03-30 20:40:53+02:00,2026-05-21 14:22:54+02:00,2026-03-30 20:40:53+02:00,2026-03-31 10:25:04+02:00,0.5723495370370371,1,2025-2026,1,2025-2026,False,False,True,False,True
cace46c61b00de1b60874936a093981d,2200001F,,,,,,,,,,16,0,0,0,4,0,True,False,testé_seulement,2026-01-22 03:40:39+01:00,2026-01-23 05:45:35+01:00,2026-01-22 03:40:39+01:00,,,1,2025-2026,0,,False,False,True,False,False
cc384c68ad503482fb24e6d1e3b512ae,0951788C,lycee,Public,Versailles,Val-d'Oise,Domont,Lycée polyvalent George Sand,116.2,49.027078954616286,2.3396725120879878,0,95,95,7,1,1,False,True,enseigné_sans_test,2026-02-05 16:16:58+01:00,2026-05-04 11:22:44+02:00,,2026-02-05 16:16:58+01:00,,1,2025-2026,1,2025-2026,False,False,True,False,True
ccd8acfb4d0131f6d8bf8e99f77481f0,0620140R,lycee,Public,Lille,Pas-de-Calais,Montreuil-sur-Mer,Lycée polyvalent Eugène Woillez,103.0,50.46465147539644,1.7656944156132608,1,16,16,1,1,1,True,True,testé_puis_enseigné,2026-02-12 20:28:25+01:00,2026-02-13 09:54:02+01:00,2026-02-12 20:28:25+01:00,2026-02-13 07:16:34+01:00,0.4501041666666667,1,2025-2026,1,2025-2026,False,False,True,False,True
cd57d5a3e45814d8ac433ead989c17d2,0300950V,lycee,Public,Montpellier,Gard,Bagnols-sur-Cèze,Lycée polyvalent Albert Einstein,102.7,44.161732020049385,4.6117063195147985,1,19,19,2,2,1,True,True,enseigné_puis_testé,2025-06-02 10:35:47+02:00,2025-06-04 09:23:16+02:00,2025-06-04 09:23:16+02:00,2025-06-02 10:35:47+02:00,-1.9496412037037036,1,2024-2025,1,2024-2025,False,True,False,True,False
cde8e077ff82f93b0b14d326154cfc70,0590223X,lycee,Public,Lille,Nord,Valenciennes,Lycée général et technologique du Hainaut,95.7,50.35766226026153,3.510349990297744,0,7,5,1,1,1,False,True,enseigné_sans_test,2026-02-06 08:25:06+01:00,2026-02-06 09:27:36+01:00,,2026-02-06 08:25:06+01:00,,1,2025-2026,1,2025-2026,False,False,True,False,True
ce9ec1ea7b114fdb8266df211f4e2aeb,0782568T,lycee,Public,Versailles,Yvelines,Le Vésinet,Lycée général et technologique Alain,143.7,48.890869828101486,2.1226130249115056,0,2,1,1,1,1,False,True,enseigné_sans_test,2025-03-11 11:26:31+01:00,2025-03-11 11:27:49+01:00,,2025-03-11 11:26:31+01:00,,1,2024-2025,1,2024-2025,False,True,False,True,False
cfcd208495d565ef66e7dff9f98764da,0590093F,lycee,Public,Lille,Nord,Haubourdin,Lycée polyvalent Beaupré - Lycée des Métiers de la Plasturgie,109.1,50.599202793596874,2.9873303455090494,4,446,404,48,7,7,True,True,enseigné_puis_testé,2024-05-16 07:53:20+02:00,2026-05-21 19:37:10+02:00,2025-02-02 19:01:54+01:00,2024-05-16 07:53:20+02:00,-262.50594907407407,3,2023-2024|2024-2025|2025-2026,3,2023-2024|2024-2025|2025-2026,True,True,True,True,True
cfda2dd6e273afdd8bb4a8bd6c49da94,0350028R,lycee,Public,Rennes,Ille-et-Vilaine,Rennes,Lycée général et technologique Bréquigny,113.3,48.08457249925098,-1.688419551002567,1,0,0,0,1,0,True,False,testé_seulement,2025-06-16 15:59:58+02:00,2025-06-16 15:59:58+02:00,2025-06-16 15:59:58+02:00,,,1,2024-2025,0,,False,True,False,False,False
d14c79289f9ee4a58973451c21a0a192,,,,,,,,,,,1,8,8,1,1,1,True,True,enseigné_puis_testé,2026-05-20 08:39:57+02:00,2026-05-20 09:00:41+02:00,2026-05-20 08:59:52+02:00,2026-05-20 08:39:57+02:00,-0.013831018518518519,1,2025-2026,1,2025-2026,False,False,True,False,True
d1bcaeee4888b58d6c6f3ceb5dc2452b,0490001K,lycee,Public,Nantes,Maine-et-Loire,Angers,Lycée général David d'Angers,126.1,47.466223023595994,-0.5444200738515328,0,23,23,1,1,1,False,True,enseigné_sans_test,2026-03-31 10:18:04+02:00,2026-03-31 10:26:26+02:00,,2026-03-31 10:18:04+02:00,,1,2025-2026,1,2025-2026,False,False,True,False,True
d23b028ed93a2bd3f92ca0f5ba5c9f62,0590198V,lycee,Public,Lille,Nord,Dunkerque,Lycée professionnel Georges Guynemer,76.9,51.027301603302405,2.356039773078277,1,6,6,2,1,1,True,True,testé_puis_enseigné,2026-03-19 23:27:46+01:00,2026-03-20 14:20:26+01:00,2026-03-19 23:27:46+01:00,2026-03-20 13:51:04+01:00,0.5995138888888889,1,2025-2026,1,2025-2026,False,False,True,False,True
d3965b04f217d52fd6644c30bf4087d9,0500002F,lycee,Public,Normandie,Manche,Avranches,Lycée Géneral et Téchnologique Emile Littré,109.9,48.67801076044812,-1.3591602020756042,0,17,17,1,1,1,False,True,enseigné_sans_test,2025-06-02 16:17:58+02:00,2025-06-02 16:39:53+02:00,,2025-06-02 16:17:58+02:00,,1,2024-2025,1,2024-2025,False,True,False,True,False
d52aa87b51b26dff75536aa5aa0160c4,0624141P,lycee,Public,Lille,Pas-de-Calais,Calais,Lycée polyvalent Léonard de Vinci,101.4,50.95239038150301,1.8800993924364584,0,49,49,3,1,1,False,True,enseigné_sans_test,2026-03-13 13:55:50+01:00,2026-03-20 14:04:32+01:00,,2026-03-13 13:55:50+01:00,,1,2025-2026,1,2025-2026,False,False,True,False,True
d6483ab539158029745c20878a8d7fe5,0333583R,lycee,Public,Bordeaux,Gironde,Créon,Lycée polyvalent Robert Badinter,125.5,44.767211833634036,-0.3633625380118293,1,31,31,1,1,1,True,True,testé_puis_enseigné,2026-05-29 10:55:01+02:00,2026-06-01 17:22:32+02:00,2026-05-29 10:55:01+02:00,2026-06-01 15:16:13+02:00,3.181388888888889,1,2025-2026,1,2025-2026,False,False,True,False,True
d662ebf3885b3463ae06c3f44e77b073,0752248L,college,Public,Paris,Paris,Paris  2e  Arrondissement,Collège César Franck,130.4,48.86541881778827,2.3443295437046494,1,38,23,4,2,2,True,True,enseigné_puis_testé,2026-05-28 10:56:10+02:00,2026-06-04 16:12:38+02:00,2026-05-28 11:21:04+02:00,2026-05-28 10:56:10+02:00,-0.017291666666666667,1,2025-2026,1,2025-2026,False,False,True,False,True
d7c56ea0a6654699a417c9cfd378a021,0641941M,college,Privé,Bordeaux,Pyrénées-Atlantiques,Ciboure,Collège privé Piarres Larzabal,124.1,43.38356763367067,-1.6901867572052691,1,3,3,2,1,1,True,True,enseigné_puis_testé,2025-10-14 00:29:45+02:00,2025-10-22 17:07:26+02:00,2025-10-22 16:42:12+02:00,2025-10-14 00:29:45+02:00,-8.6753125,1,2025-2026,1,2025-2026,False,False,True,False,True
d81105d3336ff9350b9ddc72266f4764,9840002E,lycee,Public,Polynésie Française,Polynésie Française,Papeete,Lycée général Paul Gauguin,,,,2,34,17,2,1,1,True,True,testé_puis_enseigné,2025-06-04 00:26:23+02:00,2025-06-04 03:21:27+02:00,2025-06-04 00:26:23+02:00,2025-06-04 01:21:53+02:00,0.03854166666666667,1,2024-2025,1,2024-2025,False,True,False,True,False
d87afe9255e2939a43e3db2b81546c1c,,,,,,,,,,,0,1,1,1,1,1,False,True,enseigné_sans_test,2025-03-09 17:58:48+01:00,2025-03-09 17:58:48+01:00,,2025-03-09 17:58:48+01:00,,1,2024-2025,1,2024-2025,False,True,False,True,False
d97404da4b58d8d189dde13d7cb23adf,0492123S,lycee,Public,Nantes,Maine-et-Loire,Angers,Lycée polyvalent Jean Moulin,105.9,47.49133245870875,-0.5499195559262553,0,28,28,3,1,1,False,True,enseigné_sans_test,2026-02-13 10:21:22+01:00,2026-03-30 10:00:32+02:00,,2026-02-13 10:21:22+01:00,,1,2025-2026,1,2025-2026,False,False,True,False,True
d9c435983d07dc7fa29963b25b03628b,0940116R,lycee,Public,Créteil,Val-de-Marne,Maisons-Alfort,Lycée général et technologique Eugène Delacroix,119.7,48.810789057415114,2.4259112918900176,1,36,36,3,1,1,True,True,enseigné_puis_testé,2026-04-03 08:04:06+02:00,2026-04-13 11:28:36+02:00,2026-04-13 11:28:36+02:00,2026-04-03 08:04:06+02:00,-10.142013888888888,1,2025-2026,1,2025-2026,False,False,True,False,True
da6e4471c42deb7d5aff6a681aede3d4,0930119Z,lycee,Public,Créteil,Seine-Saint-Denis,Drancy,Lycée polyvalent Eugène Delacroix,82.3,48.92500721472923,2.457936453412501,0,1,1,1,1,1,False,True,enseigné_sans_test,2026-05-08 11:15:25+02:00,2026-05-08 11:15:25+02:00,,2026-05-08 11:15:25+02:00,,1,2025-2026,1,2025-2026,False,False,True,False,True
daa49bfe20f89a9d4df95ac9fc98b607,0920137Z,lycee,Public,Versailles,Hauts-de-Seine,Colombes,Lycée général et technologique Guy de Maupassant,95.7,48.92798435958031,2.2414423985323815,0,2,2,1,1,1,False,True,enseigné_sans_test,2026-05-26 09:50:12+02:00,2026-05-26 11:04:58+02:00,,2026-05-26 09:50:12+02:00,,1,2025-2026,1,2025-2026,False,False,True,False,True
db5aca914eefba0d9dc0904dea4faf12,0600021X,lycee,Public,Amiens,Oise,Creil,Lycée général et technologique Jules Uhry,84.5,49.258621263841796,2.47333063537428,0,13,13,4,1,1,False,True,enseigné_sans_test,2025-05-19 09:28:11+02:00,2026-06-01 15:17:39+02:00,,2025-05-19 09:28:11+02:00,,2,2024-2025|2025-2026,2,2024-2025|2025-2026,False,True,True,True,True
dc86e5c1b77c661891d91aeca52ad8b6,0280021W,lycee,Public,Orléans-Tours,Eure-et-Loir,Dreux,Lycée polyvalent Edouard Branly - Lycée des métiers des sciences et de l'industrie,102.3,48.73089785965829,1.3783688238619873,0,8,8,1,1,1,False,True,enseigné_sans_test,2026-02-13 11:50:11+01:00,2026-02-13 11:52:36+01:00,,2026-02-13 11:50:11+01:00,,1,2025-2026,1,2025-2026,False,False,True,False,True
dda7f8a11c77e5656e16d46e381925d6,0590101P,lycee,Public,Lille,Nord,Hazebrouck,Lycée général et technologique des Flandres,112.2,50.73117704127288,2.5290609979501575,43,40,40,4,3,2,True,True,enseigné_puis_testé,2025-02-24 15:22:19+01:00,2026-01-16 16:44:58+01:00,2025-05-16 14:52:40+02:00,2025-02-24 15:22:19+01:00,-80.93774305555556,2,2024-2025|2025-2026,2,2024-2025|2025-2026,False,True,True,True,True
de043a5e421240eb846da8effe472ff1,0750655E,lycee,Public,Paris,Paris,Paris  5e  Arrondissement,Lycée général et technologique publique Louis Le Grand,145.1,48.84801821932347,2.344176457952448,0,63,63,8,1,1,False,True,enseigné_sans_test,2025-04-09 08:07:40+02:00,2026-06-02 15:54:08+02:00,,2025-04-09 08:07:40+02:00,,2,2024-2025|2025-2026,2,2024-2025|2025-2026,False,True,True,True,True
ded46950683c15fcd646548d06201ee6,,,,,,,,,,,0,56,55,7,1,1,False,True,enseigné_sans_test,2026-01-27 09:43:58+01:00,2026-04-20 13:16:46+02:00,,2026-01-27 09:43:58+01:00,,1,2025-2026,1,2025-2026,False,False,True,False,True
e02ea7b6e207c2b800607b186089d14e,0442094M,lycee,Public,Nantes,Loire-Atlantique,Orvault,Lycée Polyvalent Nicolas Appert - Lycée des métiers,124.8,47.25224884428174,-1.6090696887606002,0,8,8,1,1,1,False,True,enseigné_sans_test,2026-05-11 10:23:39+02:00,2026-05-11 10:25:53+02:00,,2026-05-11 10:23:39+02:00,,1,2025-2026,1,2025-2026,False,False,True,False,True
e0535f2571c9e8b32495934950f92d23,0250010A,lycee,Public,Besançon,Doubs,Besançon,Lycée général et technologique Louis Pergaud,107.6,47.264557933036464,6.042339373613688,0,59,50,6,3,3,False,True,enseigné_sans_test,2024-05-21 08:01:38+02:00,2025-05-22 16:11:04+02:00,,2024-05-21 08:01:38+02:00,,2,2023-2024|2024-2025,2,2023-2024|2024-2025,True,True,False,True,False
e28e9f77ac82ecc21c8172790d8c6230,0261505V,lycee,Public,Grenoble,Drôme,Valence,Lycée polyvalent Algoud-Laffemas - Lycée des métiers du numérique,106.7,44.918186245177196,4.916908181249479,0,19,19,3,1,1,False,True,enseigné_sans_test,2025-06-02 11:25:24+02:00,2025-06-10 14:16:25+02:00,,2025-06-02 11:25:24+02:00,,1,2024-2025,1,2024-2025,False,True,False,True,False
e2cd1846b3bb3d7b40da6b8433989f3a,0590121L,lycee,Public,Lille,Nord,Lille,Lycée général et technologique César Baggio,95.8,50.61704679945079,3.0683106686912387,1,37,27,3,3,2,True,True,testé_puis_enseigné,2025-02-18 10:45:24+01:00,2026-02-09 10:16:23+01:00,2025-02-18 10:45:24+01:00,2025-02-27 15:11:03+01:00,9.184479166666666,2,2024-2025|2025-2026,2,2024-2025|2025-2026,False,True,True,True,True
e2d0c609707c209b90f1beaef5fdbe45,0750690T,lycee,Public,Paris,Paris,Paris 14e  Arrondissement,Lycée général et technologique François Villon,99.6,48.826222298748995,2.3058203184226214,0,2,2,2,1,1,False,True,enseigné_sans_test,2024-05-17 14:43:23+02:00,2024-05-17 14:46:28+02:00,,2024-05-17 14:43:23+02:00,,1,2023-2024,1,2023-2024,True,False,False,False,False
e2ffe6e3efad872631508762c767e73b,0910626L,lycee,Public,Versailles,Essonne,Orsay,Lycée général et technologique Blaise Pascal,150.9,48.69577509777111,2.1862962374489117,3,65,65,9,3,1,True,True,testé_puis_enseigné,2025-06-03 10:59:13+02:00,2026-02-07 17:20:36+01:00,2025-06-03 10:59:13+02:00,2026-01-20 19:57:07+01:00,231.41520833333334,2,2024-2025|2025-2026,1,2025-2026,False,True,True,False,True
e48dd867df7059d1f6141a06ce3655d9,0620140R,lycee,Public,Lille,Pas-de-Calais,Montreuil-sur-Mer,Lycée polyvalent Eugène Woillez,103.0,50.46465147539644,1.7656944156132608,1,16,16,2,1,1,True,True,testé_puis_enseigné,2026-06-08 10:48:05+02:00,2026-06-08 14:43:09+02:00,2026-06-08 10:48:05+02:00,2026-06-08 10:49:37+02:00,0.0010648148148148149,1,2025-2026,1,2025-2026,False,False,True,False,True
e5fafbf1cde2e07106478dfa3ad1e7a7,0441552Y,lycee,Public,Nantes,Loire-Atlantique,Nantes,Lycée Polyvalent les Bourdonnières,113.2,47.18616538280837,-1.5174799567161925,3,42,42,2,3,2,True,True,testé_puis_enseigné,2026-05-11 22:24:58+02:00,2026-05-28 11:16:52+02:00,2026-05-11 22:24:58+02:00,2026-05-26 13:55:33+02:00,14.646238425925926,1,2025-2026,1,2025-2026,False,False,True,False,True
ea95de08542db1d94fe393abd1a5ce8d,0690023A,lycee,Public,Lyon,Rhône,Lyon 2e  Arrondissement,Lycée général et technologique Ampère,124.0,45.76528336519406,4.83700438868978,2,122,110,47,4,4,True,True,enseigné_puis_testé,2025-04-08 17:23:34+02:00,2026-05-07 10:56:24+02:00,2025-04-18 09:35:26+02:00,2025-04-08 17:23:34+02:00,-9.674907407407407,2,2024-2025|2025-2026,2,2024-2025|2025-2026,False,True,True,True,True
eb59bc5fff4fa5cf702ab687b28da0e1,0624141P,lycee,Public,Lille,Pas-de-Calais,Calais,Lycée polyvalent Léonard de Vinci,101.4,50.95239038150301,1.8800993924364584,4,136,77,8,5,5,True,True,enseigné_puis_testé,2025-02-25 09:19:50+01:00,2026-05-23 09:08:13+02:00,2025-03-07 09:17:11+01:00,2025-02-25 09:19:50+01:00,-9.998159722222223,2,2024-2025|2025-2026,2,2024-2025|2025-2026,False,True,True,True,True
f0111496b11e91f185c976a0000be631,0762976X,lycee,Public,Normandie,Seine-Maritime,Le Havre,"Lycée polyvalent Françoise de Grace - Lycée des métiers E 3S, Environnement, Services, Santé, Social",83.7,49.49280869089038,0.14954842620010605,0,8,8,1,1,1,False,True,enseigné_sans_test,2024-05-30 13:25:06+02:00,2024-05-30 13:41:50+02:00,,2024-05-30 13:25:06+02:00,,1,2023-2024,1,2023-2024,True,False,False,False,False
f070d86251aaa3f977261bc44bce5341,0180008L,lycee,Public,Orléans-Tours,Cher,Bourges,Lycée polyvalent Pierre-Emile Martin - Lycée des métiers de l'ingénierie de l'énergie et de l'environnement,104.5,47.07524842409908,2.405960207722748,1,0,0,0,1,0,True,False,testé_seulement,2025-11-27 11:24:26+01:00,2025-11-27 11:24:26+01:00,2025-11-27 11:24:26+01:00,,,1,2025-2026,0,,False,False,True,False,False
f071598c472ee319d5f02838bb0dc627,0341794R,lycee,Public,Montpellier,Hérault,Lattes,"Lycée polyvalent Jean-François Champollion, Lycée des métiers de la communication et des usages du numérique",118.1,43.586276348733875,3.9312699294410627,1,78,67,11,3,3,True,True,enseigné_puis_testé,2025-05-22 16:30:00+02:00,2025-12-09 07:30:14+01:00,2025-12-03 17:45:55+01:00,2025-05-22 16:30:00+02:00,-195.09438657407406,2,2024-2025|2025-2026,2,2024-2025|2025-2026,False,True,True,True,True
f12f2b34a0c3174269c19e21c07dee68,0750648X,lycee,Public,Paris,Paris,Paris  3e  Arrondissement,Lycée général et technologique Victor Hugo,138.9,48.85751187081702,2.363169676401168,0,67,67,3,2,2,False,True,enseigné_sans_test,2026-02-10 11:28:27+01:00,2026-04-17 14:36:37+02:00,,2026-02-10 11:28:27+01:00,,1,2025-2026,1,2025-2026,False,False,True,False,True
f1743d5ab31d43f05733b69c289ff986,9840001D,lycee,Public,Polynésie Française,Polynésie Française,Uturoa,LYCEE DE UTUROA,,,,0,5,5,2,1,1,False,True,enseigné_sans_test,2026-06-03 00:46:51+02:00,2026-06-05 21:51:39+02:00,,2026-06-03 00:46:51+02:00,,1,2025-2026,1,2025-2026,False,False,True,False,True
f29ef2306686ee8d37dc64cd2be35a82,0590110Z,lycee,Public,Lille,Nord,Lambersart,Lycée général et technologique Jean Perrin,116.1,50.6475899494943,3.0391493491656583,2,37,33,6,2,2,True,True,testé_puis_enseigné,2024-04-03 22:12:13+02:00,2025-04-02 20:41:16+02:00,2024-04-03 22:12:13+02:00,2024-05-06 14:35:10+02:00,32.682604166666664,2,2023-2024|2024-2025,2,2023-2024|2024-2025,True,True,False,True,False
f2b2d481eb8437e81085b1eb3e890174,0922579D,college,Public,Versailles,Hauts-de-Seine,Nanterre,Ecole de danse de l'Opéra de Paris,146.2,48.894126740321205,2.2206979150698913,0,13,13,1,1,1,False,True,enseigné_sans_test,2026-03-11 08:11:34+01:00,2026-03-11 08:24:02+01:00,,2026-03-11 08:11:34+01:00,,1,2025-2026,1,2025-2026,False,False,True,False,True
f39ca1f740f3a1a5bf3557cd3a477c7c,0830050D,lycee,Public,Nice,Var,La Seyne-sur-Mer,Lycée général et technologique Beaussier,108.4,43.100072844126316,5.8783155783849335,0,18,18,1,1,1,False,True,enseigné_sans_test,2026-04-27 09:09:54+02:00,2026-04-27 09:16:24+02:00,,2026-04-27 09:09:54+02:00,,1,2025-2026,1,2025-2026,False,False,True,False,True
f3c1e199c60bd712bd13d0b112100a9c,0921399W,lycee,Public,Versailles,Hauts-de-Seine,Montrouge,Lycée général et technologique Maurice Genevoix,106.1,48.81052663525963,2.3229896222976945,0,21,12,2,2,2,False,True,enseigné_sans_test,2026-04-07 11:14:07+02:00,2026-04-07 12:11:25+02:00,,2026-04-07 11:14:07+02:00,,1,2025-2026,1,2025-2026,False,False,True,False,True
f45f94bd17bd49ecd6fe23c5a05560ea,0672806L,lycee,Public,Strasbourg,Bas-Rhin,Strasbourg,Lycée polyvalent Marcel Rudloff,94.3,48.58522934997302,7.694878088925349,0,35,35,4,1,1,False,True,enseigné_sans_test,2025-04-25 14:15:20+02:00,2026-01-26 16:13:58+01:00,,2025-04-25 14:15:20+02:00,,2,2024-2025|2025-2026,2,2024-2025|2025-2026,False,True,True,True,True
f5d89c753c7d616b9af393f86dcebca1,0771512A,lycee,Public,Créteil,Seine-et-Marne,Lagny-sur-Marne,Lycée général et technologique Van Dongen,114.0,48.86783583652336,2.719144935356008,1,2,2,1,1,1,True,True,testé_puis_enseigné,2025-04-11 08:53:48+02:00,2025-04-29 10:49:34+02:00,2025-04-11 08:53:48+02:00,2025-04-29 10:49:34+02:00,18.08039351851852,1,2024-2025,1,2024-2025,False,True,False,True,False
f66ac633d741e34363d248a575a89423,0781949V,lycee,Public,Versailles,Yvelines,Guyancourt,Lycée général et technologique de Villaroy,114.7,48.76464573649027,2.068147179051419,1,0,0,0,1,0,True,False,testé_seulement,2026-05-19 17:05:04+02:00,2026-05-19 17:05:04+02:00,2026-05-19 17:05:04+02:00,,,1,2025-2026,0,,False,False,True,False,False
f6df661b99086e12eaa506c089cfd0a9,,,,,,,,,,,5,1,1,1,1,1,True,True,enseigné_puis_testé,2025-02-28 13:06:51+01:00,2025-03-20 06:39:15+01:00,2025-03-20 06:35:36+01:00,2025-02-28 13:06:51+01:00,-19.72829861111111,1,2024-2025,1,2024-2025,False,True,False,True,False
f770b62bc8f42a0b66751fe636fc6eb0,0750662M,lycee,Public,Paris,Paris,Paris  7e  Arrondissement,Lycée général Victor Duruy,143.3,48.85230029234186,2.3148477839827657,7,44,44,8,1,1,True,True,enseigné_puis_testé,2024-05-16 08:14:35+02:00,2026-05-28 10:25:26+02:00,2024-05-17 17:54:06+02:00,2024-05-16 08:14:35+02:00,-1.4024421296296297,3,2023-2024|2024-2025|2025-2026,2,2023-2024|2025-2026,True,True,True,False,True
f7925a8b2939ab29779e36a87d997cdb,0750664P,lycee,Public,Paris,Paris,Paris  8e  Arrondissement,Lycée général et technologique Racine,131.0,48.8764506501621,2.322300419725228,7,29,18,6,3,3,True,True,testé_puis_enseigné,2025-12-28 10:07:21+01:00,2026-01-27 11:51:58+01:00,2025-12-28 10:07:21+01:00,2026-01-07 09:11:25+01:00,9.961157407407407,1,2025-2026,1,2025-2026,False,False,True,False,True
f7e9332fb03b257b57fcc83b6591edb2,0770930T,lycee,Public,Créteil,Seine-et-Marne,Meaux,Lycée général et technologique Henri Moissan,105.7,48.9587066334898,2.87505516661365,0,55,55,6,1,1,False,True,enseigné_sans_test,2026-02-16 15:41:28+01:00,2026-03-23 09:59:22+01:00,,2026-02-16 15:41:28+01:00,,1,2025-2026,1,2025-2026,False,False,True,False,True
fa18eaf5388d3bbe92cff37d36112476,0590093F,lycee,Public,Lille,Nord,Haubourdin,Lycée polyvalent Beaupré - Lycée des Métiers de la Plasturgie,109.1,50.599202793596874,2.9873303455090494,1,27,27,1,1,1,True,True,testé_puis_enseigné,2026-05-20 21:09:34+02:00,2026-05-22 16:32:14+02:00,2026-05-20 21:09:34+02:00,2026-05-22 15:30:03+02:00,1.764224537037037,1,2025-2026,1,2025-2026,False,False,True,False,True
faebc6aeb5e5c736244dea50b8957ade,0660004W,lycee,Public,Montpellier,Pyrénées-Orientales,Céret,"Lycée polyvalent Déodat de Séverac - Lycée des métiers du transport, de la logistique et des gestions associées",100.0,42.485310859764,2.7529518903184065,0,32,32,2,2,2,False,True,enseigné_sans_test,2026-04-14 16:19:06+02:00,2026-04-17 09:11:59+02:00,,2026-04-14 16:19:06+02:00,,1,2025-2026,1,2025-2026,False,False,True,False,True
fb754ee419ac75e576008dd64bd5ec0b,0590119J,lycee,Public,Lille,Nord,Lille,Lycée général et technologique Faidherbe,128.8,50.61476444362888,3.0777002640212037,1,30,30,1,1,1,True,True,testé_puis_enseigné,2026-04-07 13:14:28+02:00,2026-04-08 11:28:01+02:00,2026-04-07 13:14:28+02:00,2026-04-08 11:11:01+02:00,0.9142708333333334,1,2025-2026,1,2025-2026,False,False,True,False,True
fc342dcbe7c62c96bf3dc89d02c7c15f,,,,,,,,,,,0,1,1,1,1,1,False,True,enseigné_sans_test,2025-01-27 09:55:07+01:00,2025-01-27 09:55:07+01:00,,2025-01-27 09:55:07+01:00,,1,2024-2025,1,2024-2025,False,True,False,True,False
fcb857e38cedbf7f5c09ff820f572586,0620189U,lycee,Public,Lille,Pas-de-Calais,Calais,Lycée professionnel Pierre de Coubertin,79.5,50.95670366866296,1.8360201778438683,0,5,4,2,1,1,False,True,enseigné_sans_test,2025-12-11 11:30:03+01:00,2026-01-07 10:32:50+01:00,,2025-12-11 11:30:03+01:00,,1,2025-2026,1,2025-2026,False,False,True,False,True
fccc25a88d51312fafa2c0f9f366b4b2,,,,,,,,,,,6,56,31,4,4,4,True,True,testé_puis_enseigné,2025-10-16 09:16:23+02:00,2026-05-26 15:17:04+02:00,2025-10-16 09:16:23+02:00,2025-10-17 10:18:35+02:00,1.0431944444444445,1,2025-2026,1,2025-2026,False,False,True,False,True
fd0e1b49012ca52ff8c338f999661187,0840003X,lycee,Public,Aix-Marseille,Vaucluse,Avignon,Lycée général et technologique Frédéric Mistral,112.9,43.94722102577662,4.8015709342022594,1,24,24,3,1,1,True,True,enseigné_puis_testé,2025-05-21 10:17:31+02:00,2025-05-23 13:18:42+02:00,2025-05-21 10:22:31+02:00,2025-05-21 10:17:31+02:00,-0.003472222222222222,1,2024-2025,1,2024-2025,False,True,False,True,False
ff3c1d265e3410e05c4df0265962579e,0060014H,lycee,Public,Nice,Alpes-Maritimes,Cannes,Lycée général et technologique Jules Ferry,113.3,43.55967544894346,7.021858225692245,1,0,0,0,1,0,True,False,testé_seulement,2026-02-27 11:00:38+01:00,2026-02-27 11:00:38+01:00,2026-02-27 11:00:38+01:00,,,1,2025-2026,0,,False,False,True,False,False
ff70766a32de097eb45bcf2dbf3f36f8,0320002D,lycee,Public,Toulouse,Gers,Auch,Lycée général et technologique Pardailhan,118.6,43.65382826736935,0.5777504886624886,1,4,4,1,1,1,True,True,testé_puis_enseigné,2025-05-06 20:29:17+02:00,2025-05-07 09:19:43+02:00,2025-05-06 20:29:17+02:00,2025-05-07 09:18:30+02:00,0.5341782407407407,1,2024-2025,1,2024-2025,False,True,False,True,False
ff7a2099f1ae700f4cf918f51bf4c876,0590117G,lycee,Public,Lille,Nord,Lille,Lycée général et technologique Louis Pasteur,115.4,50.642779647074164,3.0701394574229663,0,26,26,2,1,1,False,True,enseigné_sans_test,2026-05-21 16:13:43+02:00,2026-05-28 17:09:08+02:00,,2026-05-21 16:13:43+02:00,,1,2025-2026,1,2025-2026,False,False,True,False,True
fff8891e6ef175cc4499750afcbc1187,0312746S,lycee,Public,Toulouse,Haute-Garonne,Tournefeuille,Lycee polyvalent Marie Louise Dissard Françoise,125.5,43.576689708797176,1.3126805141947637,0,4,4,1,1,1,False,True,enseigné_sans_test,2026-06-04 14:31:38+02:00,2026-06-04 14:36:50+02:00,,2026-06-04 14:31:38+02:00,,1,2025-2026,1,2025-2026,False,False,True,False,True
