link_id,code,label,mathadata_id,mathadata_title,resource_slug,date_paris,window_start,window_end,visits,unique_visits,clicks,scans,extracted_at
0344f35f-c7f3-47bd-ab81-258a4ca6088c,kc5KBw,basthon:geometry2ndedroitevecteurdirecteur-mnist,8790616,MathAData - Équation cartésienne et vecteur directeur pour la classification d'images de chiffres - 2nde,geometry2ndedroitevecteurdirecteur-mnist,2025-12-25,2025-12-25T00:00:00+01:00,2025-12-26T00:00:00+01:00,1,1,1,0,2026-06-25T22:43:59+02:00
0344f35f-c7f3-47bd-ab81-258a4ca6088c,kc5KBw,basthon:geometry2ndedroitevecteurdirecteur-mnist,8790616,MathAData - Équation cartésienne et vecteur directeur pour la classification d'images de chiffres - 2nde,geometry2ndedroitevecteurdirecteur-mnist,2026-01-04,2026-01-04T00:00:00+01:00,2026-01-05T00:00:00+01:00,1,1,1,0,2026-06-25T22:43:59+02:00
0344f35f-c7f3-47bd-ab81-258a4ca6088c,kc5KBw,basthon:geometry2ndedroitevecteurdirecteur-mnist,8790616,MathAData - Équation cartésienne et vecteur directeur pour la classification d'images de chiffres - 2nde,geometry2ndedroitevecteurdirecteur-mnist,2026-01-13,2026-01-13T00:00:00+01:00,2026-01-14T00:00:00+01:00,1,1,1,0,2026-06-25T22:43:59+02:00
0344f35f-c7f3-47bd-ab81-258a4ca6088c,kc5KBw,basthon:geometry2ndedroitevecteurdirecteur-mnist,8790616,MathAData - Équation cartésienne et vecteur directeur pour la classification d'images de chiffres - 2nde,geometry2ndedroitevecteurdirecteur-mnist,2026-01-20,2026-01-20T00:00:00+01:00,2026-01-21T00:00:00+01:00,1,1,1,0,2026-06-25T22:43:59+02:00
0344f35f-c7f3-47bd-ab81-258a4ca6088c,kc5KBw,basthon:geometry2ndedroitevecteurdirecteur-mnist,8790616,MathAData - Équation cartésienne et vecteur directeur pour la classification d'images de chiffres - 2nde,geometry2ndedroitevecteurdirecteur-mnist,2026-02-06,2026-02-06T00:00:00+01:00,2026-02-07T00:00:00+01:00,1,1,1,0,2026-06-25T22:43:59+02:00
0344f35f-c7f3-47bd-ab81-258a4ca6088c,kc5KBw,basthon:geometry2ndedroitevecteurdirecteur-mnist,8790616,MathAData - Équation cartésienne et vecteur directeur pour la classification d'images de chiffres - 2nde,geometry2ndedroitevecteurdirecteur-mnist,2026-02-08,2026-02-08T00:00:00+01:00,2026-02-09T00:00:00+01:00,2,1,2,0,2026-06-25T22:43:59+02:00
0344f35f-c7f3-47bd-ab81-258a4ca6088c,kc5KBw,basthon:geometry2ndedroitevecteurdirecteur-mnist,8790616,MathAData - Équation cartésienne et vecteur directeur pour la classification d'images de chiffres - 2nde,geometry2ndedroitevecteurdirecteur-mnist,2026-04-02,2026-04-02T00:00:00+02:00,2026-04-03T00:00:00+02:00,1,1,1,0,2026-06-25T22:43:59+02:00
0344f35f-c7f3-47bd-ab81-258a4ca6088c,kc5KBw,basthon:geometry2ndedroitevecteurdirecteur-mnist,8790616,MathAData - Équation cartésienne et vecteur directeur pour la classification d'images de chiffres - 2nde,geometry2ndedroitevecteurdirecteur-mnist,2026-04-08,2026-04-08T00:00:00+02:00,2026-04-09T00:00:00+02:00,2,1,2,0,2026-06-25T22:43:59+02:00
0344f35f-c7f3-47bd-ab81-258a4ca6088c,kc5KBw,basthon:geometry2ndedroitevecteurdirecteur-mnist,8790616,MathAData - Équation cartésienne et vecteur directeur pour la classification d'images de chiffres - 2nde,geometry2ndedroitevecteurdirecteur-mnist,2026-04-13,2026-04-13T00:00:00+02:00,2026-04-14T00:00:00+02:00,2,2,2,0,2026-06-25T22:43:59+02:00
0344f35f-c7f3-47bd-ab81-258a4ca6088c,kc5KBw,basthon:geometry2ndedroitevecteurdirecteur-mnist,8790616,MathAData - Équation cartésienne et vecteur directeur pour la classification d'images de chiffres - 2nde,geometry2ndedroitevecteurdirecteur-mnist,2026-04-18,2026-04-18T00:00:00+02:00,2026-04-19T00:00:00+02:00,1,1,1,0,2026-06-25T22:43:59+02:00
0344f35f-c7f3-47bd-ab81-258a4ca6088c,kc5KBw,basthon:geometry2ndedroitevecteurdirecteur-mnist,8790616,MathAData - Équation cartésienne et vecteur directeur pour la classification d'images de chiffres - 2nde,geometry2ndedroitevecteurdirecteur-mnist,2026-04-28,2026-04-28T00:00:00+02:00,2026-04-29T00:00:00+02:00,1,1,1,0,2026-06-25T22:43:59+02:00
0344f35f-c7f3-47bd-ab81-258a4ca6088c,kc5KBw,basthon:geometry2ndedroitevecteurdirecteur-mnist,8790616,MathAData - Équation cartésienne et vecteur directeur pour la classification d'images de chiffres - 2nde,geometry2ndedroitevecteurdirecteur-mnist,2026-05-12,2026-05-12T00:00:00+02:00,2026-05-13T00:00:00+02:00,1,1,1,0,2026-06-25T22:43:59+02:00
0344f35f-c7f3-47bd-ab81-258a4ca6088c,kc5KBw,basthon:geometry2ndedroitevecteurdirecteur-mnist,8790616,MathAData - Équation cartésienne et vecteur directeur pour la classification d'images de chiffres - 2nde,geometry2ndedroitevecteurdirecteur-mnist,2026-05-27,2026-05-27T00:00:00+02:00,2026-05-28T00:00:00+02:00,1,1,1,0,2026-06-25T22:43:59+02:00
368b3e07-48f8-4e8d-a63d-af498fe9adb6,w9RWJk,basthon:stats-moyenne-histogramme-mnist,3518185,MathAData - Statistiques pour la classification d'images de chiffres- 2nde,stats-moyenne-histogramme-mnist,2025-12-25,2025-12-25T00:00:00+01:00,2025-12-26T00:00:00+01:00,4,2,4,0,2026-06-25T22:43:59+02:00
368b3e07-48f8-4e8d-a63d-af498fe9adb6,w9RWJk,basthon:stats-moyenne-histogramme-mnist,3518185,MathAData - Statistiques pour la classification d'images de chiffres- 2nde,stats-moyenne-histogramme-mnist,2026-01-02,2026-01-02T00:00:00+01:00,2026-01-03T00:00:00+01:00,1,1,1,0,2026-06-25T22:43:59+02:00
368b3e07-48f8-4e8d-a63d-af498fe9adb6,w9RWJk,basthon:stats-moyenne-histogramme-mnist,3518185,MathAData - Statistiques pour la classification d'images de chiffres- 2nde,stats-moyenne-histogramme-mnist,2026-01-07,2026-01-07T00:00:00+01:00,2026-01-08T00:00:00+01:00,1,1,1,0,2026-06-25T22:43:59+02:00
368b3e07-48f8-4e8d-a63d-af498fe9adb6,w9RWJk,basthon:stats-moyenne-histogramme-mnist,3518185,MathAData - Statistiques pour la classification d'images de chiffres- 2nde,stats-moyenne-histogramme-mnist,2026-01-08,2026-01-08T00:00:00+01:00,2026-01-09T00:00:00+01:00,1,1,1,0,2026-06-25T22:43:59+02:00
368b3e07-48f8-4e8d-a63d-af498fe9adb6,w9RWJk,basthon:stats-moyenne-histogramme-mnist,3518185,MathAData - Statistiques pour la classification d'images de chiffres- 2nde,stats-moyenne-histogramme-mnist,2026-01-09,2026-01-09T00:00:00+01:00,2026-01-10T00:00:00+01:00,1,1,1,0,2026-06-25T22:43:59+02:00
368b3e07-48f8-4e8d-a63d-af498fe9adb6,w9RWJk,basthon:stats-moyenne-histogramme-mnist,3518185,MathAData - Statistiques pour la classification d'images de chiffres- 2nde,stats-moyenne-histogramme-mnist,2026-01-13,2026-01-13T00:00:00+01:00,2026-01-14T00:00:00+01:00,43,26,43,0,2026-06-25T22:43:59+02:00
368b3e07-48f8-4e8d-a63d-af498fe9adb6,w9RWJk,basthon:stats-moyenne-histogramme-mnist,3518185,MathAData - Statistiques pour la classification d'images de chiffres- 2nde,stats-moyenne-histogramme-mnist,2026-01-14,2026-01-14T00:00:00+01:00,2026-01-15T00:00:00+01:00,18,16,18,0,2026-06-25T22:43:59+02:00
368b3e07-48f8-4e8d-a63d-af498fe9adb6,w9RWJk,basthon:stats-moyenne-histogramme-mnist,3518185,MathAData - Statistiques pour la classification d'images de chiffres- 2nde,stats-moyenne-histogramme-mnist,2026-01-15,2026-01-15T00:00:00+01:00,2026-01-16T00:00:00+01:00,4,4,4,0,2026-06-25T22:43:59+02:00
368b3e07-48f8-4e8d-a63d-af498fe9adb6,w9RWJk,basthon:stats-moyenne-histogramme-mnist,3518185,MathAData - Statistiques pour la classification d'images de chiffres- 2nde,stats-moyenne-histogramme-mnist,2026-01-16,2026-01-16T00:00:00+01:00,2026-01-17T00:00:00+01:00,34,9,34,0,2026-06-25T22:43:59+02:00
368b3e07-48f8-4e8d-a63d-af498fe9adb6,w9RWJk,basthon:stats-moyenne-histogramme-mnist,3518185,MathAData - Statistiques pour la classification d'images de chiffres- 2nde,stats-moyenne-histogramme-mnist,2026-01-20,2026-01-20T00:00:00+01:00,2026-01-21T00:00:00+01:00,2,2,2,0,2026-06-25T22:43:59+02:00
368b3e07-48f8-4e8d-a63d-af498fe9adb6,w9RWJk,basthon:stats-moyenne-histogramme-mnist,3518185,MathAData - Statistiques pour la classification d'images de chiffres- 2nde,stats-moyenne-histogramme-mnist,2026-01-22,2026-01-22T00:00:00+01:00,2026-01-23T00:00:00+01:00,1,1,1,0,2026-06-25T22:43:59+02:00
368b3e07-48f8-4e8d-a63d-af498fe9adb6,w9RWJk,basthon:stats-moyenne-histogramme-mnist,3518185,MathAData - Statistiques pour la classification d'images de chiffres- 2nde,stats-moyenne-histogramme-mnist,2026-01-24,2026-01-24T00:00:00+01:00,2026-01-25T00:00:00+01:00,1,1,1,0,2026-06-25T22:43:59+02:00
368b3e07-48f8-4e8d-a63d-af498fe9adb6,w9RWJk,basthon:stats-moyenne-histogramme-mnist,3518185,MathAData - Statistiques pour la classification d'images de chiffres- 2nde,stats-moyenne-histogramme-mnist,2026-01-27,2026-01-27T00:00:00+01:00,2026-01-28T00:00:00+01:00,6,4,6,0,2026-06-25T22:43:59+02:00
368b3e07-48f8-4e8d-a63d-af498fe9adb6,w9RWJk,basthon:stats-moyenne-histogramme-mnist,3518185,MathAData - Statistiques pour la classification d'images de chiffres- 2nde,stats-moyenne-histogramme-mnist,2026-01-30,2026-01-30T00:00:00+01:00,2026-01-31T00:00:00+01:00,1,1,1,0,2026-06-25T22:43:59+02:00
368b3e07-48f8-4e8d-a63d-af498fe9adb6,w9RWJk,basthon:stats-moyenne-histogramme-mnist,3518185,MathAData - Statistiques pour la classification d'images de chiffres- 2nde,stats-moyenne-histogramme-mnist,2026-02-02,2026-02-02T00:00:00+01:00,2026-02-03T00:00:00+01:00,13,1,13,0,2026-06-25T22:43:59+02:00
368b3e07-48f8-4e8d-a63d-af498fe9adb6,w9RWJk,basthon:stats-moyenne-histogramme-mnist,3518185,MathAData - Statistiques pour la classification d'images de chiffres- 2nde,stats-moyenne-histogramme-mnist,2026-02-03,2026-02-03T00:00:00+01:00,2026-02-04T00:00:00+01:00,10,7,10,0,2026-06-25T22:43:59+02:00
368b3e07-48f8-4e8d-a63d-af498fe9adb6,w9RWJk,basthon:stats-moyenne-histogramme-mnist,3518185,MathAData - Statistiques pour la classification d'images de chiffres- 2nde,stats-moyenne-histogramme-mnist,2026-02-04,2026-02-04T00:00:00+01:00,2026-02-05T00:00:00+01:00,2,2,2,0,2026-06-25T22:43:59+02:00
368b3e07-48f8-4e8d-a63d-af498fe9adb6,w9RWJk,basthon:stats-moyenne-histogramme-mnist,3518185,MathAData - Statistiques pour la classification d'images de chiffres- 2nde,stats-moyenne-histogramme-mnist,2026-02-05,2026-02-05T00:00:00+01:00,2026-02-06T00:00:00+01:00,26,3,26,0,2026-06-25T22:43:59+02:00
368b3e07-48f8-4e8d-a63d-af498fe9adb6,w9RWJk,basthon:stats-moyenne-histogramme-mnist,3518185,MathAData - Statistiques pour la classification d'images de chiffres- 2nde,stats-moyenne-histogramme-mnist,2026-02-08,2026-02-08T00:00:00+01:00,2026-02-09T00:00:00+01:00,1,1,1,0,2026-06-25T22:43:59+02:00
368b3e07-48f8-4e8d-a63d-af498fe9adb6,w9RWJk,basthon:stats-moyenne-histogramme-mnist,3518185,MathAData - Statistiques pour la classification d'images de chiffres- 2nde,stats-moyenne-histogramme-mnist,2026-02-09,2026-02-09T00:00:00+01:00,2026-02-10T00:00:00+01:00,4,3,4,0,2026-06-25T22:43:59+02:00
368b3e07-48f8-4e8d-a63d-af498fe9adb6,w9RWJk,basthon:stats-moyenne-histogramme-mnist,3518185,MathAData - Statistiques pour la classification d'images de chiffres- 2nde,stats-moyenne-histogramme-mnist,2026-02-10,2026-02-10T00:00:00+01:00,2026-02-11T00:00:00+01:00,24,9,24,0,2026-06-25T22:43:59+02:00
368b3e07-48f8-4e8d-a63d-af498fe9adb6,w9RWJk,basthon:stats-moyenne-histogramme-mnist,3518185,MathAData - Statistiques pour la classification d'images de chiffres- 2nde,stats-moyenne-histogramme-mnist,2026-02-11,2026-02-11T00:00:00+01:00,2026-02-12T00:00:00+01:00,1,1,1,0,2026-06-25T22:43:59+02:00
368b3e07-48f8-4e8d-a63d-af498fe9adb6,w9RWJk,basthon:stats-moyenne-histogramme-mnist,3518185,MathAData - Statistiques pour la classification d'images de chiffres- 2nde,stats-moyenne-histogramme-mnist,2026-02-13,2026-02-13T00:00:00+01:00,2026-02-14T00:00:00+01:00,1,1,1,0,2026-06-25T22:43:59+02:00
368b3e07-48f8-4e8d-a63d-af498fe9adb6,w9RWJk,basthon:stats-moyenne-histogramme-mnist,3518185,MathAData - Statistiques pour la classification d'images de chiffres- 2nde,stats-moyenne-histogramme-mnist,2026-02-16,2026-02-16T00:00:00+01:00,2026-02-17T00:00:00+01:00,32,2,32,0,2026-06-25T22:43:59+02:00
368b3e07-48f8-4e8d-a63d-af498fe9adb6,w9RWJk,basthon:stats-moyenne-histogramme-mnist,3518185,MathAData - Statistiques pour la classification d'images de chiffres- 2nde,stats-moyenne-histogramme-mnist,2026-02-18,2026-02-18T00:00:00+01:00,2026-02-19T00:00:00+01:00,30,2,30,0,2026-06-25T22:43:59+02:00
368b3e07-48f8-4e8d-a63d-af498fe9adb6,w9RWJk,basthon:stats-moyenne-histogramme-mnist,3518185,MathAData - Statistiques pour la classification d'images de chiffres- 2nde,stats-moyenne-histogramme-mnist,2026-03-01,2026-03-01T00:00:00+01:00,2026-03-02T00:00:00+01:00,1,1,1,0,2026-06-25T22:43:59+02:00
368b3e07-48f8-4e8d-a63d-af498fe9adb6,w9RWJk,basthon:stats-moyenne-histogramme-mnist,3518185,MathAData - Statistiques pour la classification d'images de chiffres- 2nde,stats-moyenne-histogramme-mnist,2026-03-03,2026-03-03T00:00:00+01:00,2026-03-04T00:00:00+01:00,8,1,8,0,2026-06-25T22:43:59+02:00
368b3e07-48f8-4e8d-a63d-af498fe9adb6,w9RWJk,basthon:stats-moyenne-histogramme-mnist,3518185,MathAData - Statistiques pour la classification d'images de chiffres- 2nde,stats-moyenne-histogramme-mnist,2026-03-09,2026-03-09T00:00:00+01:00,2026-03-10T00:00:00+01:00,16,1,16,0,2026-06-25T22:43:59+02:00
368b3e07-48f8-4e8d-a63d-af498fe9adb6,w9RWJk,basthon:stats-moyenne-histogramme-mnist,3518185,MathAData - Statistiques pour la classification d'images de chiffres- 2nde,stats-moyenne-histogramme-mnist,2026-03-12,2026-03-12T00:00:00+01:00,2026-03-13T00:00:00+01:00,25,2,25,0,2026-06-25T22:43:59+02:00
368b3e07-48f8-4e8d-a63d-af498fe9adb6,w9RWJk,basthon:stats-moyenne-histogramme-mnist,3518185,MathAData - Statistiques pour la classification d'images de chiffres- 2nde,stats-moyenne-histogramme-mnist,2026-03-14,2026-03-14T00:00:00+01:00,2026-03-15T00:00:00+01:00,1,1,1,0,2026-06-25T22:43:59+02:00
368b3e07-48f8-4e8d-a63d-af498fe9adb6,w9RWJk,basthon:stats-moyenne-histogramme-mnist,3518185,MathAData - Statistiques pour la classification d'images de chiffres- 2nde,stats-moyenne-histogramme-mnist,2026-03-16,2026-03-16T00:00:00+01:00,2026-03-17T00:00:00+01:00,19,2,19,0,2026-06-25T22:43:59+02:00
368b3e07-48f8-4e8d-a63d-af498fe9adb6,w9RWJk,basthon:stats-moyenne-histogramme-mnist,3518185,MathAData - Statistiques pour la classification d'images de chiffres- 2nde,stats-moyenne-histogramme-mnist,2026-03-23,2026-03-23T00:00:00+01:00,2026-03-24T00:00:00+01:00,19,1,19,0,2026-06-25T22:43:59+02:00
368b3e07-48f8-4e8d-a63d-af498fe9adb6,w9RWJk,basthon:stats-moyenne-histogramme-mnist,3518185,MathAData - Statistiques pour la classification d'images de chiffres- 2nde,stats-moyenne-histogramme-mnist,2026-03-24,2026-03-24T00:00:00+01:00,2026-03-25T00:00:00+01:00,14,1,14,0,2026-06-25T22:43:59+02:00
368b3e07-48f8-4e8d-a63d-af498fe9adb6,w9RWJk,basthon:stats-moyenne-histogramme-mnist,3518185,MathAData - Statistiques pour la classification d'images de chiffres- 2nde,stats-moyenne-histogramme-mnist,2026-03-25,2026-03-25T00:00:00+01:00,2026-03-26T00:00:00+01:00,1,1,1,0,2026-06-25T22:43:59+02:00
368b3e07-48f8-4e8d-a63d-af498fe9adb6,w9RWJk,basthon:stats-moyenne-histogramme-mnist,3518185,MathAData - Statistiques pour la classification d'images de chiffres- 2nde,stats-moyenne-histogramme-mnist,2026-03-26,2026-03-26T00:00:00+01:00,2026-03-27T00:00:00+01:00,28,4,28,0,2026-06-25T22:43:59+02:00
368b3e07-48f8-4e8d-a63d-af498fe9adb6,w9RWJk,basthon:stats-moyenne-histogramme-mnist,3518185,MathAData - Statistiques pour la classification d'images de chiffres- 2nde,stats-moyenne-histogramme-mnist,2026-03-30,2026-03-30T00:00:00+02:00,2026-03-31T00:00:00+02:00,2,1,2,0,2026-06-25T22:43:59+02:00
368b3e07-48f8-4e8d-a63d-af498fe9adb6,w9RWJk,basthon:stats-moyenne-histogramme-mnist,3518185,MathAData - Statistiques pour la classification d'images de chiffres- 2nde,stats-moyenne-histogramme-mnist,2026-03-31,2026-03-31T00:00:00+02:00,2026-04-01T00:00:00+02:00,2,2,2,0,2026-06-25T22:43:59+02:00
368b3e07-48f8-4e8d-a63d-af498fe9adb6,w9RWJk,basthon:stats-moyenne-histogramme-mnist,3518185,MathAData - Statistiques pour la classification d'images de chiffres- 2nde,stats-moyenne-histogramme-mnist,2026-04-01,2026-04-01T00:00:00+02:00,2026-04-02T00:00:00+02:00,1,1,1,0,2026-06-25T22:43:59+02:00
368b3e07-48f8-4e8d-a63d-af498fe9adb6,w9RWJk,basthon:stats-moyenne-histogramme-mnist,3518185,MathAData - Statistiques pour la classification d'images de chiffres- 2nde,stats-moyenne-histogramme-mnist,2026-04-04,2026-04-04T00:00:00+02:00,2026-04-05T00:00:00+02:00,2,1,2,0,2026-06-25T22:43:59+02:00
368b3e07-48f8-4e8d-a63d-af498fe9adb6,w9RWJk,basthon:stats-moyenne-histogramme-mnist,3518185,MathAData - Statistiques pour la classification d'images de chiffres- 2nde,stats-moyenne-histogramme-mnist,2026-04-06,2026-04-06T00:00:00+02:00,2026-04-07T00:00:00+02:00,1,1,1,0,2026-06-25T22:43:59+02:00
368b3e07-48f8-4e8d-a63d-af498fe9adb6,w9RWJk,basthon:stats-moyenne-histogramme-mnist,3518185,MathAData - Statistiques pour la classification d'images de chiffres- 2nde,stats-moyenne-histogramme-mnist,2026-04-07,2026-04-07T00:00:00+02:00,2026-04-08T00:00:00+02:00,8,1,8,0,2026-06-25T22:43:59+02:00
368b3e07-48f8-4e8d-a63d-af498fe9adb6,w9RWJk,basthon:stats-moyenne-histogramme-mnist,3518185,MathAData - Statistiques pour la classification d'images de chiffres- 2nde,stats-moyenne-histogramme-mnist,2026-04-08,2026-04-08T00:00:00+02:00,2026-04-09T00:00:00+02:00,5,5,5,0,2026-06-25T22:43:59+02:00
368b3e07-48f8-4e8d-a63d-af498fe9adb6,w9RWJk,basthon:stats-moyenne-histogramme-mnist,3518185,MathAData - Statistiques pour la classification d'images de chiffres- 2nde,stats-moyenne-histogramme-mnist,2026-04-09,2026-04-09T00:00:00+02:00,2026-04-10T00:00:00+02:00,14,3,14,0,2026-06-25T22:43:59+02:00
368b3e07-48f8-4e8d-a63d-af498fe9adb6,w9RWJk,basthon:stats-moyenne-histogramme-mnist,3518185,MathAData - Statistiques pour la classification d'images de chiffres- 2nde,stats-moyenne-histogramme-mnist,2026-04-10,2026-04-10T00:00:00+02:00,2026-04-11T00:00:00+02:00,1,1,1,0,2026-06-25T22:43:59+02:00
368b3e07-48f8-4e8d-a63d-af498fe9adb6,w9RWJk,basthon:stats-moyenne-histogramme-mnist,3518185,MathAData - Statistiques pour la classification d'images de chiffres- 2nde,stats-moyenne-histogramme-mnist,2026-04-21,2026-04-21T00:00:00+02:00,2026-04-22T00:00:00+02:00,1,1,1,0,2026-06-25T22:43:59+02:00
368b3e07-48f8-4e8d-a63d-af498fe9adb6,w9RWJk,basthon:stats-moyenne-histogramme-mnist,3518185,MathAData - Statistiques pour la classification d'images de chiffres- 2nde,stats-moyenne-histogramme-mnist,2026-04-22,2026-04-22T00:00:00+02:00,2026-04-23T00:00:00+02:00,1,1,1,0,2026-06-25T22:43:59+02:00
368b3e07-48f8-4e8d-a63d-af498fe9adb6,w9RWJk,basthon:stats-moyenne-histogramme-mnist,3518185,MathAData - Statistiques pour la classification d'images de chiffres- 2nde,stats-moyenne-histogramme-mnist,2026-04-26,2026-04-26T00:00:00+02:00,2026-04-27T00:00:00+02:00,1,1,1,0,2026-06-25T22:43:59+02:00
368b3e07-48f8-4e8d-a63d-af498fe9adb6,w9RWJk,basthon:stats-moyenne-histogramme-mnist,3518185,MathAData - Statistiques pour la classification d'images de chiffres- 2nde,stats-moyenne-histogramme-mnist,2026-04-27,2026-04-27T00:00:00+02:00,2026-04-28T00:00:00+02:00,1,1,1,0,2026-06-25T22:43:59+02:00
368b3e07-48f8-4e8d-a63d-af498fe9adb6,w9RWJk,basthon:stats-moyenne-histogramme-mnist,3518185,MathAData - Statistiques pour la classification d'images de chiffres- 2nde,stats-moyenne-histogramme-mnist,2026-04-30,2026-04-30T00:00:00+02:00,2026-05-01T00:00:00+02:00,3,2,3,0,2026-06-25T22:43:59+02:00
368b3e07-48f8-4e8d-a63d-af498fe9adb6,w9RWJk,basthon:stats-moyenne-histogramme-mnist,3518185,MathAData - Statistiques pour la classification d'images de chiffres- 2nde,stats-moyenne-histogramme-mnist,2026-05-01,2026-05-01T00:00:00+02:00,2026-05-02T00:00:00+02:00,1,1,1,0,2026-06-25T22:43:59+02:00
368b3e07-48f8-4e8d-a63d-af498fe9adb6,w9RWJk,basthon:stats-moyenne-histogramme-mnist,3518185,MathAData - Statistiques pour la classification d'images de chiffres- 2nde,stats-moyenne-histogramme-mnist,2026-05-03,2026-05-03T00:00:00+02:00,2026-05-04T00:00:00+02:00,1,1,1,0,2026-06-25T22:43:59+02:00
368b3e07-48f8-4e8d-a63d-af498fe9adb6,w9RWJk,basthon:stats-moyenne-histogramme-mnist,3518185,MathAData - Statistiques pour la classification d'images de chiffres- 2nde,stats-moyenne-histogramme-mnist,2026-05-08,2026-05-08T00:00:00+02:00,2026-05-09T00:00:00+02:00,1,1,1,0,2026-06-25T22:43:59+02:00
368b3e07-48f8-4e8d-a63d-af498fe9adb6,w9RWJk,basthon:stats-moyenne-histogramme-mnist,3518185,MathAData - Statistiques pour la classification d'images de chiffres- 2nde,stats-moyenne-histogramme-mnist,2026-05-14,2026-05-14T00:00:00+02:00,2026-05-15T00:00:00+02:00,1,1,1,0,2026-06-25T22:43:59+02:00
368b3e07-48f8-4e8d-a63d-af498fe9adb6,w9RWJk,basthon:stats-moyenne-histogramme-mnist,3518185,MathAData - Statistiques pour la classification d'images de chiffres- 2nde,stats-moyenne-histogramme-mnist,2026-05-15,2026-05-15T00:00:00+02:00,2026-05-16T00:00:00+02:00,2,2,2,0,2026-06-25T22:43:59+02:00
368b3e07-48f8-4e8d-a63d-af498fe9adb6,w9RWJk,basthon:stats-moyenne-histogramme-mnist,3518185,MathAData - Statistiques pour la classification d'images de chiffres- 2nde,stats-moyenne-histogramme-mnist,2026-05-18,2026-05-18T00:00:00+02:00,2026-05-19T00:00:00+02:00,1,1,1,0,2026-06-25T22:43:59+02:00
368b3e07-48f8-4e8d-a63d-af498fe9adb6,w9RWJk,basthon:stats-moyenne-histogramme-mnist,3518185,MathAData - Statistiques pour la classification d'images de chiffres- 2nde,stats-moyenne-histogramme-mnist,2026-05-19,2026-05-19T00:00:00+02:00,2026-05-20T00:00:00+02:00,32,4,32,0,2026-06-25T22:43:59+02:00
368b3e07-48f8-4e8d-a63d-af498fe9adb6,w9RWJk,basthon:stats-moyenne-histogramme-mnist,3518185,MathAData - Statistiques pour la classification d'images de chiffres- 2nde,stats-moyenne-histogramme-mnist,2026-05-21,2026-05-21T00:00:00+02:00,2026-05-22T00:00:00+02:00,9,5,9,0,2026-06-25T22:43:59+02:00
368b3e07-48f8-4e8d-a63d-af498fe9adb6,w9RWJk,basthon:stats-moyenne-histogramme-mnist,3518185,MathAData - Statistiques pour la classification d'images de chiffres- 2nde,stats-moyenne-histogramme-mnist,2026-05-22,2026-05-22T00:00:00+02:00,2026-05-23T00:00:00+02:00,1,1,1,0,2026-06-25T22:43:59+02:00
368b3e07-48f8-4e8d-a63d-af498fe9adb6,w9RWJk,basthon:stats-moyenne-histogramme-mnist,3518185,MathAData - Statistiques pour la classification d'images de chiffres- 2nde,stats-moyenne-histogramme-mnist,2026-05-27,2026-05-27T00:00:00+02:00,2026-05-28T00:00:00+02:00,2,1,2,0,2026-06-25T22:43:59+02:00
368b3e07-48f8-4e8d-a63d-af498fe9adb6,w9RWJk,basthon:stats-moyenne-histogramme-mnist,3518185,MathAData - Statistiques pour la classification d'images de chiffres- 2nde,stats-moyenne-histogramme-mnist,2026-05-28,2026-05-28T00:00:00+02:00,2026-05-29T00:00:00+02:00,3,1,3,0,2026-06-25T22:43:59+02:00
368b3e07-48f8-4e8d-a63d-af498fe9adb6,w9RWJk,basthon:stats-moyenne-histogramme-mnist,3518185,MathAData - Statistiques pour la classification d'images de chiffres- 2nde,stats-moyenne-histogramme-mnist,2026-05-29,2026-05-29T00:00:00+02:00,2026-05-30T00:00:00+02:00,3,3,3,0,2026-06-25T22:43:59+02:00
368b3e07-48f8-4e8d-a63d-af498fe9adb6,w9RWJk,basthon:stats-moyenne-histogramme-mnist,3518185,MathAData - Statistiques pour la classification d'images de chiffres- 2nde,stats-moyenne-histogramme-mnist,2026-05-30,2026-05-30T00:00:00+02:00,2026-05-31T00:00:00+02:00,1,1,1,0,2026-06-25T22:43:59+02:00
368b3e07-48f8-4e8d-a63d-af498fe9adb6,w9RWJk,basthon:stats-moyenne-histogramme-mnist,3518185,MathAData - Statistiques pour la classification d'images de chiffres- 2nde,stats-moyenne-histogramme-mnist,2026-06-01,2026-06-01T00:00:00+02:00,2026-06-02T00:00:00+02:00,7,2,7,0,2026-06-25T22:43:59+02:00
368b3e07-48f8-4e8d-a63d-af498fe9adb6,w9RWJk,basthon:stats-moyenne-histogramme-mnist,3518185,MathAData - Statistiques pour la classification d'images de chiffres- 2nde,stats-moyenne-histogramme-mnist,2026-06-02,2026-06-02T00:00:00+02:00,2026-06-03T00:00:00+02:00,40,5,40,0,2026-06-25T22:43:59+02:00
368b3e07-48f8-4e8d-a63d-af498fe9adb6,w9RWJk,basthon:stats-moyenne-histogramme-mnist,3518185,MathAData - Statistiques pour la classification d'images de chiffres- 2nde,stats-moyenne-histogramme-mnist,2026-06-03,2026-06-03T00:00:00+02:00,2026-06-04T00:00:00+02:00,8,2,8,0,2026-06-25T22:43:59+02:00
368b3e07-48f8-4e8d-a63d-af498fe9adb6,w9RWJk,basthon:stats-moyenne-histogramme-mnist,3518185,MathAData - Statistiques pour la classification d'images de chiffres- 2nde,stats-moyenne-histogramme-mnist,2026-06-04,2026-06-04T00:00:00+02:00,2026-06-05T00:00:00+02:00,11,2,11,0,2026-06-25T22:43:59+02:00
368b3e07-48f8-4e8d-a63d-af498fe9adb6,w9RWJk,basthon:stats-moyenne-histogramme-mnist,3518185,MathAData - Statistiques pour la classification d'images de chiffres- 2nde,stats-moyenne-histogramme-mnist,2026-06-05,2026-06-05T00:00:00+02:00,2026-06-06T00:00:00+02:00,6,1,6,0,2026-06-25T22:43:59+02:00
368b3e07-48f8-4e8d-a63d-af498fe9adb6,w9RWJk,basthon:stats-moyenne-histogramme-mnist,3518185,MathAData - Statistiques pour la classification d'images de chiffres- 2nde,stats-moyenne-histogramme-mnist,2026-06-08,2026-06-08T00:00:00+02:00,2026-06-09T00:00:00+02:00,2,1,2,0,2026-06-25T22:43:59+02:00
368b3e07-48f8-4e8d-a63d-af498fe9adb6,w9RWJk,basthon:stats-moyenne-histogramme-mnist,3518185,MathAData - Statistiques pour la classification d'images de chiffres- 2nde,stats-moyenne-histogramme-mnist,2026-06-10,2026-06-10T00:00:00+02:00,2026-06-11T00:00:00+02:00,2,2,2,0,2026-06-25T22:43:59+02:00
368b3e07-48f8-4e8d-a63d-af498fe9adb6,w9RWJk,basthon:stats-moyenne-histogramme-mnist,3518185,MathAData - Statistiques pour la classification d'images de chiffres- 2nde,stats-moyenne-histogramme-mnist,2026-06-15,2026-06-15T00:00:00+02:00,2026-06-16T00:00:00+02:00,1,1,1,0,2026-06-25T22:43:59+02:00
368b3e07-48f8-4e8d-a63d-af498fe9adb6,w9RWJk,basthon:stats-moyenne-histogramme-mnist,3518185,MathAData - Statistiques pour la classification d'images de chiffres- 2nde,stats-moyenne-histogramme-mnist,2026-06-16,2026-06-16T00:00:00+02:00,2026-06-17T00:00:00+02:00,5,1,5,0,2026-06-25T22:43:59+02:00
368b3e07-48f8-4e8d-a63d-af498fe9adb6,w9RWJk,basthon:stats-moyenne-histogramme-mnist,3518185,MathAData - Statistiques pour la classification d'images de chiffres- 2nde,stats-moyenne-histogramme-mnist,2026-06-17,2026-06-17T00:00:00+02:00,2026-06-18T00:00:00+02:00,1,1,1,0,2026-06-25T22:43:59+02:00
368b3e07-48f8-4e8d-a63d-af498fe9adb6,w9RWJk,basthon:stats-moyenne-histogramme-mnist,3518185,MathAData - Statistiques pour la classification d'images de chiffres- 2nde,stats-moyenne-histogramme-mnist,2026-06-18,2026-06-18T00:00:00+02:00,2026-06-19T00:00:00+02:00,2,2,2,0,2026-06-25T22:43:59+02:00
368b3e07-48f8-4e8d-a63d-af498fe9adb6,w9RWJk,basthon:stats-moyenne-histogramme-mnist,3518185,MathAData - Statistiques pour la classification d'images de chiffres- 2nde,stats-moyenne-histogramme-mnist,2026-06-22,2026-06-22T00:00:00+02:00,2026-06-23T00:00:00+02:00,1,1,1,0,2026-06-25T22:43:59+02:00
368b3e07-48f8-4e8d-a63d-af498fe9adb6,w9RWJk,basthon:stats-moyenne-histogramme-mnist,3518185,MathAData - Statistiques pour la classification d'images de chiffres- 2nde,stats-moyenne-histogramme-mnist,2026-06-23,2026-06-23T00:00:00+02:00,2026-06-24T00:00:00+02:00,1,1,1,0,2026-06-25T22:43:59+02:00
368b3e07-48f8-4e8d-a63d-af498fe9adb6,w9RWJk,basthon:stats-moyenne-histogramme-mnist,3518185,MathAData - Statistiques pour la classification d'images de chiffres- 2nde,stats-moyenne-histogramme-mnist,2026-06-24,2026-06-24T00:00:00+02:00,2026-06-25T00:00:00+02:00,2,2,2,0,2026-06-25T22:43:59+02:00
b7c1fd64-4280-4af2-9e78-4880a6a88c84,e9tZ56,basthon:geometry2ndemilieudistance-mnist,6659633,"MathAData- Géométrie repérée, milieu, distance, pour la classification d'images de chiffres - 2nde",geometry2ndemilieudistance-mnist,2026-01-12,2026-01-12T00:00:00+01:00,2026-01-13T00:00:00+01:00,1,1,1,0,2026-06-25T22:43:59+02:00
b7c1fd64-4280-4af2-9e78-4880a6a88c84,e9tZ56,basthon:geometry2ndemilieudistance-mnist,6659633,"MathAData- Géométrie repérée, milieu, distance, pour la classification d'images de chiffres - 2nde",geometry2ndemilieudistance-mnist,2026-01-13,2026-01-13T00:00:00+01:00,2026-01-14T00:00:00+01:00,1,1,1,0,2026-06-25T22:43:59+02:00
b7c1fd64-4280-4af2-9e78-4880a6a88c84,e9tZ56,basthon:geometry2ndemilieudistance-mnist,6659633,"MathAData- Géométrie repérée, milieu, distance, pour la classification d'images de chiffres - 2nde",geometry2ndemilieudistance-mnist,2026-02-03,2026-02-03T00:00:00+01:00,2026-02-04T00:00:00+01:00,1,1,1,0,2026-06-25T22:43:59+02:00
b7c1fd64-4280-4af2-9e78-4880a6a88c84,e9tZ56,basthon:geometry2ndemilieudistance-mnist,6659633,"MathAData- Géométrie repérée, milieu, distance, pour la classification d'images de chiffres - 2nde",geometry2ndemilieudistance-mnist,2026-04-08,2026-04-08T00:00:00+02:00,2026-04-09T00:00:00+02:00,1,1,1,0,2026-06-25T22:43:59+02:00
b7c1fd64-4280-4af2-9e78-4880a6a88c84,e9tZ56,basthon:geometry2ndemilieudistance-mnist,6659633,"MathAData- Géométrie repérée, milieu, distance, pour la classification d'images de chiffres - 2nde",geometry2ndemilieudistance-mnist,2026-04-13,2026-04-13T00:00:00+02:00,2026-04-14T00:00:00+02:00,2,2,2,0,2026-06-25T22:43:59+02:00
b7c1fd64-4280-4af2-9e78-4880a6a88c84,e9tZ56,basthon:geometry2ndemilieudistance-mnist,6659633,"MathAData- Géométrie repérée, milieu, distance, pour la classification d'images de chiffres - 2nde",geometry2ndemilieudistance-mnist,2026-04-20,2026-04-20T00:00:00+02:00,2026-04-21T00:00:00+02:00,1,1,1,0,2026-06-25T22:43:59+02:00
b7c1fd64-4280-4af2-9e78-4880a6a88c84,e9tZ56,basthon:geometry2ndemilieudistance-mnist,6659633,"MathAData- Géométrie repérée, milieu, distance, pour la classification d'images de chiffres - 2nde",geometry2ndemilieudistance-mnist,2026-04-29,2026-04-29T00:00:00+02:00,2026-04-30T00:00:00+02:00,38,3,38,0,2026-06-25T22:43:59+02:00
b7c1fd64-4280-4af2-9e78-4880a6a88c84,e9tZ56,basthon:geometry2ndemilieudistance-mnist,6659633,"MathAData- Géométrie repérée, milieu, distance, pour la classification d'images de chiffres - 2nde",geometry2ndemilieudistance-mnist,2026-05-06,2026-05-06T00:00:00+02:00,2026-05-07T00:00:00+02:00,1,1,1,0,2026-06-25T22:43:59+02:00
b7c1fd64-4280-4af2-9e78-4880a6a88c84,e9tZ56,basthon:geometry2ndemilieudistance-mnist,6659633,"MathAData- Géométrie repérée, milieu, distance, pour la classification d'images de chiffres - 2nde",geometry2ndemilieudistance-mnist,2026-05-13,2026-05-13T00:00:00+02:00,2026-05-14T00:00:00+02:00,1,1,1,0,2026-06-25T22:43:59+02:00
cb7d460c-0f1b-49bd-b2a2-8e3403b14a8b,kaAxEq,basthon:geometry2ndeequationdroite-mnist,3515488,MathAData - Équation réduite de droite pour la classification d'images de chiffres - 2nde,geometry2ndeequationdroite-mnist,2026-01-07,2026-01-07T00:00:00+01:00,2026-01-08T00:00:00+01:00,20,17,20,0,2026-06-25T22:43:59+02:00
cb7d460c-0f1b-49bd-b2a2-8e3403b14a8b,kaAxEq,basthon:geometry2ndeequationdroite-mnist,3515488,MathAData - Équation réduite de droite pour la classification d'images de chiffres - 2nde,geometry2ndeequationdroite-mnist,2026-01-10,2026-01-10T00:00:00+01:00,2026-01-11T00:00:00+01:00,1,1,1,0,2026-06-25T22:43:59+02:00
cb7d460c-0f1b-49bd-b2a2-8e3403b14a8b,kaAxEq,basthon:geometry2ndeequationdroite-mnist,3515488,MathAData - Équation réduite de droite pour la classification d'images de chiffres - 2nde,geometry2ndeequationdroite-mnist,2026-01-11,2026-01-11T00:00:00+01:00,2026-01-12T00:00:00+01:00,1,1,1,0,2026-06-25T22:43:59+02:00
cb7d460c-0f1b-49bd-b2a2-8e3403b14a8b,kaAxEq,basthon:geometry2ndeequationdroite-mnist,3515488,MathAData - Équation réduite de droite pour la classification d'images de chiffres - 2nde,geometry2ndeequationdroite-mnist,2026-01-12,2026-01-12T00:00:00+01:00,2026-01-13T00:00:00+01:00,1,1,1,0,2026-06-25T22:43:59+02:00
cb7d460c-0f1b-49bd-b2a2-8e3403b14a8b,kaAxEq,basthon:geometry2ndeequationdroite-mnist,3515488,MathAData - Équation réduite de droite pour la classification d'images de chiffres - 2nde,geometry2ndeequationdroite-mnist,2026-01-13,2026-01-13T00:00:00+01:00,2026-01-14T00:00:00+01:00,2,2,2,0,2026-06-25T22:43:59+02:00
cb7d460c-0f1b-49bd-b2a2-8e3403b14a8b,kaAxEq,basthon:geometry2ndeequationdroite-mnist,3515488,MathAData - Équation réduite de droite pour la classification d'images de chiffres - 2nde,geometry2ndeequationdroite-mnist,2026-01-14,2026-01-14T00:00:00+01:00,2026-01-15T00:00:00+01:00,59,47,59,0,2026-06-25T22:43:59+02:00
cb7d460c-0f1b-49bd-b2a2-8e3403b14a8b,kaAxEq,basthon:geometry2ndeequationdroite-mnist,3515488,MathAData - Équation réduite de droite pour la classification d'images de chiffres - 2nde,geometry2ndeequationdroite-mnist,2026-01-15,2026-01-15T00:00:00+01:00,2026-01-16T00:00:00+01:00,13,11,13,0,2026-06-25T22:43:59+02:00
cb7d460c-0f1b-49bd-b2a2-8e3403b14a8b,kaAxEq,basthon:geometry2ndeequationdroite-mnist,3515488,MathAData - Équation réduite de droite pour la classification d'images de chiffres - 2nde,geometry2ndeequationdroite-mnist,2026-01-16,2026-01-16T00:00:00+01:00,2026-01-17T00:00:00+01:00,1,1,1,0,2026-06-25T22:43:59+02:00
cb7d460c-0f1b-49bd-b2a2-8e3403b14a8b,kaAxEq,basthon:geometry2ndeequationdroite-mnist,3515488,MathAData - Équation réduite de droite pour la classification d'images de chiffres - 2nde,geometry2ndeequationdroite-mnist,2026-01-22,2026-01-22T00:00:00+01:00,2026-01-23T00:00:00+01:00,4,4,4,0,2026-06-25T22:43:59+02:00
cb7d460c-0f1b-49bd-b2a2-8e3403b14a8b,kaAxEq,basthon:geometry2ndeequationdroite-mnist,3515488,MathAData - Équation réduite de droite pour la classification d'images de chiffres - 2nde,geometry2ndeequationdroite-mnist,2026-01-23,2026-01-23T00:00:00+01:00,2026-01-24T00:00:00+01:00,1,1,1,0,2026-06-25T22:43:59+02:00
cb7d460c-0f1b-49bd-b2a2-8e3403b14a8b,kaAxEq,basthon:geometry2ndeequationdroite-mnist,3515488,MathAData - Équation réduite de droite pour la classification d'images de chiffres - 2nde,geometry2ndeequationdroite-mnist,2026-01-29,2026-01-29T00:00:00+01:00,2026-01-30T00:00:00+01:00,10,2,10,0,2026-06-25T22:43:59+02:00
cb7d460c-0f1b-49bd-b2a2-8e3403b14a8b,kaAxEq,basthon:geometry2ndeequationdroite-mnist,3515488,MathAData - Équation réduite de droite pour la classification d'images de chiffres - 2nde,geometry2ndeequationdroite-mnist,2026-01-31,2026-01-31T00:00:00+01:00,2026-02-01T00:00:00+01:00,1,1,1,0,2026-06-25T22:43:59+02:00
cb7d460c-0f1b-49bd-b2a2-8e3403b14a8b,kaAxEq,basthon:geometry2ndeequationdroite-mnist,3515488,MathAData - Équation réduite de droite pour la classification d'images de chiffres - 2nde,geometry2ndeequationdroite-mnist,2026-02-03,2026-02-03T00:00:00+01:00,2026-02-04T00:00:00+01:00,8,8,8,0,2026-06-25T22:43:59+02:00
cb7d460c-0f1b-49bd-b2a2-8e3403b14a8b,kaAxEq,basthon:geometry2ndeequationdroite-mnist,3515488,MathAData - Équation réduite de droite pour la classification d'images de chiffres - 2nde,geometry2ndeequationdroite-mnist,2026-02-04,2026-02-04T00:00:00+01:00,2026-02-05T00:00:00+01:00,6,3,6,0,2026-06-25T22:43:59+02:00
cb7d460c-0f1b-49bd-b2a2-8e3403b14a8b,kaAxEq,basthon:geometry2ndeequationdroite-mnist,3515488,MathAData - Équation réduite de droite pour la classification d'images de chiffres - 2nde,geometry2ndeequationdroite-mnist,2026-02-05,2026-02-05T00:00:00+01:00,2026-02-06T00:00:00+01:00,3,2,3,0,2026-06-25T22:43:59+02:00
cb7d460c-0f1b-49bd-b2a2-8e3403b14a8b,kaAxEq,basthon:geometry2ndeequationdroite-mnist,3515488,MathAData - Équation réduite de droite pour la classification d'images de chiffres - 2nde,geometry2ndeequationdroite-mnist,2026-02-06,2026-02-06T00:00:00+01:00,2026-02-07T00:00:00+01:00,1,1,1,0,2026-06-25T22:43:59+02:00
cb7d460c-0f1b-49bd-b2a2-8e3403b14a8b,kaAxEq,basthon:geometry2ndeequationdroite-mnist,3515488,MathAData - Équation réduite de droite pour la classification d'images de chiffres - 2nde,geometry2ndeequationdroite-mnist,2026-02-08,2026-02-08T00:00:00+01:00,2026-02-09T00:00:00+01:00,1,1,1,0,2026-06-25T22:43:59+02:00
cb7d460c-0f1b-49bd-b2a2-8e3403b14a8b,kaAxEq,basthon:geometry2ndeequationdroite-mnist,3515488,MathAData - Équation réduite de droite pour la classification d'images de chiffres - 2nde,geometry2ndeequationdroite-mnist,2026-02-09,2026-02-09T00:00:00+01:00,2026-02-10T00:00:00+01:00,5,5,5,0,2026-06-25T22:43:59+02:00
cb7d460c-0f1b-49bd-b2a2-8e3403b14a8b,kaAxEq,basthon:geometry2ndeequationdroite-mnist,3515488,MathAData - Équation réduite de droite pour la classification d'images de chiffres - 2nde,geometry2ndeequationdroite-mnist,2026-02-12,2026-02-12T00:00:00+01:00,2026-02-13T00:00:00+01:00,17,2,17,0,2026-06-25T22:43:59+02:00
cb7d460c-0f1b-49bd-b2a2-8e3403b14a8b,kaAxEq,basthon:geometry2ndeequationdroite-mnist,3515488,MathAData - Équation réduite de droite pour la classification d'images de chiffres - 2nde,geometry2ndeequationdroite-mnist,2026-02-16,2026-02-16T00:00:00+01:00,2026-02-17T00:00:00+01:00,5,5,5,0,2026-06-25T22:43:59+02:00
cb7d460c-0f1b-49bd-b2a2-8e3403b14a8b,kaAxEq,basthon:geometry2ndeequationdroite-mnist,3515488,MathAData - Équation réduite de droite pour la classification d'images de chiffres - 2nde,geometry2ndeequationdroite-mnist,2026-02-19,2026-02-19T00:00:00+01:00,2026-02-20T00:00:00+01:00,1,1,1,0,2026-06-25T22:43:59+02:00
cb7d460c-0f1b-49bd-b2a2-8e3403b14a8b,kaAxEq,basthon:geometry2ndeequationdroite-mnist,3515488,MathAData - Équation réduite de droite pour la classification d'images de chiffres - 2nde,geometry2ndeequationdroite-mnist,2026-03-05,2026-03-05T00:00:00+01:00,2026-03-06T00:00:00+01:00,24,3,24,0,2026-06-25T22:43:59+02:00
cb7d460c-0f1b-49bd-b2a2-8e3403b14a8b,kaAxEq,basthon:geometry2ndeequationdroite-mnist,3515488,MathAData - Équation réduite de droite pour la classification d'images de chiffres - 2nde,geometry2ndeequationdroite-mnist,2026-03-07,2026-03-07T00:00:00+01:00,2026-03-08T00:00:00+01:00,1,1,1,0,2026-06-25T22:43:59+02:00
cb7d460c-0f1b-49bd-b2a2-8e3403b14a8b,kaAxEq,basthon:geometry2ndeequationdroite-mnist,3515488,MathAData - Équation réduite de droite pour la classification d'images de chiffres - 2nde,geometry2ndeequationdroite-mnist,2026-03-17,2026-03-17T00:00:00+01:00,2026-03-18T00:00:00+01:00,1,1,1,0,2026-06-25T22:43:59+02:00
cb7d460c-0f1b-49bd-b2a2-8e3403b14a8b,kaAxEq,basthon:geometry2ndeequationdroite-mnist,3515488,MathAData - Équation réduite de droite pour la classification d'images de chiffres - 2nde,geometry2ndeequationdroite-mnist,2026-03-24,2026-03-24T00:00:00+01:00,2026-03-25T00:00:00+01:00,1,1,1,0,2026-06-25T22:43:59+02:00
cb7d460c-0f1b-49bd-b2a2-8e3403b14a8b,kaAxEq,basthon:geometry2ndeequationdroite-mnist,3515488,MathAData - Équation réduite de droite pour la classification d'images de chiffres - 2nde,geometry2ndeequationdroite-mnist,2026-03-25,2026-03-25T00:00:00+01:00,2026-03-26T00:00:00+01:00,1,1,1,0,2026-06-25T22:43:59+02:00
cb7d460c-0f1b-49bd-b2a2-8e3403b14a8b,kaAxEq,basthon:geometry2ndeequationdroite-mnist,3515488,MathAData - Équation réduite de droite pour la classification d'images de chiffres - 2nde,geometry2ndeequationdroite-mnist,2026-03-26,2026-03-26T00:00:00+01:00,2026-03-27T00:00:00+01:00,1,1,1,0,2026-06-25T22:43:59+02:00
cb7d460c-0f1b-49bd-b2a2-8e3403b14a8b,kaAxEq,basthon:geometry2ndeequationdroite-mnist,3515488,MathAData - Équation réduite de droite pour la classification d'images de chiffres - 2nde,geometry2ndeequationdroite-mnist,2026-03-29,2026-03-29T00:00:00+01:00,2026-03-30T00:00:00+02:00,2,1,2,0,2026-06-25T22:43:59+02:00
cb7d460c-0f1b-49bd-b2a2-8e3403b14a8b,kaAxEq,basthon:geometry2ndeequationdroite-mnist,3515488,MathAData - Équation réduite de droite pour la classification d'images de chiffres - 2nde,geometry2ndeequationdroite-mnist,2026-03-30,2026-03-30T00:00:00+02:00,2026-03-31T00:00:00+02:00,1,1,1,0,2026-06-25T22:43:59+02:00
cb7d460c-0f1b-49bd-b2a2-8e3403b14a8b,kaAxEq,basthon:geometry2ndeequationdroite-mnist,3515488,MathAData - Équation réduite de droite pour la classification d'images de chiffres - 2nde,geometry2ndeequationdroite-mnist,2026-03-31,2026-03-31T00:00:00+02:00,2026-04-01T00:00:00+02:00,32,2,32,0,2026-06-25T22:43:59+02:00
cb7d460c-0f1b-49bd-b2a2-8e3403b14a8b,kaAxEq,basthon:geometry2ndeequationdroite-mnist,3515488,MathAData - Équation réduite de droite pour la classification d'images de chiffres - 2nde,geometry2ndeequationdroite-mnist,2026-04-01,2026-04-01T00:00:00+02:00,2026-04-02T00:00:00+02:00,56,4,56,0,2026-06-25T22:43:59+02:00
cb7d460c-0f1b-49bd-b2a2-8e3403b14a8b,kaAxEq,basthon:geometry2ndeequationdroite-mnist,3515488,MathAData - Équation réduite de droite pour la classification d'images de chiffres - 2nde,geometry2ndeequationdroite-mnist,2026-04-02,2026-04-02T00:00:00+02:00,2026-04-03T00:00:00+02:00,11,2,11,0,2026-06-25T22:43:59+02:00
cb7d460c-0f1b-49bd-b2a2-8e3403b14a8b,kaAxEq,basthon:geometry2ndeequationdroite-mnist,3515488,MathAData - Équation réduite de droite pour la classification d'images de chiffres - 2nde,geometry2ndeequationdroite-mnist,2026-04-03,2026-04-03T00:00:00+02:00,2026-04-04T00:00:00+02:00,1,1,1,0,2026-06-25T22:43:59+02:00
cb7d460c-0f1b-49bd-b2a2-8e3403b14a8b,kaAxEq,basthon:geometry2ndeequationdroite-mnist,3515488,MathAData - Équation réduite de droite pour la classification d'images de chiffres - 2nde,geometry2ndeequationdroite-mnist,2026-04-07,2026-04-07T00:00:00+02:00,2026-04-08T00:00:00+02:00,11,3,11,0,2026-06-25T22:43:59+02:00
cb7d460c-0f1b-49bd-b2a2-8e3403b14a8b,kaAxEq,basthon:geometry2ndeequationdroite-mnist,3515488,MathAData - Équation réduite de droite pour la classification d'images de chiffres - 2nde,geometry2ndeequationdroite-mnist,2026-04-08,2026-04-08T00:00:00+02:00,2026-04-09T00:00:00+02:00,2,2,2,0,2026-06-25T22:43:59+02:00
cb7d460c-0f1b-49bd-b2a2-8e3403b14a8b,kaAxEq,basthon:geometry2ndeequationdroite-mnist,3515488,MathAData - Équation réduite de droite pour la classification d'images de chiffres - 2nde,geometry2ndeequationdroite-mnist,2026-04-09,2026-04-09T00:00:00+02:00,2026-04-10T00:00:00+02:00,1,1,1,0,2026-06-25T22:43:59+02:00
cb7d460c-0f1b-49bd-b2a2-8e3403b14a8b,kaAxEq,basthon:geometry2ndeequationdroite-mnist,3515488,MathAData - Équation réduite de droite pour la classification d'images de chiffres - 2nde,geometry2ndeequationdroite-mnist,2026-04-14,2026-04-14T00:00:00+02:00,2026-04-15T00:00:00+02:00,14,1,14,0,2026-06-25T22:43:59+02:00
cb7d460c-0f1b-49bd-b2a2-8e3403b14a8b,kaAxEq,basthon:geometry2ndeequationdroite-mnist,3515488,MathAData - Équation réduite de droite pour la classification d'images de chiffres - 2nde,geometry2ndeequationdroite-mnist,2026-04-22,2026-04-22T00:00:00+02:00,2026-04-23T00:00:00+02:00,1,1,1,0,2026-06-25T22:43:59+02:00
cb7d460c-0f1b-49bd-b2a2-8e3403b14a8b,kaAxEq,basthon:geometry2ndeequationdroite-mnist,3515488,MathAData - Équation réduite de droite pour la classification d'images de chiffres - 2nde,geometry2ndeequationdroite-mnist,2026-04-28,2026-04-28T00:00:00+02:00,2026-04-29T00:00:00+02:00,1,1,1,0,2026-06-25T22:43:59+02:00
cb7d460c-0f1b-49bd-b2a2-8e3403b14a8b,kaAxEq,basthon:geometry2ndeequationdroite-mnist,3515488,MathAData - Équation réduite de droite pour la classification d'images de chiffres - 2nde,geometry2ndeequationdroite-mnist,2026-05-13,2026-05-13T00:00:00+02:00,2026-05-14T00:00:00+02:00,1,1,1,0,2026-06-25T22:43:59+02:00
cb7d460c-0f1b-49bd-b2a2-8e3403b14a8b,kaAxEq,basthon:geometry2ndeequationdroite-mnist,3515488,MathAData - Équation réduite de droite pour la classification d'images de chiffres - 2nde,geometry2ndeequationdroite-mnist,2026-05-18,2026-05-18T00:00:00+02:00,2026-05-19T00:00:00+02:00,1,1,1,0,2026-06-25T22:43:59+02:00
cb7d460c-0f1b-49bd-b2a2-8e3403b14a8b,kaAxEq,basthon:geometry2ndeequationdroite-mnist,3515488,MathAData - Équation réduite de droite pour la classification d'images de chiffres - 2nde,geometry2ndeequationdroite-mnist,2026-05-19,2026-05-19T00:00:00+02:00,2026-05-20T00:00:00+02:00,2,2,2,0,2026-06-25T22:43:59+02:00
cb7d460c-0f1b-49bd-b2a2-8e3403b14a8b,kaAxEq,basthon:geometry2ndeequationdroite-mnist,3515488,MathAData - Équation réduite de droite pour la classification d'images de chiffres - 2nde,geometry2ndeequationdroite-mnist,2026-05-20,2026-05-20T00:00:00+02:00,2026-05-21T00:00:00+02:00,9,1,9,0,2026-06-25T22:43:59+02:00
cb7d460c-0f1b-49bd-b2a2-8e3403b14a8b,kaAxEq,basthon:geometry2ndeequationdroite-mnist,3515488,MathAData - Équation réduite de droite pour la classification d'images de chiffres - 2nde,geometry2ndeequationdroite-mnist,2026-05-27,2026-05-27T00:00:00+02:00,2026-05-28T00:00:00+02:00,2,2,2,0,2026-06-25T22:43:59+02:00
cb7d460c-0f1b-49bd-b2a2-8e3403b14a8b,kaAxEq,basthon:geometry2ndeequationdroite-mnist,3515488,MathAData - Équation réduite de droite pour la classification d'images de chiffres - 2nde,geometry2ndeequationdroite-mnist,2026-06-02,2026-06-02T00:00:00+02:00,2026-06-03T00:00:00+02:00,1,1,1,0,2026-06-25T22:43:59+02:00
cb7d460c-0f1b-49bd-b2a2-8e3403b14a8b,kaAxEq,basthon:geometry2ndeequationdroite-mnist,3515488,MathAData - Équation réduite de droite pour la classification d'images de chiffres - 2nde,geometry2ndeequationdroite-mnist,2026-06-03,2026-06-03T00:00:00+02:00,2026-06-04T00:00:00+02:00,12,2,12,0,2026-06-25T22:43:59+02:00
cb7d460c-0f1b-49bd-b2a2-8e3403b14a8b,kaAxEq,basthon:geometry2ndeequationdroite-mnist,3515488,MathAData - Équation réduite de droite pour la classification d'images de chiffres - 2nde,geometry2ndeequationdroite-mnist,2026-06-04,2026-06-04T00:00:00+02:00,2026-06-05T00:00:00+02:00,16,3,16,0,2026-06-25T22:43:59+02:00
3231d7db-d3b8-4957-8bae-53db8691bbba,cNQxSu,basthon:stats-moyenne-histogramme-fetal,6944347,MathAData - Statistiques pour surveiller la santé de foetus - 2nde,stats-moyenne-histogramme-fetal,2026-01-01,2026-01-01T00:00:00+01:00,2026-01-02T00:00:00+01:00,1,1,1,0,2026-06-25T22:43:59+02:00
3231d7db-d3b8-4957-8bae-53db8691bbba,cNQxSu,basthon:stats-moyenne-histogramme-fetal,6944347,MathAData - Statistiques pour surveiller la santé de foetus - 2nde,stats-moyenne-histogramme-fetal,2026-01-12,2026-01-12T00:00:00+01:00,2026-01-13T00:00:00+01:00,1,1,1,0,2026-06-25T22:43:59+02:00
3231d7db-d3b8-4957-8bae-53db8691bbba,cNQxSu,basthon:stats-moyenne-histogramme-fetal,6944347,MathAData - Statistiques pour surveiller la santé de foetus - 2nde,stats-moyenne-histogramme-fetal,2026-01-13,2026-01-13T00:00:00+01:00,2026-01-14T00:00:00+01:00,1,1,1,0,2026-06-25T22:43:59+02:00
3231d7db-d3b8-4957-8bae-53db8691bbba,cNQxSu,basthon:stats-moyenne-histogramme-fetal,6944347,MathAData - Statistiques pour surveiller la santé de foetus - 2nde,stats-moyenne-histogramme-fetal,2026-01-16,2026-01-16T00:00:00+01:00,2026-01-17T00:00:00+01:00,1,1,1,0,2026-06-25T22:43:59+02:00
3231d7db-d3b8-4957-8bae-53db8691bbba,cNQxSu,basthon:stats-moyenne-histogramme-fetal,6944347,MathAData - Statistiques pour surveiller la santé de foetus - 2nde,stats-moyenne-histogramme-fetal,2026-02-04,2026-02-04T00:00:00+01:00,2026-02-05T00:00:00+01:00,1,1,1,0,2026-06-25T22:43:59+02:00
3231d7db-d3b8-4957-8bae-53db8691bbba,cNQxSu,basthon:stats-moyenne-histogramme-fetal,6944347,MathAData - Statistiques pour surveiller la santé de foetus - 2nde,stats-moyenne-histogramme-fetal,2026-02-08,2026-02-08T00:00:00+01:00,2026-02-09T00:00:00+01:00,1,1,1,0,2026-06-25T22:43:59+02:00
3231d7db-d3b8-4957-8bae-53db8691bbba,cNQxSu,basthon:stats-moyenne-histogramme-fetal,6944347,MathAData - Statistiques pour surveiller la santé de foetus - 2nde,stats-moyenne-histogramme-fetal,2026-03-05,2026-03-05T00:00:00+01:00,2026-03-06T00:00:00+01:00,2,1,2,0,2026-06-25T22:43:59+02:00
3231d7db-d3b8-4957-8bae-53db8691bbba,cNQxSu,basthon:stats-moyenne-histogramme-fetal,6944347,MathAData - Statistiques pour surveiller la santé de foetus - 2nde,stats-moyenne-histogramme-fetal,2026-03-21,2026-03-21T00:00:00+01:00,2026-03-22T00:00:00+01:00,1,1,1,0,2026-06-25T22:43:59+02:00
3231d7db-d3b8-4957-8bae-53db8691bbba,cNQxSu,basthon:stats-moyenne-histogramme-fetal,6944347,MathAData - Statistiques pour surveiller la santé de foetus - 2nde,stats-moyenne-histogramme-fetal,2026-03-23,2026-03-23T00:00:00+01:00,2026-03-24T00:00:00+01:00,42,3,42,0,2026-06-25T22:43:59+02:00
3231d7db-d3b8-4957-8bae-53db8691bbba,cNQxSu,basthon:stats-moyenne-histogramme-fetal,6944347,MathAData - Statistiques pour surveiller la santé de foetus - 2nde,stats-moyenne-histogramme-fetal,2026-03-25,2026-03-25T00:00:00+01:00,2026-03-26T00:00:00+01:00,5,1,5,0,2026-06-25T22:43:59+02:00
3231d7db-d3b8-4957-8bae-53db8691bbba,cNQxSu,basthon:stats-moyenne-histogramme-fetal,6944347,MathAData - Statistiques pour surveiller la santé de foetus - 2nde,stats-moyenne-histogramme-fetal,2026-04-01,2026-04-01T00:00:00+02:00,2026-04-02T00:00:00+02:00,12,1,12,0,2026-06-25T22:43:59+02:00
3231d7db-d3b8-4957-8bae-53db8691bbba,cNQxSu,basthon:stats-moyenne-histogramme-fetal,6944347,MathAData - Statistiques pour surveiller la santé de foetus - 2nde,stats-moyenne-histogramme-fetal,2026-04-07,2026-04-07T00:00:00+02:00,2026-04-08T00:00:00+02:00,37,1,37,0,2026-06-25T22:43:59+02:00
3231d7db-d3b8-4957-8bae-53db8691bbba,cNQxSu,basthon:stats-moyenne-histogramme-fetal,6944347,MathAData - Statistiques pour surveiller la santé de foetus - 2nde,stats-moyenne-histogramme-fetal,2026-04-09,2026-04-09T00:00:00+02:00,2026-04-10T00:00:00+02:00,1,1,1,0,2026-06-25T22:43:59+02:00
3231d7db-d3b8-4957-8bae-53db8691bbba,cNQxSu,basthon:stats-moyenne-histogramme-fetal,6944347,MathAData - Statistiques pour surveiller la santé de foetus - 2nde,stats-moyenne-histogramme-fetal,2026-04-27,2026-04-27T00:00:00+02:00,2026-04-28T00:00:00+02:00,20,1,20,0,2026-06-25T22:43:59+02:00
3231d7db-d3b8-4957-8bae-53db8691bbba,cNQxSu,basthon:stats-moyenne-histogramme-fetal,6944347,MathAData - Statistiques pour surveiller la santé de foetus - 2nde,stats-moyenne-histogramme-fetal,2026-05-06,2026-05-06T00:00:00+02:00,2026-05-07T00:00:00+02:00,46,1,46,0,2026-06-25T22:43:59+02:00
3231d7db-d3b8-4957-8bae-53db8691bbba,cNQxSu,basthon:stats-moyenne-histogramme-fetal,6944347,MathAData - Statistiques pour surveiller la santé de foetus - 2nde,stats-moyenne-histogramme-fetal,2026-05-18,2026-05-18T00:00:00+02:00,2026-05-19T00:00:00+02:00,1,1,1,0,2026-06-25T22:43:59+02:00
3231d7db-d3b8-4957-8bae-53db8691bbba,cNQxSu,basthon:stats-moyenne-histogramme-fetal,6944347,MathAData - Statistiques pour surveiller la santé de foetus - 2nde,stats-moyenne-histogramme-fetal,2026-05-27,2026-05-27T00:00:00+02:00,2026-05-28T00:00:00+02:00,1,1,1,0,2026-06-25T22:43:59+02:00
3231d7db-d3b8-4957-8bae-53db8691bbba,cNQxSu,basthon:stats-moyenne-histogramme-fetal,6944347,MathAData - Statistiques pour surveiller la santé de foetus - 2nde,stats-moyenne-histogramme-fetal,2026-05-28,2026-05-28T00:00:00+02:00,2026-05-29T00:00:00+02:00,2,2,2,0,2026-06-25T22:43:59+02:00
3231d7db-d3b8-4957-8bae-53db8691bbba,cNQxSu,basthon:stats-moyenne-histogramme-fetal,6944347,MathAData - Statistiques pour surveiller la santé de foetus - 2nde,stats-moyenne-histogramme-fetal,2026-06-09,2026-06-09T00:00:00+02:00,2026-06-10T00:00:00+02:00,1,1,1,0,2026-06-25T22:43:59+02:00
3231d7db-d3b8-4957-8bae-53db8691bbba,cNQxSu,basthon:stats-moyenne-histogramme-fetal,6944347,MathAData - Statistiques pour surveiller la santé de foetus - 2nde,stats-moyenne-histogramme-fetal,2026-06-10,2026-06-10T00:00:00+02:00,2026-06-11T00:00:00+02:00,1,1,1,0,2026-06-25T22:43:59+02:00
3231d7db-d3b8-4957-8bae-53db8691bbba,cNQxSu,basthon:stats-moyenne-histogramme-fetal,6944347,MathAData - Statistiques pour surveiller la santé de foetus - 2nde,stats-moyenne-histogramme-fetal,2026-06-14,2026-06-14T00:00:00+02:00,2026-06-15T00:00:00+02:00,1,1,1,0,2026-06-25T22:43:59+02:00
e863593d-1634-433a-9412-38d5f4cd06f3,TSD4cy,basthon:geometry1eredroiteproduitscalaire-mnist,5862412,MathAData - Droite et produit scalaire pour la classification d'images - 1ere,geometry1eredroiteproduitscalaire-mnist,2026-01-01,2026-01-01T00:00:00+01:00,2026-01-02T00:00:00+01:00,1,1,1,0,2026-06-25T22:43:59+02:00
e863593d-1634-433a-9412-38d5f4cd06f3,TSD4cy,basthon:geometry1eredroiteproduitscalaire-mnist,5862412,MathAData - Droite et produit scalaire pour la classification d'images - 1ere,geometry1eredroiteproduitscalaire-mnist,2026-01-12,2026-01-12T00:00:00+01:00,2026-01-13T00:00:00+01:00,1,1,1,0,2026-06-25T22:43:59+02:00
e863593d-1634-433a-9412-38d5f4cd06f3,TSD4cy,basthon:geometry1eredroiteproduitscalaire-mnist,5862412,MathAData - Droite et produit scalaire pour la classification d'images - 1ere,geometry1eredroiteproduitscalaire-mnist,2026-01-13,2026-01-13T00:00:00+01:00,2026-01-14T00:00:00+01:00,1,1,1,0,2026-06-25T22:43:59+02:00
e863593d-1634-433a-9412-38d5f4cd06f3,TSD4cy,basthon:geometry1eredroiteproduitscalaire-mnist,5862412,MathAData - Droite et produit scalaire pour la classification d'images - 1ere,geometry1eredroiteproduitscalaire-mnist,2026-03-29,2026-03-29T00:00:00+01:00,2026-03-30T00:00:00+02:00,1,1,1,0,2026-06-25T22:43:59+02:00
e863593d-1634-433a-9412-38d5f4cd06f3,TSD4cy,basthon:geometry1eredroiteproduitscalaire-mnist,5862412,MathAData - Droite et produit scalaire pour la classification d'images - 1ere,geometry1eredroiteproduitscalaire-mnist,2026-03-31,2026-03-31T00:00:00+02:00,2026-04-01T00:00:00+02:00,1,1,1,0,2026-06-25T22:43:59+02:00
e863593d-1634-433a-9412-38d5f4cd06f3,TSD4cy,basthon:geometry1eredroiteproduitscalaire-mnist,5862412,MathAData - Droite et produit scalaire pour la classification d'images - 1ere,geometry1eredroiteproduitscalaire-mnist,2026-04-01,2026-04-01T00:00:00+02:00,2026-04-02T00:00:00+02:00,2,1,2,0,2026-06-25T22:43:59+02:00
e863593d-1634-433a-9412-38d5f4cd06f3,TSD4cy,basthon:geometry1eredroiteproduitscalaire-mnist,5862412,MathAData - Droite et produit scalaire pour la classification d'images - 1ere,geometry1eredroiteproduitscalaire-mnist,2026-04-05,2026-04-05T00:00:00+02:00,2026-04-06T00:00:00+02:00,1,1,1,0,2026-06-25T22:43:59+02:00
e863593d-1634-433a-9412-38d5f4cd06f3,TSD4cy,basthon:geometry1eredroiteproduitscalaire-mnist,5862412,MathAData - Droite et produit scalaire pour la classification d'images - 1ere,geometry1eredroiteproduitscalaire-mnist,2026-04-28,2026-04-28T00:00:00+02:00,2026-04-29T00:00:00+02:00,1,1,1,0,2026-06-25T22:43:59+02:00
e863593d-1634-433a-9412-38d5f4cd06f3,TSD4cy,basthon:geometry1eredroiteproduitscalaire-mnist,5862412,MathAData - Droite et produit scalaire pour la classification d'images - 1ere,geometry1eredroiteproduitscalaire-mnist,2026-05-26,2026-05-26T00:00:00+02:00,2026-05-27T00:00:00+02:00,11,1,11,0,2026-06-25T22:43:59+02:00
