link_id,code,label,mathadata_id,mathadata_title,resource_slug,date_paris,hour_paris,hour_start,hour_end,visits,unique_visits,clicks,scans,extracted_at
0344f35f-c7f3-47bd-ab81-258a4ca6088c,kc5KBw,basthon:geometry2ndedroitevecteurdirecteur-mnist,8790616,MathAData - Équation cartésienne et vecteur directeur pour la classification d'images de chiffres - 2nde,geometry2ndedroitevecteurdirecteur-mnist,2025-12-25,14:00,2025-12-25T14:00:00+01:00,2025-12-25T15:00:00+01:00,1,1,1,0,2026-06-25T22:43:59+02:00
0344f35f-c7f3-47bd-ab81-258a4ca6088c,kc5KBw,basthon:geometry2ndedroitevecteurdirecteur-mnist,8790616,MathAData - Équation cartésienne et vecteur directeur pour la classification d'images de chiffres - 2nde,geometry2ndedroitevecteurdirecteur-mnist,2026-01-04,18:00,2026-01-04T18:00:00+01:00,2026-01-04T19:00:00+01:00,1,1,1,0,2026-06-25T22:43:59+02:00
0344f35f-c7f3-47bd-ab81-258a4ca6088c,kc5KBw,basthon:geometry2ndedroitevecteurdirecteur-mnist,8790616,MathAData - Équation cartésienne et vecteur directeur pour la classification d'images de chiffres - 2nde,geometry2ndedroitevecteurdirecteur-mnist,2026-01-13,08:00,2026-01-13T08:00:00+01:00,2026-01-13T09:00:00+01:00,1,1,1,0,2026-06-25T22:43:59+02:00
0344f35f-c7f3-47bd-ab81-258a4ca6088c,kc5KBw,basthon:geometry2ndedroitevecteurdirecteur-mnist,8790616,MathAData - Équation cartésienne et vecteur directeur pour la classification d'images de chiffres - 2nde,geometry2ndedroitevecteurdirecteur-mnist,2026-01-20,08:00,2026-01-20T08:00:00+01:00,2026-01-20T09:00:00+01:00,1,1,1,0,2026-06-25T22:43:59+02:00
0344f35f-c7f3-47bd-ab81-258a4ca6088c,kc5KBw,basthon:geometry2ndedroitevecteurdirecteur-mnist,8790616,MathAData - Équation cartésienne et vecteur directeur pour la classification d'images de chiffres - 2nde,geometry2ndedroitevecteurdirecteur-mnist,2026-02-06,13:00,2026-02-06T13:00:00+01:00,2026-02-06T14:00:00+01:00,1,1,1,0,2026-06-25T22:43:59+02:00
0344f35f-c7f3-47bd-ab81-258a4ca6088c,kc5KBw,basthon:geometry2ndedroitevecteurdirecteur-mnist,8790616,MathAData - Équation cartésienne et vecteur directeur pour la classification d'images de chiffres - 2nde,geometry2ndedroitevecteurdirecteur-mnist,2026-02-08,14:00,2026-02-08T14:00:00+01:00,2026-02-08T15:00:00+01:00,2,1,2,0,2026-06-25T22:43:59+02:00
0344f35f-c7f3-47bd-ab81-258a4ca6088c,kc5KBw,basthon:geometry2ndedroitevecteurdirecteur-mnist,8790616,MathAData - Équation cartésienne et vecteur directeur pour la classification d'images de chiffres - 2nde,geometry2ndedroitevecteurdirecteur-mnist,2026-04-02,10:00,2026-04-02T10:00:00+02:00,2026-04-02T11:00:00+02:00,1,1,1,0,2026-06-25T22:43:59+02:00
0344f35f-c7f3-47bd-ab81-258a4ca6088c,kc5KBw,basthon:geometry2ndedroitevecteurdirecteur-mnist,8790616,MathAData - Équation cartésienne et vecteur directeur pour la classification d'images de chiffres - 2nde,geometry2ndedroitevecteurdirecteur-mnist,2026-04-08,14:00,2026-04-08T14:00:00+02:00,2026-04-08T15:00:00+02:00,2,1,2,0,2026-06-25T22:43:59+02:00
0344f35f-c7f3-47bd-ab81-258a4ca6088c,kc5KBw,basthon:geometry2ndedroitevecteurdirecteur-mnist,8790616,MathAData - Équation cartésienne et vecteur directeur pour la classification d'images de chiffres - 2nde,geometry2ndedroitevecteurdirecteur-mnist,2026-04-13,10:00,2026-04-13T10:00:00+02:00,2026-04-13T11:00:00+02:00,1,1,1,0,2026-06-25T22:43:59+02:00
0344f35f-c7f3-47bd-ab81-258a4ca6088c,kc5KBw,basthon:geometry2ndedroitevecteurdirecteur-mnist,8790616,MathAData - Équation cartésienne et vecteur directeur pour la classification d'images de chiffres - 2nde,geometry2ndedroitevecteurdirecteur-mnist,2026-04-13,12:00,2026-04-13T12:00:00+02:00,2026-04-13T13:00:00+02:00,1,1,1,0,2026-06-25T22:43:59+02:00
0344f35f-c7f3-47bd-ab81-258a4ca6088c,kc5KBw,basthon:geometry2ndedroitevecteurdirecteur-mnist,8790616,MathAData - Équation cartésienne et vecteur directeur pour la classification d'images de chiffres - 2nde,geometry2ndedroitevecteurdirecteur-mnist,2026-04-18,10:00,2026-04-18T10:00:00+02:00,2026-04-18T11:00:00+02:00,1,1,1,0,2026-06-25T22:43:59+02:00
0344f35f-c7f3-47bd-ab81-258a4ca6088c,kc5KBw,basthon:geometry2ndedroitevecteurdirecteur-mnist,8790616,MathAData - Équation cartésienne et vecteur directeur pour la classification d'images de chiffres - 2nde,geometry2ndedroitevecteurdirecteur-mnist,2026-04-28,05:00,2026-04-28T05:00:00+02:00,2026-04-28T06:00:00+02:00,1,1,1,0,2026-06-25T22:43:59+02:00
0344f35f-c7f3-47bd-ab81-258a4ca6088c,kc5KBw,basthon:geometry2ndedroitevecteurdirecteur-mnist,8790616,MathAData - Équation cartésienne et vecteur directeur pour la classification d'images de chiffres - 2nde,geometry2ndedroitevecteurdirecteur-mnist,2026-05-12,11:00,2026-05-12T11:00:00+02:00,2026-05-12T12:00:00+02:00,1,1,1,0,2026-06-25T22:43:59+02:00
0344f35f-c7f3-47bd-ab81-258a4ca6088c,kc5KBw,basthon:geometry2ndedroitevecteurdirecteur-mnist,8790616,MathAData - Équation cartésienne et vecteur directeur pour la classification d'images de chiffres - 2nde,geometry2ndedroitevecteurdirecteur-mnist,2026-05-27,12:00,2026-05-27T12:00:00+02:00,2026-05-27T13:00:00+02:00,1,1,1,0,2026-06-25T22:43:59+02:00
368b3e07-48f8-4e8d-a63d-af498fe9adb6,w9RWJk,basthon:stats-moyenne-histogramme-mnist,3518185,MathAData - Statistiques pour la classification d'images de chiffres- 2nde,stats-moyenne-histogramme-mnist,2025-12-25,19:00,2025-12-25T19:00:00+01:00,2025-12-25T20:00:00+01:00,3,1,3,0,2026-06-25T22:43:59+02:00
368b3e07-48f8-4e8d-a63d-af498fe9adb6,w9RWJk,basthon:stats-moyenne-histogramme-mnist,3518185,MathAData - Statistiques pour la classification d'images de chiffres- 2nde,stats-moyenne-histogramme-mnist,2025-12-25,21:00,2025-12-25T21:00:00+01:00,2025-12-25T22:00:00+01:00,1,1,1,0,2026-06-25T22:43:59+02:00
368b3e07-48f8-4e8d-a63d-af498fe9adb6,w9RWJk,basthon:stats-moyenne-histogramme-mnist,3518185,MathAData - Statistiques pour la classification d'images de chiffres- 2nde,stats-moyenne-histogramme-mnist,2026-01-02,16:00,2026-01-02T16:00:00+01:00,2026-01-02T17:00:00+01:00,1,1,1,0,2026-06-25T22:43:59+02:00
368b3e07-48f8-4e8d-a63d-af498fe9adb6,w9RWJk,basthon:stats-moyenne-histogramme-mnist,3518185,MathAData - Statistiques pour la classification d'images de chiffres- 2nde,stats-moyenne-histogramme-mnist,2026-01-07,15:00,2026-01-07T15:00:00+01:00,2026-01-07T16:00:00+01:00,1,1,1,0,2026-06-25T22:43:59+02:00
368b3e07-48f8-4e8d-a63d-af498fe9adb6,w9RWJk,basthon:stats-moyenne-histogramme-mnist,3518185,MathAData - Statistiques pour la classification d'images de chiffres- 2nde,stats-moyenne-histogramme-mnist,2026-01-08,19:00,2026-01-08T19:00:00+01:00,2026-01-08T20:00:00+01:00,1,1,1,0,2026-06-25T22:43:59+02:00
368b3e07-48f8-4e8d-a63d-af498fe9adb6,w9RWJk,basthon:stats-moyenne-histogramme-mnist,3518185,MathAData - Statistiques pour la classification d'images de chiffres- 2nde,stats-moyenne-histogramme-mnist,2026-01-09,13:00,2026-01-09T13:00:00+01:00,2026-01-09T14:00:00+01:00,1,1,1,0,2026-06-25T22:43:59+02:00
368b3e07-48f8-4e8d-a63d-af498fe9adb6,w9RWJk,basthon:stats-moyenne-histogramme-mnist,3518185,MathAData - Statistiques pour la classification d'images de chiffres- 2nde,stats-moyenne-histogramme-mnist,2026-01-13,07:00,2026-01-13T07:00:00+01:00,2026-01-13T08:00:00+01:00,1,1,1,0,2026-06-25T22:43:59+02:00
368b3e07-48f8-4e8d-a63d-af498fe9adb6,w9RWJk,basthon:stats-moyenne-histogramme-mnist,3518185,MathAData - Statistiques pour la classification d'images de chiffres- 2nde,stats-moyenne-histogramme-mnist,2026-01-13,09:00,2026-01-13T09:00:00+01:00,2026-01-13T10:00:00+01:00,33,24,33,0,2026-06-25T22:43:59+02:00
368b3e07-48f8-4e8d-a63d-af498fe9adb6,w9RWJk,basthon:stats-moyenne-histogramme-mnist,3518185,MathAData - Statistiques pour la classification d'images de chiffres- 2nde,stats-moyenne-histogramme-mnist,2026-01-13,10:00,2026-01-13T10:00:00+01:00,2026-01-13T11:00:00+01:00,9,5,9,0,2026-06-25T22:43:59+02:00
368b3e07-48f8-4e8d-a63d-af498fe9adb6,w9RWJk,basthon:stats-moyenne-histogramme-mnist,3518185,MathAData - Statistiques pour la classification d'images de chiffres- 2nde,stats-moyenne-histogramme-mnist,2026-01-14,16:00,2026-01-14T16:00:00+01:00,2026-01-14T17:00:00+01:00,18,16,18,0,2026-06-25T22:43:59+02:00
368b3e07-48f8-4e8d-a63d-af498fe9adb6,w9RWJk,basthon:stats-moyenne-histogramme-mnist,3518185,MathAData - Statistiques pour la classification d'images de chiffres- 2nde,stats-moyenne-histogramme-mnist,2026-01-15,10:00,2026-01-15T10:00:00+01:00,2026-01-15T11:00:00+01:00,1,1,1,0,2026-06-25T22:43:59+02:00
368b3e07-48f8-4e8d-a63d-af498fe9adb6,w9RWJk,basthon:stats-moyenne-histogramme-mnist,3518185,MathAData - Statistiques pour la classification d'images de chiffres- 2nde,stats-moyenne-histogramme-mnist,2026-01-15,13:00,2026-01-15T13:00:00+01:00,2026-01-15T14:00:00+01:00,1,1,1,0,2026-06-25T22:43:59+02:00
368b3e07-48f8-4e8d-a63d-af498fe9adb6,w9RWJk,basthon:stats-moyenne-histogramme-mnist,3518185,MathAData - Statistiques pour la classification d'images de chiffres- 2nde,stats-moyenne-histogramme-mnist,2026-01-15,14:00,2026-01-15T14:00:00+01:00,2026-01-15T15:00:00+01:00,1,1,1,0,2026-06-25T22:43:59+02:00
368b3e07-48f8-4e8d-a63d-af498fe9adb6,w9RWJk,basthon:stats-moyenne-histogramme-mnist,3518185,MathAData - Statistiques pour la classification d'images de chiffres- 2nde,stats-moyenne-histogramme-mnist,2026-01-15,17:00,2026-01-15T17:00:00+01:00,2026-01-15T18:00:00+01:00,1,1,1,0,2026-06-25T22:43:59+02:00
368b3e07-48f8-4e8d-a63d-af498fe9adb6,w9RWJk,basthon:stats-moyenne-histogramme-mnist,3518185,MathAData - Statistiques pour la classification d'images de chiffres- 2nde,stats-moyenne-histogramme-mnist,2026-01-16,12:00,2026-01-16T12:00:00+01:00,2026-01-16T13:00:00+01:00,32,9,32,0,2026-06-25T22:43:59+02:00
368b3e07-48f8-4e8d-a63d-af498fe9adb6,w9RWJk,basthon:stats-moyenne-histogramme-mnist,3518185,MathAData - Statistiques pour la classification d'images de chiffres- 2nde,stats-moyenne-histogramme-mnist,2026-01-16,13:00,2026-01-16T13:00:00+01:00,2026-01-16T14:00:00+01:00,2,2,2,0,2026-06-25T22:43:59+02:00
368b3e07-48f8-4e8d-a63d-af498fe9adb6,w9RWJk,basthon:stats-moyenne-histogramme-mnist,3518185,MathAData - Statistiques pour la classification d'images de chiffres- 2nde,stats-moyenne-histogramme-mnist,2026-01-20,09:00,2026-01-20T09:00:00+01:00,2026-01-20T10:00:00+01:00,1,1,1,0,2026-06-25T22:43:59+02:00
368b3e07-48f8-4e8d-a63d-af498fe9adb6,w9RWJk,basthon:stats-moyenne-histogramme-mnist,3518185,MathAData - Statistiques pour la classification d'images de chiffres- 2nde,stats-moyenne-histogramme-mnist,2026-01-20,12:00,2026-01-20T12:00:00+01:00,2026-01-20T13:00:00+01:00,1,1,1,0,2026-06-25T22:43:59+02:00
368b3e07-48f8-4e8d-a63d-af498fe9adb6,w9RWJk,basthon:stats-moyenne-histogramme-mnist,3518185,MathAData - Statistiques pour la classification d'images de chiffres- 2nde,stats-moyenne-histogramme-mnist,2026-01-22,10:00,2026-01-22T10:00:00+01:00,2026-01-22T11:00:00+01:00,1,1,1,0,2026-06-25T22:43:59+02:00
368b3e07-48f8-4e8d-a63d-af498fe9adb6,w9RWJk,basthon:stats-moyenne-histogramme-mnist,3518185,MathAData - Statistiques pour la classification d'images de chiffres- 2nde,stats-moyenne-histogramme-mnist,2026-01-24,13:00,2026-01-24T13:00:00+01:00,2026-01-24T14:00:00+01:00,1,1,1,0,2026-06-25T22:43:59+02:00
368b3e07-48f8-4e8d-a63d-af498fe9adb6,w9RWJk,basthon:stats-moyenne-histogramme-mnist,3518185,MathAData - Statistiques pour la classification d'images de chiffres- 2nde,stats-moyenne-histogramme-mnist,2026-01-27,08:00,2026-01-27T08:00:00+01:00,2026-01-27T09:00:00+01:00,1,1,1,0,2026-06-25T22:43:59+02:00
368b3e07-48f8-4e8d-a63d-af498fe9adb6,w9RWJk,basthon:stats-moyenne-histogramme-mnist,3518185,MathAData - Statistiques pour la classification d'images de chiffres- 2nde,stats-moyenne-histogramme-mnist,2026-01-27,09:00,2026-01-27T09:00:00+01:00,2026-01-27T10:00:00+01:00,5,4,5,0,2026-06-25T22:43:59+02:00
368b3e07-48f8-4e8d-a63d-af498fe9adb6,w9RWJk,basthon:stats-moyenne-histogramme-mnist,3518185,MathAData - Statistiques pour la classification d'images de chiffres- 2nde,stats-moyenne-histogramme-mnist,2026-01-30,12:00,2026-01-30T12:00:00+01:00,2026-01-30T13:00:00+01:00,1,1,1,0,2026-06-25T22:43:59+02:00
368b3e07-48f8-4e8d-a63d-af498fe9adb6,w9RWJk,basthon:stats-moyenne-histogramme-mnist,3518185,MathAData - Statistiques pour la classification d'images de chiffres- 2nde,stats-moyenne-histogramme-mnist,2026-02-02,13:00,2026-02-02T13:00:00+01:00,2026-02-02T14:00:00+01:00,13,1,13,0,2026-06-25T22:43:59+02:00
368b3e07-48f8-4e8d-a63d-af498fe9adb6,w9RWJk,basthon:stats-moyenne-histogramme-mnist,3518185,MathAData - Statistiques pour la classification d'images de chiffres- 2nde,stats-moyenne-histogramme-mnist,2026-02-03,10:00,2026-02-03T10:00:00+01:00,2026-02-03T11:00:00+01:00,10,7,10,0,2026-06-25T22:43:59+02:00
368b3e07-48f8-4e8d-a63d-af498fe9adb6,w9RWJk,basthon:stats-moyenne-histogramme-mnist,3518185,MathAData - Statistiques pour la classification d'images de chiffres- 2nde,stats-moyenne-histogramme-mnist,2026-02-04,14:00,2026-02-04T14:00:00+01:00,2026-02-04T15:00:00+01:00,1,1,1,0,2026-06-25T22:43:59+02:00
368b3e07-48f8-4e8d-a63d-af498fe9adb6,w9RWJk,basthon:stats-moyenne-histogramme-mnist,3518185,MathAData - Statistiques pour la classification d'images de chiffres- 2nde,stats-moyenne-histogramme-mnist,2026-02-04,20:00,2026-02-04T20:00:00+01:00,2026-02-04T21:00:00+01:00,1,1,1,0,2026-06-25T22:43:59+02:00
368b3e07-48f8-4e8d-a63d-af498fe9adb6,w9RWJk,basthon:stats-moyenne-histogramme-mnist,3518185,MathAData - Statistiques pour la classification d'images de chiffres- 2nde,stats-moyenne-histogramme-mnist,2026-02-05,00:00,2026-02-05T00:00:00+01:00,2026-02-05T01:00:00+01:00,2,1,2,0,2026-06-25T22:43:59+02:00
368b3e07-48f8-4e8d-a63d-af498fe9adb6,w9RWJk,basthon:stats-moyenne-histogramme-mnist,3518185,MathAData - Statistiques pour la classification d'images de chiffres- 2nde,stats-moyenne-histogramme-mnist,2026-02-05,08:00,2026-02-05T08:00:00+01:00,2026-02-05T09:00:00+01:00,1,1,1,0,2026-06-25T22:43:59+02:00
368b3e07-48f8-4e8d-a63d-af498fe9adb6,w9RWJk,basthon:stats-moyenne-histogramme-mnist,3518185,MathAData - Statistiques pour la classification d'images de chiffres- 2nde,stats-moyenne-histogramme-mnist,2026-02-05,14:00,2026-02-05T14:00:00+01:00,2026-02-05T15:00:00+01:00,21,1,21,0,2026-06-25T22:43:59+02:00
368b3e07-48f8-4e8d-a63d-af498fe9adb6,w9RWJk,basthon:stats-moyenne-histogramme-mnist,3518185,MathAData - Statistiques pour la classification d'images de chiffres- 2nde,stats-moyenne-histogramme-mnist,2026-02-05,15:00,2026-02-05T15:00:00+01:00,2026-02-05T16:00:00+01:00,1,1,1,0,2026-06-25T22:43:59+02:00
368b3e07-48f8-4e8d-a63d-af498fe9adb6,w9RWJk,basthon:stats-moyenne-histogramme-mnist,3518185,MathAData - Statistiques pour la classification d'images de chiffres- 2nde,stats-moyenne-histogramme-mnist,2026-02-05,17:00,2026-02-05T17:00:00+01:00,2026-02-05T18:00:00+01:00,1,1,1,0,2026-06-25T22:43:59+02:00
368b3e07-48f8-4e8d-a63d-af498fe9adb6,w9RWJk,basthon:stats-moyenne-histogramme-mnist,3518185,MathAData - Statistiques pour la classification d'images de chiffres- 2nde,stats-moyenne-histogramme-mnist,2026-02-08,12:00,2026-02-08T12:00:00+01:00,2026-02-08T13:00:00+01:00,1,1,1,0,2026-06-25T22:43:59+02:00
368b3e07-48f8-4e8d-a63d-af498fe9adb6,w9RWJk,basthon:stats-moyenne-histogramme-mnist,3518185,MathAData - Statistiques pour la classification d'images de chiffres- 2nde,stats-moyenne-histogramme-mnist,2026-02-09,07:00,2026-02-09T07:00:00+01:00,2026-02-09T08:00:00+01:00,1,1,1,0,2026-06-25T22:43:59+02:00
368b3e07-48f8-4e8d-a63d-af498fe9adb6,w9RWJk,basthon:stats-moyenne-histogramme-mnist,3518185,MathAData - Statistiques pour la classification d'images de chiffres- 2nde,stats-moyenne-histogramme-mnist,2026-02-09,10:00,2026-02-09T10:00:00+01:00,2026-02-09T11:00:00+01:00,1,1,1,0,2026-06-25T22:43:59+02:00
368b3e07-48f8-4e8d-a63d-af498fe9adb6,w9RWJk,basthon:stats-moyenne-histogramme-mnist,3518185,MathAData - Statistiques pour la classification d'images de chiffres- 2nde,stats-moyenne-histogramme-mnist,2026-02-09,13:00,2026-02-09T13:00:00+01:00,2026-02-09T14:00:00+01:00,2,1,2,0,2026-06-25T22:43:59+02:00
368b3e07-48f8-4e8d-a63d-af498fe9adb6,w9RWJk,basthon:stats-moyenne-histogramme-mnist,3518185,MathAData - Statistiques pour la classification d'images de chiffres- 2nde,stats-moyenne-histogramme-mnist,2026-02-10,09:00,2026-02-10T09:00:00+01:00,2026-02-10T10:00:00+01:00,7,6,7,0,2026-06-25T22:43:59+02:00
368b3e07-48f8-4e8d-a63d-af498fe9adb6,w9RWJk,basthon:stats-moyenne-histogramme-mnist,3518185,MathAData - Statistiques pour la classification d'images de chiffres- 2nde,stats-moyenne-histogramme-mnist,2026-02-10,10:00,2026-02-10T10:00:00+01:00,2026-02-10T11:00:00+01:00,2,2,2,0,2026-06-25T22:43:59+02:00
368b3e07-48f8-4e8d-a63d-af498fe9adb6,w9RWJk,basthon:stats-moyenne-histogramme-mnist,3518185,MathAData - Statistiques pour la classification d'images de chiffres- 2nde,stats-moyenne-histogramme-mnist,2026-02-10,11:00,2026-02-10T11:00:00+01:00,2026-02-10T12:00:00+01:00,15,1,15,0,2026-06-25T22:43:59+02:00
368b3e07-48f8-4e8d-a63d-af498fe9adb6,w9RWJk,basthon:stats-moyenne-histogramme-mnist,3518185,MathAData - Statistiques pour la classification d'images de chiffres- 2nde,stats-moyenne-histogramme-mnist,2026-02-11,14:00,2026-02-11T14:00:00+01:00,2026-02-11T15:00:00+01:00,1,1,1,0,2026-06-25T22:43:59+02:00
368b3e07-48f8-4e8d-a63d-af498fe9adb6,w9RWJk,basthon:stats-moyenne-histogramme-mnist,3518185,MathAData - Statistiques pour la classification d'images de chiffres- 2nde,stats-moyenne-histogramme-mnist,2026-02-13,16:00,2026-02-13T16:00:00+01:00,2026-02-13T17:00:00+01:00,1,1,1,0,2026-06-25T22:43:59+02:00
368b3e07-48f8-4e8d-a63d-af498fe9adb6,w9RWJk,basthon:stats-moyenne-histogramme-mnist,3518185,MathAData - Statistiques pour la classification d'images de chiffres- 2nde,stats-moyenne-histogramme-mnist,2026-02-16,14:00,2026-02-16T14:00:00+01:00,2026-02-16T15:00:00+01:00,18,1,18,0,2026-06-25T22:43:59+02:00
368b3e07-48f8-4e8d-a63d-af498fe9adb6,w9RWJk,basthon:stats-moyenne-histogramme-mnist,3518185,MathAData - Statistiques pour la classification d'images de chiffres- 2nde,stats-moyenne-histogramme-mnist,2026-02-16,15:00,2026-02-16T15:00:00+01:00,2026-02-16T16:00:00+01:00,1,1,1,0,2026-06-25T22:43:59+02:00
368b3e07-48f8-4e8d-a63d-af498fe9adb6,w9RWJk,basthon:stats-moyenne-histogramme-mnist,3518185,MathAData - Statistiques pour la classification d'images de chiffres- 2nde,stats-moyenne-histogramme-mnist,2026-02-16,16:00,2026-02-16T16:00:00+01:00,2026-02-16T17:00:00+01:00,13,1,13,0,2026-06-25T22:43:59+02:00
368b3e07-48f8-4e8d-a63d-af498fe9adb6,w9RWJk,basthon:stats-moyenne-histogramme-mnist,3518185,MathAData - Statistiques pour la classification d'images de chiffres- 2nde,stats-moyenne-histogramme-mnist,2026-02-18,12:00,2026-02-18T12:00:00+01:00,2026-02-18T13:00:00+01:00,15,2,15,0,2026-06-25T22:43:59+02:00
368b3e07-48f8-4e8d-a63d-af498fe9adb6,w9RWJk,basthon:stats-moyenne-histogramme-mnist,3518185,MathAData - Statistiques pour la classification d'images de chiffres- 2nde,stats-moyenne-histogramme-mnist,2026-02-18,13:00,2026-02-18T13:00:00+01:00,2026-02-18T14:00:00+01:00,15,1,15,0,2026-06-25T22:43:59+02:00
368b3e07-48f8-4e8d-a63d-af498fe9adb6,w9RWJk,basthon:stats-moyenne-histogramme-mnist,3518185,MathAData - Statistiques pour la classification d'images de chiffres- 2nde,stats-moyenne-histogramme-mnist,2026-03-01,14:00,2026-03-01T14:00:00+01:00,2026-03-01T15:00:00+01:00,1,1,1,0,2026-06-25T22:43:59+02:00
368b3e07-48f8-4e8d-a63d-af498fe9adb6,w9RWJk,basthon:stats-moyenne-histogramme-mnist,3518185,MathAData - Statistiques pour la classification d'images de chiffres- 2nde,stats-moyenne-histogramme-mnist,2026-03-03,08:00,2026-03-03T08:00:00+01:00,2026-03-03T09:00:00+01:00,8,1,8,0,2026-06-25T22:43:59+02:00
368b3e07-48f8-4e8d-a63d-af498fe9adb6,w9RWJk,basthon:stats-moyenne-histogramme-mnist,3518185,MathAData - Statistiques pour la classification d'images de chiffres- 2nde,stats-moyenne-histogramme-mnist,2026-03-09,10:00,2026-03-09T10:00:00+01:00,2026-03-09T11:00:00+01:00,15,1,15,0,2026-06-25T22:43:59+02:00
368b3e07-48f8-4e8d-a63d-af498fe9adb6,w9RWJk,basthon:stats-moyenne-histogramme-mnist,3518185,MathAData - Statistiques pour la classification d'images de chiffres- 2nde,stats-moyenne-histogramme-mnist,2026-03-09,11:00,2026-03-09T11:00:00+01:00,2026-03-09T12:00:00+01:00,1,1,1,0,2026-06-25T22:43:59+02:00
368b3e07-48f8-4e8d-a63d-af498fe9adb6,w9RWJk,basthon:stats-moyenne-histogramme-mnist,3518185,MathAData - Statistiques pour la classification d'images de chiffres- 2nde,stats-moyenne-histogramme-mnist,2026-03-12,15:00,2026-03-12T15:00:00+01:00,2026-03-12T16:00:00+01:00,22,1,22,0,2026-06-25T22:43:59+02:00
368b3e07-48f8-4e8d-a63d-af498fe9adb6,w9RWJk,basthon:stats-moyenne-histogramme-mnist,3518185,MathAData - Statistiques pour la classification d'images de chiffres- 2nde,stats-moyenne-histogramme-mnist,2026-03-12,16:00,2026-03-12T16:00:00+01:00,2026-03-12T17:00:00+01:00,2,1,2,0,2026-06-25T22:43:59+02:00
368b3e07-48f8-4e8d-a63d-af498fe9adb6,w9RWJk,basthon:stats-moyenne-histogramme-mnist,3518185,MathAData - Statistiques pour la classification d'images de chiffres- 2nde,stats-moyenne-histogramme-mnist,2026-03-12,22:00,2026-03-12T22:00:00+01:00,2026-03-12T23:00:00+01:00,1,1,1,0,2026-06-25T22:43:59+02:00
368b3e07-48f8-4e8d-a63d-af498fe9adb6,w9RWJk,basthon:stats-moyenne-histogramme-mnist,3518185,MathAData - Statistiques pour la classification d'images de chiffres- 2nde,stats-moyenne-histogramme-mnist,2026-03-14,08:00,2026-03-14T08:00:00+01:00,2026-03-14T09:00:00+01:00,1,1,1,0,2026-06-25T22:43:59+02:00
368b3e07-48f8-4e8d-a63d-af498fe9adb6,w9RWJk,basthon:stats-moyenne-histogramme-mnist,3518185,MathAData - Statistiques pour la classification d'images de chiffres- 2nde,stats-moyenne-histogramme-mnist,2026-03-16,08:00,2026-03-16T08:00:00+01:00,2026-03-16T09:00:00+01:00,18,1,18,0,2026-06-25T22:43:59+02:00
368b3e07-48f8-4e8d-a63d-af498fe9adb6,w9RWJk,basthon:stats-moyenne-histogramme-mnist,3518185,MathAData - Statistiques pour la classification d'images de chiffres- 2nde,stats-moyenne-histogramme-mnist,2026-03-16,17:00,2026-03-16T17:00:00+01:00,2026-03-16T18:00:00+01:00,1,1,1,0,2026-06-25T22:43:59+02:00
368b3e07-48f8-4e8d-a63d-af498fe9adb6,w9RWJk,basthon:stats-moyenne-histogramme-mnist,3518185,MathAData - Statistiques pour la classification d'images de chiffres- 2nde,stats-moyenne-histogramme-mnist,2026-03-23,08:00,2026-03-23T08:00:00+01:00,2026-03-23T09:00:00+01:00,19,1,19,0,2026-06-25T22:43:59+02:00
368b3e07-48f8-4e8d-a63d-af498fe9adb6,w9RWJk,basthon:stats-moyenne-histogramme-mnist,3518185,MathAData - Statistiques pour la classification d'images de chiffres- 2nde,stats-moyenne-histogramme-mnist,2026-03-24,12:00,2026-03-24T12:00:00+01:00,2026-03-24T13:00:00+01:00,14,1,14,0,2026-06-25T22:43:59+02:00
368b3e07-48f8-4e8d-a63d-af498fe9adb6,w9RWJk,basthon:stats-moyenne-histogramme-mnist,3518185,MathAData - Statistiques pour la classification d'images de chiffres- 2nde,stats-moyenne-histogramme-mnist,2026-03-25,20:00,2026-03-25T20:00:00+01:00,2026-03-25T21:00:00+01:00,1,1,1,0,2026-06-25T22:43:59+02:00
368b3e07-48f8-4e8d-a63d-af498fe9adb6,w9RWJk,basthon:stats-moyenne-histogramme-mnist,3518185,MathAData - Statistiques pour la classification d'images de chiffres- 2nde,stats-moyenne-histogramme-mnist,2026-03-26,07:00,2026-03-26T07:00:00+01:00,2026-03-26T08:00:00+01:00,26,3,26,0,2026-06-25T22:43:59+02:00
368b3e07-48f8-4e8d-a63d-af498fe9adb6,w9RWJk,basthon:stats-moyenne-histogramme-mnist,3518185,MathAData - Statistiques pour la classification d'images de chiffres- 2nde,stats-moyenne-histogramme-mnist,2026-03-26,10:00,2026-03-26T10:00:00+01:00,2026-03-26T11:00:00+01:00,1,1,1,0,2026-06-25T22:43:59+02:00
368b3e07-48f8-4e8d-a63d-af498fe9adb6,w9RWJk,basthon:stats-moyenne-histogramme-mnist,3518185,MathAData - Statistiques pour la classification d'images de chiffres- 2nde,stats-moyenne-histogramme-mnist,2026-03-26,16:00,2026-03-26T16:00:00+01:00,2026-03-26T17:00:00+01:00,1,1,1,0,2026-06-25T22:43:59+02:00
368b3e07-48f8-4e8d-a63d-af498fe9adb6,w9RWJk,basthon:stats-moyenne-histogramme-mnist,3518185,MathAData - Statistiques pour la classification d'images de chiffres- 2nde,stats-moyenne-histogramme-mnist,2026-03-30,07:00,2026-03-30T07:00:00+02:00,2026-03-30T08:00:00+02:00,2,1,2,0,2026-06-25T22:43:59+02:00
368b3e07-48f8-4e8d-a63d-af498fe9adb6,w9RWJk,basthon:stats-moyenne-histogramme-mnist,3518185,MathAData - Statistiques pour la classification d'images de chiffres- 2nde,stats-moyenne-histogramme-mnist,2026-03-31,09:00,2026-03-31T09:00:00+02:00,2026-03-31T10:00:00+02:00,2,2,2,0,2026-06-25T22:43:59+02:00
368b3e07-48f8-4e8d-a63d-af498fe9adb6,w9RWJk,basthon:stats-moyenne-histogramme-mnist,3518185,MathAData - Statistiques pour la classification d'images de chiffres- 2nde,stats-moyenne-histogramme-mnist,2026-04-01,11:00,2026-04-01T11:00:00+02:00,2026-04-01T12:00:00+02:00,1,1,1,0,2026-06-25T22:43:59+02:00
368b3e07-48f8-4e8d-a63d-af498fe9adb6,w9RWJk,basthon:stats-moyenne-histogramme-mnist,3518185,MathAData - Statistiques pour la classification d'images de chiffres- 2nde,stats-moyenne-histogramme-mnist,2026-04-04,13:00,2026-04-04T13:00:00+02:00,2026-04-04T14:00:00+02:00,2,1,2,0,2026-06-25T22:43:59+02:00
368b3e07-48f8-4e8d-a63d-af498fe9adb6,w9RWJk,basthon:stats-moyenne-histogramme-mnist,3518185,MathAData - Statistiques pour la classification d'images de chiffres- 2nde,stats-moyenne-histogramme-mnist,2026-04-06,16:00,2026-04-06T16:00:00+02:00,2026-04-06T17:00:00+02:00,1,1,1,0,2026-06-25T22:43:59+02:00
368b3e07-48f8-4e8d-a63d-af498fe9adb6,w9RWJk,basthon:stats-moyenne-histogramme-mnist,3518185,MathAData - Statistiques pour la classification d'images de chiffres- 2nde,stats-moyenne-histogramme-mnist,2026-04-07,09:00,2026-04-07T09:00:00+02:00,2026-04-07T10:00:00+02:00,8,1,8,0,2026-06-25T22:43:59+02:00
368b3e07-48f8-4e8d-a63d-af498fe9adb6,w9RWJk,basthon:stats-moyenne-histogramme-mnist,3518185,MathAData - Statistiques pour la classification d'images de chiffres- 2nde,stats-moyenne-histogramme-mnist,2026-04-08,09:00,2026-04-08T09:00:00+02:00,2026-04-08T10:00:00+02:00,2,2,2,0,2026-06-25T22:43:59+02:00
368b3e07-48f8-4e8d-a63d-af498fe9adb6,w9RWJk,basthon:stats-moyenne-histogramme-mnist,3518185,MathAData - Statistiques pour la classification d'images de chiffres- 2nde,stats-moyenne-histogramme-mnist,2026-04-08,13:00,2026-04-08T13:00:00+02:00,2026-04-08T14:00:00+02:00,1,1,1,0,2026-06-25T22:43:59+02:00
368b3e07-48f8-4e8d-a63d-af498fe9adb6,w9RWJk,basthon:stats-moyenne-histogramme-mnist,3518185,MathAData - Statistiques pour la classification d'images de chiffres- 2nde,stats-moyenne-histogramme-mnist,2026-04-08,14:00,2026-04-08T14:00:00+02:00,2026-04-08T15:00:00+02:00,1,1,1,0,2026-06-25T22:43:59+02:00
368b3e07-48f8-4e8d-a63d-af498fe9adb6,w9RWJk,basthon:stats-moyenne-histogramme-mnist,3518185,MathAData - Statistiques pour la classification d'images de chiffres- 2nde,stats-moyenne-histogramme-mnist,2026-04-08,16:00,2026-04-08T16:00:00+02:00,2026-04-08T17:00:00+02:00,1,1,1,0,2026-06-25T22:43:59+02:00
368b3e07-48f8-4e8d-a63d-af498fe9adb6,w9RWJk,basthon:stats-moyenne-histogramme-mnist,3518185,MathAData - Statistiques pour la classification d'images de chiffres- 2nde,stats-moyenne-histogramme-mnist,2026-04-09,12:00,2026-04-09T12:00:00+02:00,2026-04-09T13:00:00+02:00,12,1,12,0,2026-06-25T22:43:59+02:00
368b3e07-48f8-4e8d-a63d-af498fe9adb6,w9RWJk,basthon:stats-moyenne-histogramme-mnist,3518185,MathAData - Statistiques pour la classification d'images de chiffres- 2nde,stats-moyenne-histogramme-mnist,2026-04-09,13:00,2026-04-09T13:00:00+02:00,2026-04-09T14:00:00+02:00,1,1,1,0,2026-06-25T22:43:59+02:00
368b3e07-48f8-4e8d-a63d-af498fe9adb6,w9RWJk,basthon:stats-moyenne-histogramme-mnist,3518185,MathAData - Statistiques pour la classification d'images de chiffres- 2nde,stats-moyenne-histogramme-mnist,2026-04-09,15:00,2026-04-09T15:00:00+02:00,2026-04-09T16:00:00+02:00,1,1,1,0,2026-06-25T22:43:59+02:00
368b3e07-48f8-4e8d-a63d-af498fe9adb6,w9RWJk,basthon:stats-moyenne-histogramme-mnist,3518185,MathAData - Statistiques pour la classification d'images de chiffres- 2nde,stats-moyenne-histogramme-mnist,2026-04-10,08:00,2026-04-10T08:00:00+02:00,2026-04-10T09:00:00+02:00,1,1,1,0,2026-06-25T22:43:59+02:00
368b3e07-48f8-4e8d-a63d-af498fe9adb6,w9RWJk,basthon:stats-moyenne-histogramme-mnist,3518185,MathAData - Statistiques pour la classification d'images de chiffres- 2nde,stats-moyenne-histogramme-mnist,2026-04-21,08:00,2026-04-21T08:00:00+02:00,2026-04-21T09:00:00+02:00,1,1,1,0,2026-06-25T22:43:59+02:00
368b3e07-48f8-4e8d-a63d-af498fe9adb6,w9RWJk,basthon:stats-moyenne-histogramme-mnist,3518185,MathAData - Statistiques pour la classification d'images de chiffres- 2nde,stats-moyenne-histogramme-mnist,2026-04-22,06:00,2026-04-22T06:00:00+02:00,2026-04-22T07:00:00+02:00,1,1,1,0,2026-06-25T22:43:59+02:00
368b3e07-48f8-4e8d-a63d-af498fe9adb6,w9RWJk,basthon:stats-moyenne-histogramme-mnist,3518185,MathAData - Statistiques pour la classification d'images de chiffres- 2nde,stats-moyenne-histogramme-mnist,2026-04-26,13:00,2026-04-26T13:00:00+02:00,2026-04-26T14:00:00+02:00,1,1,1,0,2026-06-25T22:43:59+02:00
368b3e07-48f8-4e8d-a63d-af498fe9adb6,w9RWJk,basthon:stats-moyenne-histogramme-mnist,3518185,MathAData - Statistiques pour la classification d'images de chiffres- 2nde,stats-moyenne-histogramme-mnist,2026-04-27,11:00,2026-04-27T11:00:00+02:00,2026-04-27T12:00:00+02:00,1,1,1,0,2026-06-25T22:43:59+02:00
368b3e07-48f8-4e8d-a63d-af498fe9adb6,w9RWJk,basthon:stats-moyenne-histogramme-mnist,3518185,MathAData - Statistiques pour la classification d'images de chiffres- 2nde,stats-moyenne-histogramme-mnist,2026-04-30,06:00,2026-04-30T06:00:00+02:00,2026-04-30T07:00:00+02:00,1,1,1,0,2026-06-25T22:43:59+02:00
368b3e07-48f8-4e8d-a63d-af498fe9adb6,w9RWJk,basthon:stats-moyenne-histogramme-mnist,3518185,MathAData - Statistiques pour la classification d'images de chiffres- 2nde,stats-moyenne-histogramme-mnist,2026-04-30,08:00,2026-04-30T08:00:00+02:00,2026-04-30T09:00:00+02:00,1,1,1,0,2026-06-25T22:43:59+02:00
368b3e07-48f8-4e8d-a63d-af498fe9adb6,w9RWJk,basthon:stats-moyenne-histogramme-mnist,3518185,MathAData - Statistiques pour la classification d'images de chiffres- 2nde,stats-moyenne-histogramme-mnist,2026-04-30,10:00,2026-04-30T10:00:00+02:00,2026-04-30T11:00:00+02:00,1,1,1,0,2026-06-25T22:43:59+02:00
368b3e07-48f8-4e8d-a63d-af498fe9adb6,w9RWJk,basthon:stats-moyenne-histogramme-mnist,3518185,MathAData - Statistiques pour la classification d'images de chiffres- 2nde,stats-moyenne-histogramme-mnist,2026-05-01,13:00,2026-05-01T13:00:00+02:00,2026-05-01T14:00:00+02:00,1,1,1,0,2026-06-25T22:43:59+02:00
368b3e07-48f8-4e8d-a63d-af498fe9adb6,w9RWJk,basthon:stats-moyenne-histogramme-mnist,3518185,MathAData - Statistiques pour la classification d'images de chiffres- 2nde,stats-moyenne-histogramme-mnist,2026-05-03,08:00,2026-05-03T08:00:00+02:00,2026-05-03T09:00:00+02:00,1,1,1,0,2026-06-25T22:43:59+02:00
368b3e07-48f8-4e8d-a63d-af498fe9adb6,w9RWJk,basthon:stats-moyenne-histogramme-mnist,3518185,MathAData - Statistiques pour la classification d'images de chiffres- 2nde,stats-moyenne-histogramme-mnist,2026-05-08,12:00,2026-05-08T12:00:00+02:00,2026-05-08T13:00:00+02:00,1,1,1,0,2026-06-25T22:43:59+02:00
368b3e07-48f8-4e8d-a63d-af498fe9adb6,w9RWJk,basthon:stats-moyenne-histogramme-mnist,3518185,MathAData - Statistiques pour la classification d'images de chiffres- 2nde,stats-moyenne-histogramme-mnist,2026-05-14,20:00,2026-05-14T20:00:00+02:00,2026-05-14T21:00:00+02:00,1,1,1,0,2026-06-25T22:43:59+02:00
368b3e07-48f8-4e8d-a63d-af498fe9adb6,w9RWJk,basthon:stats-moyenne-histogramme-mnist,3518185,MathAData - Statistiques pour la classification d'images de chiffres- 2nde,stats-moyenne-histogramme-mnist,2026-05-15,08:00,2026-05-15T08:00:00+02:00,2026-05-15T09:00:00+02:00,1,1,1,0,2026-06-25T22:43:59+02:00
368b3e07-48f8-4e8d-a63d-af498fe9adb6,w9RWJk,basthon:stats-moyenne-histogramme-mnist,3518185,MathAData - Statistiques pour la classification d'images de chiffres- 2nde,stats-moyenne-histogramme-mnist,2026-05-15,09:00,2026-05-15T09:00:00+02:00,2026-05-15T10:00:00+02:00,1,1,1,0,2026-06-25T22:43:59+02:00
368b3e07-48f8-4e8d-a63d-af498fe9adb6,w9RWJk,basthon:stats-moyenne-histogramme-mnist,3518185,MathAData - Statistiques pour la classification d'images de chiffres- 2nde,stats-moyenne-histogramme-mnist,2026-05-18,07:00,2026-05-18T07:00:00+02:00,2026-05-18T08:00:00+02:00,1,1,1,0,2026-06-25T22:43:59+02:00
368b3e07-48f8-4e8d-a63d-af498fe9adb6,w9RWJk,basthon:stats-moyenne-histogramme-mnist,3518185,MathAData - Statistiques pour la classification d'images de chiffres- 2nde,stats-moyenne-histogramme-mnist,2026-05-19,10:00,2026-05-19T10:00:00+02:00,2026-05-19T11:00:00+02:00,1,1,1,0,2026-06-25T22:43:59+02:00
368b3e07-48f8-4e8d-a63d-af498fe9adb6,w9RWJk,basthon:stats-moyenne-histogramme-mnist,3518185,MathAData - Statistiques pour la classification d'images de chiffres- 2nde,stats-moyenne-histogramme-mnist,2026-05-19,13:00,2026-05-19T13:00:00+02:00,2026-05-19T14:00:00+02:00,1,1,1,0,2026-06-25T22:43:59+02:00
368b3e07-48f8-4e8d-a63d-af498fe9adb6,w9RWJk,basthon:stats-moyenne-histogramme-mnist,3518185,MathAData - Statistiques pour la classification d'images de chiffres- 2nde,stats-moyenne-histogramme-mnist,2026-05-19,14:00,2026-05-19T14:00:00+02:00,2026-05-19T15:00:00+02:00,30,2,30,0,2026-06-25T22:43:59+02:00
368b3e07-48f8-4e8d-a63d-af498fe9adb6,w9RWJk,basthon:stats-moyenne-histogramme-mnist,3518185,MathAData - Statistiques pour la classification d'images de chiffres- 2nde,stats-moyenne-histogramme-mnist,2026-05-21,17:00,2026-05-21T17:00:00+02:00,2026-05-21T18:00:00+02:00,8,4,8,0,2026-06-25T22:43:59+02:00
368b3e07-48f8-4e8d-a63d-af498fe9adb6,w9RWJk,basthon:stats-moyenne-histogramme-mnist,3518185,MathAData - Statistiques pour la classification d'images de chiffres- 2nde,stats-moyenne-histogramme-mnist,2026-05-21,20:00,2026-05-21T20:00:00+02:00,2026-05-21T21:00:00+02:00,1,1,1,0,2026-06-25T22:43:59+02:00
368b3e07-48f8-4e8d-a63d-af498fe9adb6,w9RWJk,basthon:stats-moyenne-histogramme-mnist,3518185,MathAData - Statistiques pour la classification d'images de chiffres- 2nde,stats-moyenne-histogramme-mnist,2026-05-22,05:00,2026-05-22T05:00:00+02:00,2026-05-22T06:00:00+02:00,1,1,1,0,2026-06-25T22:43:59+02:00
368b3e07-48f8-4e8d-a63d-af498fe9adb6,w9RWJk,basthon:stats-moyenne-histogramme-mnist,3518185,MathAData - Statistiques pour la classification d'images de chiffres- 2nde,stats-moyenne-histogramme-mnist,2026-05-27,20:00,2026-05-27T20:00:00+02:00,2026-05-27T21:00:00+02:00,2,1,2,0,2026-06-25T22:43:59+02:00
368b3e07-48f8-4e8d-a63d-af498fe9adb6,w9RWJk,basthon:stats-moyenne-histogramme-mnist,3518185,MathAData - Statistiques pour la classification d'images de chiffres- 2nde,stats-moyenne-histogramme-mnist,2026-05-28,08:00,2026-05-28T08:00:00+02:00,2026-05-28T09:00:00+02:00,2,1,2,0,2026-06-25T22:43:59+02:00
368b3e07-48f8-4e8d-a63d-af498fe9adb6,w9RWJk,basthon:stats-moyenne-histogramme-mnist,3518185,MathAData - Statistiques pour la classification d'images de chiffres- 2nde,stats-moyenne-histogramme-mnist,2026-05-28,09:00,2026-05-28T09:00:00+02:00,2026-05-28T10:00:00+02:00,1,1,1,0,2026-06-25T22:43:59+02:00
368b3e07-48f8-4e8d-a63d-af498fe9adb6,w9RWJk,basthon:stats-moyenne-histogramme-mnist,3518185,MathAData - Statistiques pour la classification d'images de chiffres- 2nde,stats-moyenne-histogramme-mnist,2026-05-29,09:00,2026-05-29T09:00:00+02:00,2026-05-29T10:00:00+02:00,1,1,1,0,2026-06-25T22:43:59+02:00
368b3e07-48f8-4e8d-a63d-af498fe9adb6,w9RWJk,basthon:stats-moyenne-histogramme-mnist,3518185,MathAData - Statistiques pour la classification d'images de chiffres- 2nde,stats-moyenne-histogramme-mnist,2026-05-29,11:00,2026-05-29T11:00:00+02:00,2026-05-29T12:00:00+02:00,1,1,1,0,2026-06-25T22:43:59+02:00
368b3e07-48f8-4e8d-a63d-af498fe9adb6,w9RWJk,basthon:stats-moyenne-histogramme-mnist,3518185,MathAData - Statistiques pour la classification d'images de chiffres- 2nde,stats-moyenne-histogramme-mnist,2026-05-29,16:00,2026-05-29T16:00:00+02:00,2026-05-29T17:00:00+02:00,1,1,1,0,2026-06-25T22:43:59+02:00
368b3e07-48f8-4e8d-a63d-af498fe9adb6,w9RWJk,basthon:stats-moyenne-histogramme-mnist,3518185,MathAData - Statistiques pour la classification d'images de chiffres- 2nde,stats-moyenne-histogramme-mnist,2026-05-30,10:00,2026-05-30T10:00:00+02:00,2026-05-30T11:00:00+02:00,1,1,1,0,2026-06-25T22:43:59+02:00
368b3e07-48f8-4e8d-a63d-af498fe9adb6,w9RWJk,basthon:stats-moyenne-histogramme-mnist,3518185,MathAData - Statistiques pour la classification d'images de chiffres- 2nde,stats-moyenne-histogramme-mnist,2026-06-01,08:00,2026-06-01T08:00:00+02:00,2026-06-01T09:00:00+02:00,3,1,3,0,2026-06-25T22:43:59+02:00
368b3e07-48f8-4e8d-a63d-af498fe9adb6,w9RWJk,basthon:stats-moyenne-histogramme-mnist,3518185,MathAData - Statistiques pour la classification d'images de chiffres- 2nde,stats-moyenne-histogramme-mnist,2026-06-01,09:00,2026-06-01T09:00:00+02:00,2026-06-01T10:00:00+02:00,1,1,1,0,2026-06-25T22:43:59+02:00
368b3e07-48f8-4e8d-a63d-af498fe9adb6,w9RWJk,basthon:stats-moyenne-histogramme-mnist,3518185,MathAData - Statistiques pour la classification d'images de chiffres- 2nde,stats-moyenne-histogramme-mnist,2026-06-01,11:00,2026-06-01T11:00:00+02:00,2026-06-01T12:00:00+02:00,3,1,3,0,2026-06-25T22:43:59+02:00
368b3e07-48f8-4e8d-a63d-af498fe9adb6,w9RWJk,basthon:stats-moyenne-histogramme-mnist,3518185,MathAData - Statistiques pour la classification d'images de chiffres- 2nde,stats-moyenne-histogramme-mnist,2026-06-02,06:00,2026-06-02T06:00:00+02:00,2026-06-02T07:00:00+02:00,22,1,22,0,2026-06-25T22:43:59+02:00
368b3e07-48f8-4e8d-a63d-af498fe9adb6,w9RWJk,basthon:stats-moyenne-histogramme-mnist,3518185,MathAData - Statistiques pour la classification d'images de chiffres- 2nde,stats-moyenne-histogramme-mnist,2026-06-02,07:00,2026-06-02T07:00:00+02:00,2026-06-02T08:00:00+02:00,1,1,1,0,2026-06-25T22:43:59+02:00
368b3e07-48f8-4e8d-a63d-af498fe9adb6,w9RWJk,basthon:stats-moyenne-histogramme-mnist,3518185,MathAData - Statistiques pour la classification d'images de chiffres- 2nde,stats-moyenne-histogramme-mnist,2026-06-02,10:00,2026-06-02T10:00:00+02:00,2026-06-02T11:00:00+02:00,1,1,1,0,2026-06-25T22:43:59+02:00
368b3e07-48f8-4e8d-a63d-af498fe9adb6,w9RWJk,basthon:stats-moyenne-histogramme-mnist,3518185,MathAData - Statistiques pour la classification d'images de chiffres- 2nde,stats-moyenne-histogramme-mnist,2026-06-02,11:00,2026-06-02T11:00:00+02:00,2026-06-02T12:00:00+02:00,16,2,16,0,2026-06-25T22:43:59+02:00
368b3e07-48f8-4e8d-a63d-af498fe9adb6,w9RWJk,basthon:stats-moyenne-histogramme-mnist,3518185,MathAData - Statistiques pour la classification d'images de chiffres- 2nde,stats-moyenne-histogramme-mnist,2026-06-03,07:00,2026-06-03T07:00:00+02:00,2026-06-03T08:00:00+02:00,2,1,2,0,2026-06-25T22:43:59+02:00
368b3e07-48f8-4e8d-a63d-af498fe9adb6,w9RWJk,basthon:stats-moyenne-histogramme-mnist,3518185,MathAData - Statistiques pour la classification d'images de chiffres- 2nde,stats-moyenne-histogramme-mnist,2026-06-03,13:00,2026-06-03T13:00:00+02:00,2026-06-03T14:00:00+02:00,6,1,6,0,2026-06-25T22:43:59+02:00
368b3e07-48f8-4e8d-a63d-af498fe9adb6,w9RWJk,basthon:stats-moyenne-histogramme-mnist,3518185,MathAData - Statistiques pour la classification d'images de chiffres- 2nde,stats-moyenne-histogramme-mnist,2026-06-04,13:00,2026-06-04T13:00:00+02:00,2026-06-04T14:00:00+02:00,2,1,2,0,2026-06-25T22:43:59+02:00
368b3e07-48f8-4e8d-a63d-af498fe9adb6,w9RWJk,basthon:stats-moyenne-histogramme-mnist,3518185,MathAData - Statistiques pour la classification d'images de chiffres- 2nde,stats-moyenne-histogramme-mnist,2026-06-04,14:00,2026-06-04T14:00:00+02:00,2026-06-04T15:00:00+02:00,8,1,8,0,2026-06-25T22:43:59+02:00
368b3e07-48f8-4e8d-a63d-af498fe9adb6,w9RWJk,basthon:stats-moyenne-histogramme-mnist,3518185,MathAData - Statistiques pour la classification d'images de chiffres- 2nde,stats-moyenne-histogramme-mnist,2026-06-04,15:00,2026-06-04T15:00:00+02:00,2026-06-04T16:00:00+02:00,1,1,1,0,2026-06-25T22:43:59+02:00
368b3e07-48f8-4e8d-a63d-af498fe9adb6,w9RWJk,basthon:stats-moyenne-histogramme-mnist,3518185,MathAData - Statistiques pour la classification d'images de chiffres- 2nde,stats-moyenne-histogramme-mnist,2026-06-05,09:00,2026-06-05T09:00:00+02:00,2026-06-05T10:00:00+02:00,6,1,6,0,2026-06-25T22:43:59+02:00
368b3e07-48f8-4e8d-a63d-af498fe9adb6,w9RWJk,basthon:stats-moyenne-histogramme-mnist,3518185,MathAData - Statistiques pour la classification d'images de chiffres- 2nde,stats-moyenne-histogramme-mnist,2026-06-08,14:00,2026-06-08T14:00:00+02:00,2026-06-08T15:00:00+02:00,2,1,2,0,2026-06-25T22:43:59+02:00
368b3e07-48f8-4e8d-a63d-af498fe9adb6,w9RWJk,basthon:stats-moyenne-histogramme-mnist,3518185,MathAData - Statistiques pour la classification d'images de chiffres- 2nde,stats-moyenne-histogramme-mnist,2026-06-10,16:00,2026-06-10T16:00:00+02:00,2026-06-10T17:00:00+02:00,1,1,1,0,2026-06-25T22:43:59+02:00
368b3e07-48f8-4e8d-a63d-af498fe9adb6,w9RWJk,basthon:stats-moyenne-histogramme-mnist,3518185,MathAData - Statistiques pour la classification d'images de chiffres- 2nde,stats-moyenne-histogramme-mnist,2026-06-10,17:00,2026-06-10T17:00:00+02:00,2026-06-10T18:00:00+02:00,1,1,1,0,2026-06-25T22:43:59+02:00
368b3e07-48f8-4e8d-a63d-af498fe9adb6,w9RWJk,basthon:stats-moyenne-histogramme-mnist,3518185,MathAData - Statistiques pour la classification d'images de chiffres- 2nde,stats-moyenne-histogramme-mnist,2026-06-15,10:00,2026-06-15T10:00:00+02:00,2026-06-15T11:00:00+02:00,1,1,1,0,2026-06-25T22:43:59+02:00
368b3e07-48f8-4e8d-a63d-af498fe9adb6,w9RWJk,basthon:stats-moyenne-histogramme-mnist,3518185,MathAData - Statistiques pour la classification d'images de chiffres- 2nde,stats-moyenne-histogramme-mnist,2026-06-16,07:00,2026-06-16T07:00:00+02:00,2026-06-16T08:00:00+02:00,3,1,3,0,2026-06-25T22:43:59+02:00
368b3e07-48f8-4e8d-a63d-af498fe9adb6,w9RWJk,basthon:stats-moyenne-histogramme-mnist,3518185,MathAData - Statistiques pour la classification d'images de chiffres- 2nde,stats-moyenne-histogramme-mnist,2026-06-16,08:00,2026-06-16T08:00:00+02:00,2026-06-16T09:00:00+02:00,2,1,2,0,2026-06-25T22:43:59+02:00
368b3e07-48f8-4e8d-a63d-af498fe9adb6,w9RWJk,basthon:stats-moyenne-histogramme-mnist,3518185,MathAData - Statistiques pour la classification d'images de chiffres- 2nde,stats-moyenne-histogramme-mnist,2026-06-17,08:00,2026-06-17T08:00:00+02:00,2026-06-17T09:00:00+02:00,1,1,1,0,2026-06-25T22:43:59+02:00
368b3e07-48f8-4e8d-a63d-af498fe9adb6,w9RWJk,basthon:stats-moyenne-histogramme-mnist,3518185,MathAData - Statistiques pour la classification d'images de chiffres- 2nde,stats-moyenne-histogramme-mnist,2026-06-18,14:00,2026-06-18T14:00:00+02:00,2026-06-18T15:00:00+02:00,1,1,1,0,2026-06-25T22:43:59+02:00
368b3e07-48f8-4e8d-a63d-af498fe9adb6,w9RWJk,basthon:stats-moyenne-histogramme-mnist,3518185,MathAData - Statistiques pour la classification d'images de chiffres- 2nde,stats-moyenne-histogramme-mnist,2026-06-18,17:00,2026-06-18T17:00:00+02:00,2026-06-18T18:00:00+02:00,1,1,1,0,2026-06-25T22:43:59+02:00
368b3e07-48f8-4e8d-a63d-af498fe9adb6,w9RWJk,basthon:stats-moyenne-histogramme-mnist,3518185,MathAData - Statistiques pour la classification d'images de chiffres- 2nde,stats-moyenne-histogramme-mnist,2026-06-22,19:00,2026-06-22T19:00:00+02:00,2026-06-22T20:00:00+02:00,1,1,1,0,2026-06-25T22:43:59+02:00
368b3e07-48f8-4e8d-a63d-af498fe9adb6,w9RWJk,basthon:stats-moyenne-histogramme-mnist,3518185,MathAData - Statistiques pour la classification d'images de chiffres- 2nde,stats-moyenne-histogramme-mnist,2026-06-23,14:00,2026-06-23T14:00:00+02:00,2026-06-23T15:00:00+02:00,1,1,1,0,2026-06-25T22:43:59+02:00
368b3e07-48f8-4e8d-a63d-af498fe9adb6,w9RWJk,basthon:stats-moyenne-histogramme-mnist,3518185,MathAData - Statistiques pour la classification d'images de chiffres- 2nde,stats-moyenne-histogramme-mnist,2026-06-24,09:00,2026-06-24T09:00:00+02:00,2026-06-24T10:00:00+02:00,1,1,1,0,2026-06-25T22:43:59+02:00
368b3e07-48f8-4e8d-a63d-af498fe9adb6,w9RWJk,basthon:stats-moyenne-histogramme-mnist,3518185,MathAData - Statistiques pour la classification d'images de chiffres- 2nde,stats-moyenne-histogramme-mnist,2026-06-24,19:00,2026-06-24T19:00:00+02:00,2026-06-24T20:00:00+02:00,1,1,1,0,2026-06-25T22:43:59+02:00
b7c1fd64-4280-4af2-9e78-4880a6a88c84,e9tZ56,basthon:geometry2ndemilieudistance-mnist,6659633,"MathAData- Géométrie repérée, milieu, distance, pour la classification d'images de chiffres - 2nde",geometry2ndemilieudistance-mnist,2026-01-12,12:00,2026-01-12T12:00:00+01:00,2026-01-12T13:00:00+01:00,1,1,1,0,2026-06-25T22:43:59+02:00
b7c1fd64-4280-4af2-9e78-4880a6a88c84,e9tZ56,basthon:geometry2ndemilieudistance-mnist,6659633,"MathAData- Géométrie repérée, milieu, distance, pour la classification d'images de chiffres - 2nde",geometry2ndemilieudistance-mnist,2026-01-13,08:00,2026-01-13T08:00:00+01:00,2026-01-13T09:00:00+01:00,1,1,1,0,2026-06-25T22:43:59+02:00
b7c1fd64-4280-4af2-9e78-4880a6a88c84,e9tZ56,basthon:geometry2ndemilieudistance-mnist,6659633,"MathAData- Géométrie repérée, milieu, distance, pour la classification d'images de chiffres - 2nde",geometry2ndemilieudistance-mnist,2026-02-03,07:00,2026-02-03T07:00:00+01:00,2026-02-03T08:00:00+01:00,1,1,1,0,2026-06-25T22:43:59+02:00
b7c1fd64-4280-4af2-9e78-4880a6a88c84,e9tZ56,basthon:geometry2ndemilieudistance-mnist,6659633,"MathAData- Géométrie repérée, milieu, distance, pour la classification d'images de chiffres - 2nde",geometry2ndemilieudistance-mnist,2026-04-08,08:00,2026-04-08T08:00:00+02:00,2026-04-08T09:00:00+02:00,1,1,1,0,2026-06-25T22:43:59+02:00
b7c1fd64-4280-4af2-9e78-4880a6a88c84,e9tZ56,basthon:geometry2ndemilieudistance-mnist,6659633,"MathAData- Géométrie repérée, milieu, distance, pour la classification d'images de chiffres - 2nde",geometry2ndemilieudistance-mnist,2026-04-13,10:00,2026-04-13T10:00:00+02:00,2026-04-13T11:00:00+02:00,1,1,1,0,2026-06-25T22:43:59+02:00
b7c1fd64-4280-4af2-9e78-4880a6a88c84,e9tZ56,basthon:geometry2ndemilieudistance-mnist,6659633,"MathAData- Géométrie repérée, milieu, distance, pour la classification d'images de chiffres - 2nde",geometry2ndemilieudistance-mnist,2026-04-13,12:00,2026-04-13T12:00:00+02:00,2026-04-13T13:00:00+02:00,1,1,1,0,2026-06-25T22:43:59+02:00
b7c1fd64-4280-4af2-9e78-4880a6a88c84,e9tZ56,basthon:geometry2ndemilieudistance-mnist,6659633,"MathAData- Géométrie repérée, milieu, distance, pour la classification d'images de chiffres - 2nde",geometry2ndemilieudistance-mnist,2026-04-20,13:00,2026-04-20T13:00:00+02:00,2026-04-20T14:00:00+02:00,1,1,1,0,2026-06-25T22:43:59+02:00
b7c1fd64-4280-4af2-9e78-4880a6a88c84,e9tZ56,basthon:geometry2ndemilieudistance-mnist,6659633,"MathAData- Géométrie repérée, milieu, distance, pour la classification d'images de chiffres - 2nde",geometry2ndemilieudistance-mnist,2026-04-29,06:00,2026-04-29T06:00:00+02:00,2026-04-29T07:00:00+02:00,3,3,3,0,2026-06-25T22:43:59+02:00
b7c1fd64-4280-4af2-9e78-4880a6a88c84,e9tZ56,basthon:geometry2ndemilieudistance-mnist,6659633,"MathAData- Géométrie repérée, milieu, distance, pour la classification d'images de chiffres - 2nde",geometry2ndemilieudistance-mnist,2026-04-29,09:00,2026-04-29T09:00:00+02:00,2026-04-29T10:00:00+02:00,27,1,27,0,2026-06-25T22:43:59+02:00
b7c1fd64-4280-4af2-9e78-4880a6a88c84,e9tZ56,basthon:geometry2ndemilieudistance-mnist,6659633,"MathAData- Géométrie repérée, milieu, distance, pour la classification d'images de chiffres - 2nde",geometry2ndemilieudistance-mnist,2026-04-29,10:00,2026-04-29T10:00:00+02:00,2026-04-29T11:00:00+02:00,8,1,8,0,2026-06-25T22:43:59+02:00
b7c1fd64-4280-4af2-9e78-4880a6a88c84,e9tZ56,basthon:geometry2ndemilieudistance-mnist,6659633,"MathAData- Géométrie repérée, milieu, distance, pour la classification d'images de chiffres - 2nde",geometry2ndemilieudistance-mnist,2026-05-06,06:00,2026-05-06T06:00:00+02:00,2026-05-06T07:00:00+02:00,1,1,1,0,2026-06-25T22:43:59+02:00
b7c1fd64-4280-4af2-9e78-4880a6a88c84,e9tZ56,basthon:geometry2ndemilieudistance-mnist,6659633,"MathAData- Géométrie repérée, milieu, distance, pour la classification d'images de chiffres - 2nde",geometry2ndemilieudistance-mnist,2026-05-13,09:00,2026-05-13T09:00:00+02:00,2026-05-13T10:00:00+02:00,1,1,1,0,2026-06-25T22:43:59+02:00
cb7d460c-0f1b-49bd-b2a2-8e3403b14a8b,kaAxEq,basthon:geometry2ndeequationdroite-mnist,3515488,MathAData - Équation réduite de droite pour la classification d'images de chiffres - 2nde,geometry2ndeequationdroite-mnist,2026-01-07,17:00,2026-01-07T17:00:00+01:00,2026-01-07T18:00:00+01:00,19,16,19,0,2026-06-25T22:43:59+02:00
cb7d460c-0f1b-49bd-b2a2-8e3403b14a8b,kaAxEq,basthon:geometry2ndeequationdroite-mnist,3515488,MathAData - Équation réduite de droite pour la classification d'images de chiffres - 2nde,geometry2ndeequationdroite-mnist,2026-01-07,18:00,2026-01-07T18:00:00+01:00,2026-01-07T19:00:00+01:00,1,1,1,0,2026-06-25T22:43:59+02:00
cb7d460c-0f1b-49bd-b2a2-8e3403b14a8b,kaAxEq,basthon:geometry2ndeequationdroite-mnist,3515488,MathAData - Équation réduite de droite pour la classification d'images de chiffres - 2nde,geometry2ndeequationdroite-mnist,2026-01-10,00:00,2026-01-10T00:00:00+01:00,2026-01-10T01:00:00+01:00,1,1,1,0,2026-06-25T22:43:59+02:00
cb7d460c-0f1b-49bd-b2a2-8e3403b14a8b,kaAxEq,basthon:geometry2ndeequationdroite-mnist,3515488,MathAData - Équation réduite de droite pour la classification d'images de chiffres - 2nde,geometry2ndeequationdroite-mnist,2026-01-11,16:00,2026-01-11T16:00:00+01:00,2026-01-11T17:00:00+01:00,1,1,1,0,2026-06-25T22:43:59+02:00
cb7d460c-0f1b-49bd-b2a2-8e3403b14a8b,kaAxEq,basthon:geometry2ndeequationdroite-mnist,3515488,MathAData - Équation réduite de droite pour la classification d'images de chiffres - 2nde,geometry2ndeequationdroite-mnist,2026-01-12,09:00,2026-01-12T09:00:00+01:00,2026-01-12T10:00:00+01:00,1,1,1,0,2026-06-25T22:43:59+02:00
cb7d460c-0f1b-49bd-b2a2-8e3403b14a8b,kaAxEq,basthon:geometry2ndeequationdroite-mnist,3515488,MathAData - Équation réduite de droite pour la classification d'images de chiffres - 2nde,geometry2ndeequationdroite-mnist,2026-01-13,08:00,2026-01-13T08:00:00+01:00,2026-01-13T09:00:00+01:00,1,1,1,0,2026-06-25T22:43:59+02:00
cb7d460c-0f1b-49bd-b2a2-8e3403b14a8b,kaAxEq,basthon:geometry2ndeequationdroite-mnist,3515488,MathAData - Équation réduite de droite pour la classification d'images de chiffres - 2nde,geometry2ndeequationdroite-mnist,2026-01-13,13:00,2026-01-13T13:00:00+01:00,2026-01-13T14:00:00+01:00,1,1,1,0,2026-06-25T22:43:59+02:00
cb7d460c-0f1b-49bd-b2a2-8e3403b14a8b,kaAxEq,basthon:geometry2ndeequationdroite-mnist,3515488,MathAData - Équation réduite de droite pour la classification d'images de chiffres - 2nde,geometry2ndeequationdroite-mnist,2026-01-14,13:00,2026-01-14T13:00:00+01:00,2026-01-14T14:00:00+01:00,18,7,18,0,2026-06-25T22:43:59+02:00
cb7d460c-0f1b-49bd-b2a2-8e3403b14a8b,kaAxEq,basthon:geometry2ndeequationdroite-mnist,3515488,MathAData - Équation réduite de droite pour la classification d'images de chiffres - 2nde,geometry2ndeequationdroite-mnist,2026-01-14,21:00,2026-01-14T21:00:00+01:00,2026-01-14T22:00:00+01:00,41,40,41,0,2026-06-25T22:43:59+02:00
cb7d460c-0f1b-49bd-b2a2-8e3403b14a8b,kaAxEq,basthon:geometry2ndeequationdroite-mnist,3515488,MathAData - Équation réduite de droite pour la classification d'images de chiffres - 2nde,geometry2ndeequationdroite-mnist,2026-01-15,10:00,2026-01-15T10:00:00+01:00,2026-01-15T11:00:00+01:00,12,10,12,0,2026-06-25T22:43:59+02:00
cb7d460c-0f1b-49bd-b2a2-8e3403b14a8b,kaAxEq,basthon:geometry2ndeequationdroite-mnist,3515488,MathAData - Équation réduite de droite pour la classification d'images de chiffres - 2nde,geometry2ndeequationdroite-mnist,2026-01-15,13:00,2026-01-15T13:00:00+01:00,2026-01-15T14:00:00+01:00,1,1,1,0,2026-06-25T22:43:59+02:00
cb7d460c-0f1b-49bd-b2a2-8e3403b14a8b,kaAxEq,basthon:geometry2ndeequationdroite-mnist,3515488,MathAData - Équation réduite de droite pour la classification d'images de chiffres - 2nde,geometry2ndeequationdroite-mnist,2026-01-16,06:00,2026-01-16T06:00:00+01:00,2026-01-16T07:00:00+01:00,1,1,1,0,2026-06-25T22:43:59+02:00
cb7d460c-0f1b-49bd-b2a2-8e3403b14a8b,kaAxEq,basthon:geometry2ndeequationdroite-mnist,3515488,MathAData - Équation réduite de droite pour la classification d'images de chiffres - 2nde,geometry2ndeequationdroite-mnist,2026-01-22,17:00,2026-01-22T17:00:00+01:00,2026-01-22T18:00:00+01:00,4,4,4,0,2026-06-25T22:43:59+02:00
cb7d460c-0f1b-49bd-b2a2-8e3403b14a8b,kaAxEq,basthon:geometry2ndeequationdroite-mnist,3515488,MathAData - Équation réduite de droite pour la classification d'images de chiffres - 2nde,geometry2ndeequationdroite-mnist,2026-01-23,23:00,2026-01-23T23:00:00+01:00,2026-01-24T00:00:00+01:00,1,1,1,0,2026-06-25T22:43:59+02:00
cb7d460c-0f1b-49bd-b2a2-8e3403b14a8b,kaAxEq,basthon:geometry2ndeequationdroite-mnist,3515488,MathAData - Équation réduite de droite pour la classification d'images de chiffres - 2nde,geometry2ndeequationdroite-mnist,2026-01-29,15:00,2026-01-29T15:00:00+01:00,2026-01-29T16:00:00+01:00,1,1,1,0,2026-06-25T22:43:59+02:00
cb7d460c-0f1b-49bd-b2a2-8e3403b14a8b,kaAxEq,basthon:geometry2ndeequationdroite-mnist,3515488,MathAData - Équation réduite de droite pour la classification d'images de chiffres - 2nde,geometry2ndeequationdroite-mnist,2026-01-29,16:00,2026-01-29T16:00:00+01:00,2026-01-29T17:00:00+01:00,9,2,9,0,2026-06-25T22:43:59+02:00
cb7d460c-0f1b-49bd-b2a2-8e3403b14a8b,kaAxEq,basthon:geometry2ndeequationdroite-mnist,3515488,MathAData - Équation réduite de droite pour la classification d'images de chiffres - 2nde,geometry2ndeequationdroite-mnist,2026-01-31,14:00,2026-01-31T14:00:00+01:00,2026-01-31T15:00:00+01:00,1,1,1,0,2026-06-25T22:43:59+02:00
cb7d460c-0f1b-49bd-b2a2-8e3403b14a8b,kaAxEq,basthon:geometry2ndeequationdroite-mnist,3515488,MathAData - Équation réduite de droite pour la classification d'images de chiffres - 2nde,geometry2ndeequationdroite-mnist,2026-02-03,17:00,2026-02-03T17:00:00+01:00,2026-02-03T18:00:00+01:00,8,8,8,0,2026-06-25T22:43:59+02:00
cb7d460c-0f1b-49bd-b2a2-8e3403b14a8b,kaAxEq,basthon:geometry2ndeequationdroite-mnist,3515488,MathAData - Équation réduite de droite pour la classification d'images de chiffres - 2nde,geometry2ndeequationdroite-mnist,2026-02-04,17:00,2026-02-04T17:00:00+01:00,2026-02-04T18:00:00+01:00,4,3,4,0,2026-06-25T22:43:59+02:00
cb7d460c-0f1b-49bd-b2a2-8e3403b14a8b,kaAxEq,basthon:geometry2ndeequationdroite-mnist,3515488,MathAData - Équation réduite de droite pour la classification d'images de chiffres - 2nde,geometry2ndeequationdroite-mnist,2026-02-04,18:00,2026-02-04T18:00:00+01:00,2026-02-04T19:00:00+01:00,1,1,1,0,2026-06-25T22:43:59+02:00
cb7d460c-0f1b-49bd-b2a2-8e3403b14a8b,kaAxEq,basthon:geometry2ndeequationdroite-mnist,3515488,MathAData - Équation réduite de droite pour la classification d'images de chiffres - 2nde,geometry2ndeequationdroite-mnist,2026-02-04,19:00,2026-02-04T19:00:00+01:00,2026-02-04T20:00:00+01:00,1,1,1,0,2026-06-25T22:43:59+02:00
cb7d460c-0f1b-49bd-b2a2-8e3403b14a8b,kaAxEq,basthon:geometry2ndeequationdroite-mnist,3515488,MathAData - Équation réduite de droite pour la classification d'images de chiffres - 2nde,geometry2ndeequationdroite-mnist,2026-02-05,08:00,2026-02-05T08:00:00+01:00,2026-02-05T09:00:00+01:00,1,1,1,0,2026-06-25T22:43:59+02:00
cb7d460c-0f1b-49bd-b2a2-8e3403b14a8b,kaAxEq,basthon:geometry2ndeequationdroite-mnist,3515488,MathAData - Équation réduite de droite pour la classification d'images de chiffres - 2nde,geometry2ndeequationdroite-mnist,2026-02-05,09:00,2026-02-05T09:00:00+01:00,2026-02-05T10:00:00+01:00,2,2,2,0,2026-06-25T22:43:59+02:00
cb7d460c-0f1b-49bd-b2a2-8e3403b14a8b,kaAxEq,basthon:geometry2ndeequationdroite-mnist,3515488,MathAData - Équation réduite de droite pour la classification d'images de chiffres - 2nde,geometry2ndeequationdroite-mnist,2026-02-06,13:00,2026-02-06T13:00:00+01:00,2026-02-06T14:00:00+01:00,1,1,1,0,2026-06-25T22:43:59+02:00
cb7d460c-0f1b-49bd-b2a2-8e3403b14a8b,kaAxEq,basthon:geometry2ndeequationdroite-mnist,3515488,MathAData - Équation réduite de droite pour la classification d'images de chiffres - 2nde,geometry2ndeequationdroite-mnist,2026-02-08,10:00,2026-02-08T10:00:00+01:00,2026-02-08T11:00:00+01:00,1,1,1,0,2026-06-25T22:43:59+02:00
cb7d460c-0f1b-49bd-b2a2-8e3403b14a8b,kaAxEq,basthon:geometry2ndeequationdroite-mnist,3515488,MathAData - Équation réduite de droite pour la classification d'images de chiffres - 2nde,geometry2ndeequationdroite-mnist,2026-02-09,16:00,2026-02-09T16:00:00+01:00,2026-02-09T17:00:00+01:00,4,4,4,0,2026-06-25T22:43:59+02:00
cb7d460c-0f1b-49bd-b2a2-8e3403b14a8b,kaAxEq,basthon:geometry2ndeequationdroite-mnist,3515488,MathAData - Équation réduite de droite pour la classification d'images de chiffres - 2nde,geometry2ndeequationdroite-mnist,2026-02-09,17:00,2026-02-09T17:00:00+01:00,2026-02-09T18:00:00+01:00,1,1,1,0,2026-06-25T22:43:59+02:00
cb7d460c-0f1b-49bd-b2a2-8e3403b14a8b,kaAxEq,basthon:geometry2ndeequationdroite-mnist,3515488,MathAData - Équation réduite de droite pour la classification d'images de chiffres - 2nde,geometry2ndeequationdroite-mnist,2026-02-12,15:00,2026-02-12T15:00:00+01:00,2026-02-12T16:00:00+01:00,17,2,17,0,2026-06-25T22:43:59+02:00
cb7d460c-0f1b-49bd-b2a2-8e3403b14a8b,kaAxEq,basthon:geometry2ndeequationdroite-mnist,3515488,MathAData - Équation réduite de droite pour la classification d'images de chiffres - 2nde,geometry2ndeequationdroite-mnist,2026-02-16,17:00,2026-02-16T17:00:00+01:00,2026-02-16T18:00:00+01:00,5,5,5,0,2026-06-25T22:43:59+02:00
cb7d460c-0f1b-49bd-b2a2-8e3403b14a8b,kaAxEq,basthon:geometry2ndeequationdroite-mnist,3515488,MathAData - Équation réduite de droite pour la classification d'images de chiffres - 2nde,geometry2ndeequationdroite-mnist,2026-02-19,18:00,2026-02-19T18:00:00+01:00,2026-02-19T19:00:00+01:00,1,1,1,0,2026-06-25T22:43:59+02:00
cb7d460c-0f1b-49bd-b2a2-8e3403b14a8b,kaAxEq,basthon:geometry2ndeequationdroite-mnist,3515488,MathAData - Équation réduite de droite pour la classification d'images de chiffres - 2nde,geometry2ndeequationdroite-mnist,2026-03-05,15:00,2026-03-05T15:00:00+01:00,2026-03-05T16:00:00+01:00,24,3,24,0,2026-06-25T22:43:59+02:00
cb7d460c-0f1b-49bd-b2a2-8e3403b14a8b,kaAxEq,basthon:geometry2ndeequationdroite-mnist,3515488,MathAData - Équation réduite de droite pour la classification d'images de chiffres - 2nde,geometry2ndeequationdroite-mnist,2026-03-07,18:00,2026-03-07T18:00:00+01:00,2026-03-07T19:00:00+01:00,1,1,1,0,2026-06-25T22:43:59+02:00
cb7d460c-0f1b-49bd-b2a2-8e3403b14a8b,kaAxEq,basthon:geometry2ndeequationdroite-mnist,3515488,MathAData - Équation réduite de droite pour la classification d'images de chiffres - 2nde,geometry2ndeequationdroite-mnist,2026-03-17,00:00,2026-03-17T00:00:00+01:00,2026-03-17T01:00:00+01:00,1,1,1,0,2026-06-25T22:43:59+02:00
cb7d460c-0f1b-49bd-b2a2-8e3403b14a8b,kaAxEq,basthon:geometry2ndeequationdroite-mnist,3515488,MathAData - Équation réduite de droite pour la classification d'images de chiffres - 2nde,geometry2ndeequationdroite-mnist,2026-03-24,18:00,2026-03-24T18:00:00+01:00,2026-03-24T19:00:00+01:00,1,1,1,0,2026-06-25T22:43:59+02:00
cb7d460c-0f1b-49bd-b2a2-8e3403b14a8b,kaAxEq,basthon:geometry2ndeequationdroite-mnist,3515488,MathAData - Équation réduite de droite pour la classification d'images de chiffres - 2nde,geometry2ndeequationdroite-mnist,2026-03-25,13:00,2026-03-25T13:00:00+01:00,2026-03-25T14:00:00+01:00,1,1,1,0,2026-06-25T22:43:59+02:00
cb7d460c-0f1b-49bd-b2a2-8e3403b14a8b,kaAxEq,basthon:geometry2ndeequationdroite-mnist,3515488,MathAData - Équation réduite de droite pour la classification d'images de chiffres - 2nde,geometry2ndeequationdroite-mnist,2026-03-26,15:00,2026-03-26T15:00:00+01:00,2026-03-26T16:00:00+01:00,1,1,1,0,2026-06-25T22:43:59+02:00
cb7d460c-0f1b-49bd-b2a2-8e3403b14a8b,kaAxEq,basthon:geometry2ndeequationdroite-mnist,3515488,MathAData - Équation réduite de droite pour la classification d'images de chiffres - 2nde,geometry2ndeequationdroite-mnist,2026-03-29,21:00,2026-03-29T21:00:00+02:00,2026-03-29T22:00:00+02:00,2,1,2,0,2026-06-25T22:43:59+02:00
cb7d460c-0f1b-49bd-b2a2-8e3403b14a8b,kaAxEq,basthon:geometry2ndeequationdroite-mnist,3515488,MathAData - Équation réduite de droite pour la classification d'images de chiffres - 2nde,geometry2ndeequationdroite-mnist,2026-03-30,08:00,2026-03-30T08:00:00+02:00,2026-03-30T09:00:00+02:00,1,1,1,0,2026-06-25T22:43:59+02:00
cb7d460c-0f1b-49bd-b2a2-8e3403b14a8b,kaAxEq,basthon:geometry2ndeequationdroite-mnist,3515488,MathAData - Équation réduite de droite pour la classification d'images de chiffres - 2nde,geometry2ndeequationdroite-mnist,2026-03-31,08:00,2026-03-31T08:00:00+02:00,2026-03-31T09:00:00+02:00,2,1,2,0,2026-06-25T22:43:59+02:00
cb7d460c-0f1b-49bd-b2a2-8e3403b14a8b,kaAxEq,basthon:geometry2ndeequationdroite-mnist,3515488,MathAData - Équation réduite de droite pour la classification d'images de chiffres - 2nde,geometry2ndeequationdroite-mnist,2026-03-31,09:00,2026-03-31T09:00:00+02:00,2026-03-31T10:00:00+02:00,12,1,12,0,2026-06-25T22:43:59+02:00
cb7d460c-0f1b-49bd-b2a2-8e3403b14a8b,kaAxEq,basthon:geometry2ndeequationdroite-mnist,3515488,MathAData - Équation réduite de droite pour la classification d'images de chiffres - 2nde,geometry2ndeequationdroite-mnist,2026-03-31,11:00,2026-03-31T11:00:00+02:00,2026-03-31T12:00:00+02:00,1,1,1,0,2026-06-25T22:43:59+02:00
cb7d460c-0f1b-49bd-b2a2-8e3403b14a8b,kaAxEq,basthon:geometry2ndeequationdroite-mnist,3515488,MathAData - Équation réduite de droite pour la classification d'images de chiffres - 2nde,geometry2ndeequationdroite-mnist,2026-03-31,12:00,2026-03-31T12:00:00+02:00,2026-03-31T13:00:00+02:00,10,1,10,0,2026-06-25T22:43:59+02:00
cb7d460c-0f1b-49bd-b2a2-8e3403b14a8b,kaAxEq,basthon:geometry2ndeequationdroite-mnist,3515488,MathAData - Équation réduite de droite pour la classification d'images de chiffres - 2nde,geometry2ndeequationdroite-mnist,2026-03-31,13:00,2026-03-31T13:00:00+02:00,2026-03-31T14:00:00+02:00,6,1,6,0,2026-06-25T22:43:59+02:00
cb7d460c-0f1b-49bd-b2a2-8e3403b14a8b,kaAxEq,basthon:geometry2ndeequationdroite-mnist,3515488,MathAData - Équation réduite de droite pour la classification d'images de chiffres - 2nde,geometry2ndeequationdroite-mnist,2026-03-31,17:00,2026-03-31T17:00:00+02:00,2026-03-31T18:00:00+02:00,1,1,1,0,2026-06-25T22:43:59+02:00
cb7d460c-0f1b-49bd-b2a2-8e3403b14a8b,kaAxEq,basthon:geometry2ndeequationdroite-mnist,3515488,MathAData - Équation réduite de droite pour la classification d'images de chiffres - 2nde,geometry2ndeequationdroite-mnist,2026-04-01,05:00,2026-04-01T05:00:00+02:00,2026-04-01T06:00:00+02:00,5,1,5,0,2026-06-25T22:43:59+02:00
cb7d460c-0f1b-49bd-b2a2-8e3403b14a8b,kaAxEq,basthon:geometry2ndeequationdroite-mnist,3515488,MathAData - Équation réduite de droite pour la classification d'images de chiffres - 2nde,geometry2ndeequationdroite-mnist,2026-04-01,06:00,2026-04-01T06:00:00+02:00,2026-04-01T07:00:00+02:00,4,1,4,0,2026-06-25T22:43:59+02:00
cb7d460c-0f1b-49bd-b2a2-8e3403b14a8b,kaAxEq,basthon:geometry2ndeequationdroite-mnist,3515488,MathAData - Équation réduite de droite pour la classification d'images de chiffres - 2nde,geometry2ndeequationdroite-mnist,2026-04-01,12:00,2026-04-01T12:00:00+02:00,2026-04-01T13:00:00+02:00,5,2,5,0,2026-06-25T22:43:59+02:00
cb7d460c-0f1b-49bd-b2a2-8e3403b14a8b,kaAxEq,basthon:geometry2ndeequationdroite-mnist,3515488,MathAData - Équation réduite de droite pour la classification d'images de chiffres - 2nde,geometry2ndeequationdroite-mnist,2026-04-01,13:00,2026-04-01T13:00:00+02:00,2026-04-01T14:00:00+02:00,17,2,17,0,2026-06-25T22:43:59+02:00
cb7d460c-0f1b-49bd-b2a2-8e3403b14a8b,kaAxEq,basthon:geometry2ndeequationdroite-mnist,3515488,MathAData - Équation réduite de droite pour la classification d'images de chiffres - 2nde,geometry2ndeequationdroite-mnist,2026-04-01,14:00,2026-04-01T14:00:00+02:00,2026-04-01T15:00:00+02:00,21,2,21,0,2026-06-25T22:43:59+02:00
cb7d460c-0f1b-49bd-b2a2-8e3403b14a8b,kaAxEq,basthon:geometry2ndeequationdroite-mnist,3515488,MathAData - Équation réduite de droite pour la classification d'images de chiffres - 2nde,geometry2ndeequationdroite-mnist,2026-04-01,15:00,2026-04-01T15:00:00+02:00,2026-04-01T16:00:00+02:00,4,1,4,0,2026-06-25T22:43:59+02:00
cb7d460c-0f1b-49bd-b2a2-8e3403b14a8b,kaAxEq,basthon:geometry2ndeequationdroite-mnist,3515488,MathAData - Équation réduite de droite pour la classification d'images de chiffres - 2nde,geometry2ndeequationdroite-mnist,2026-04-02,08:00,2026-04-02T08:00:00+02:00,2026-04-02T09:00:00+02:00,8,1,8,0,2026-06-25T22:43:59+02:00
cb7d460c-0f1b-49bd-b2a2-8e3403b14a8b,kaAxEq,basthon:geometry2ndeequationdroite-mnist,3515488,MathAData - Équation réduite de droite pour la classification d'images de chiffres - 2nde,geometry2ndeequationdroite-mnist,2026-04-02,09:00,2026-04-02T09:00:00+02:00,2026-04-02T10:00:00+02:00,1,1,1,0,2026-06-25T22:43:59+02:00
cb7d460c-0f1b-49bd-b2a2-8e3403b14a8b,kaAxEq,basthon:geometry2ndeequationdroite-mnist,3515488,MathAData - Équation réduite de droite pour la classification d'images de chiffres - 2nde,geometry2ndeequationdroite-mnist,2026-04-02,12:00,2026-04-02T12:00:00+02:00,2026-04-02T13:00:00+02:00,2,1,2,0,2026-06-25T22:43:59+02:00
cb7d460c-0f1b-49bd-b2a2-8e3403b14a8b,kaAxEq,basthon:geometry2ndeequationdroite-mnist,3515488,MathAData - Équation réduite de droite pour la classification d'images de chiffres - 2nde,geometry2ndeequationdroite-mnist,2026-04-03,08:00,2026-04-03T08:00:00+02:00,2026-04-03T09:00:00+02:00,1,1,1,0,2026-06-25T22:43:59+02:00
cb7d460c-0f1b-49bd-b2a2-8e3403b14a8b,kaAxEq,basthon:geometry2ndeequationdroite-mnist,3515488,MathAData - Équation réduite de droite pour la classification d'images de chiffres - 2nde,geometry2ndeequationdroite-mnist,2026-04-07,08:00,2026-04-07T08:00:00+02:00,2026-04-07T09:00:00+02:00,1,1,1,0,2026-06-25T22:43:59+02:00
cb7d460c-0f1b-49bd-b2a2-8e3403b14a8b,kaAxEq,basthon:geometry2ndeequationdroite-mnist,3515488,MathAData - Équation réduite de droite pour la classification d'images de chiffres - 2nde,geometry2ndeequationdroite-mnist,2026-04-07,09:00,2026-04-07T09:00:00+02:00,2026-04-07T10:00:00+02:00,6,2,6,0,2026-06-25T22:43:59+02:00
cb7d460c-0f1b-49bd-b2a2-8e3403b14a8b,kaAxEq,basthon:geometry2ndeequationdroite-mnist,3515488,MathAData - Équation réduite de droite pour la classification d'images de chiffres - 2nde,geometry2ndeequationdroite-mnist,2026-04-07,10:00,2026-04-07T10:00:00+02:00,2026-04-07T11:00:00+02:00,2,1,2,0,2026-06-25T22:43:59+02:00
cb7d460c-0f1b-49bd-b2a2-8e3403b14a8b,kaAxEq,basthon:geometry2ndeequationdroite-mnist,3515488,MathAData - Équation réduite de droite pour la classification d'images de chiffres - 2nde,geometry2ndeequationdroite-mnist,2026-04-07,11:00,2026-04-07T11:00:00+02:00,2026-04-07T12:00:00+02:00,1,1,1,0,2026-06-25T22:43:59+02:00
cb7d460c-0f1b-49bd-b2a2-8e3403b14a8b,kaAxEq,basthon:geometry2ndeequationdroite-mnist,3515488,MathAData - Équation réduite de droite pour la classification d'images de chiffres - 2nde,geometry2ndeequationdroite-mnist,2026-04-07,12:00,2026-04-07T12:00:00+02:00,2026-04-07T13:00:00+02:00,1,1,1,0,2026-06-25T22:43:59+02:00
cb7d460c-0f1b-49bd-b2a2-8e3403b14a8b,kaAxEq,basthon:geometry2ndeequationdroite-mnist,3515488,MathAData - Équation réduite de droite pour la classification d'images de chiffres - 2nde,geometry2ndeequationdroite-mnist,2026-04-08,11:00,2026-04-08T11:00:00+02:00,2026-04-08T12:00:00+02:00,1,1,1,0,2026-06-25T22:43:59+02:00
cb7d460c-0f1b-49bd-b2a2-8e3403b14a8b,kaAxEq,basthon:geometry2ndeequationdroite-mnist,3515488,MathAData - Équation réduite de droite pour la classification d'images de chiffres - 2nde,geometry2ndeequationdroite-mnist,2026-04-08,12:00,2026-04-08T12:00:00+02:00,2026-04-08T13:00:00+02:00,1,1,1,0,2026-06-25T22:43:59+02:00
cb7d460c-0f1b-49bd-b2a2-8e3403b14a8b,kaAxEq,basthon:geometry2ndeequationdroite-mnist,3515488,MathAData - Équation réduite de droite pour la classification d'images de chiffres - 2nde,geometry2ndeequationdroite-mnist,2026-04-09,09:00,2026-04-09T09:00:00+02:00,2026-04-09T10:00:00+02:00,1,1,1,0,2026-06-25T22:43:59+02:00
cb7d460c-0f1b-49bd-b2a2-8e3403b14a8b,kaAxEq,basthon:geometry2ndeequationdroite-mnist,3515488,MathAData - Équation réduite de droite pour la classification d'images de chiffres - 2nde,geometry2ndeequationdroite-mnist,2026-04-14,08:00,2026-04-14T08:00:00+02:00,2026-04-14T09:00:00+02:00,14,1,14,0,2026-06-25T22:43:59+02:00
cb7d460c-0f1b-49bd-b2a2-8e3403b14a8b,kaAxEq,basthon:geometry2ndeequationdroite-mnist,3515488,MathAData - Équation réduite de droite pour la classification d'images de chiffres - 2nde,geometry2ndeequationdroite-mnist,2026-04-22,08:00,2026-04-22T08:00:00+02:00,2026-04-22T09:00:00+02:00,1,1,1,0,2026-06-25T22:43:59+02:00
cb7d460c-0f1b-49bd-b2a2-8e3403b14a8b,kaAxEq,basthon:geometry2ndeequationdroite-mnist,3515488,MathAData - Équation réduite de droite pour la classification d'images de chiffres - 2nde,geometry2ndeequationdroite-mnist,2026-04-28,05:00,2026-04-28T05:00:00+02:00,2026-04-28T06:00:00+02:00,1,1,1,0,2026-06-25T22:43:59+02:00
cb7d460c-0f1b-49bd-b2a2-8e3403b14a8b,kaAxEq,basthon:geometry2ndeequationdroite-mnist,3515488,MathAData - Équation réduite de droite pour la classification d'images de chiffres - 2nde,geometry2ndeequationdroite-mnist,2026-05-13,09:00,2026-05-13T09:00:00+02:00,2026-05-13T10:00:00+02:00,1,1,1,0,2026-06-25T22:43:59+02:00
cb7d460c-0f1b-49bd-b2a2-8e3403b14a8b,kaAxEq,basthon:geometry2ndeequationdroite-mnist,3515488,MathAData - Équation réduite de droite pour la classification d'images de chiffres - 2nde,geometry2ndeequationdroite-mnist,2026-05-18,15:00,2026-05-18T15:00:00+02:00,2026-05-18T16:00:00+02:00,1,1,1,0,2026-06-25T22:43:59+02:00
cb7d460c-0f1b-49bd-b2a2-8e3403b14a8b,kaAxEq,basthon:geometry2ndeequationdroite-mnist,3515488,MathAData - Équation réduite de droite pour la classification d'images de chiffres - 2nde,geometry2ndeequationdroite-mnist,2026-05-19,15:00,2026-05-19T15:00:00+02:00,2026-05-19T16:00:00+02:00,2,2,2,0,2026-06-25T22:43:59+02:00
cb7d460c-0f1b-49bd-b2a2-8e3403b14a8b,kaAxEq,basthon:geometry2ndeequationdroite-mnist,3515488,MathAData - Équation réduite de droite pour la classification d'images de chiffres - 2nde,geometry2ndeequationdroite-mnist,2026-05-20,07:00,2026-05-20T07:00:00+02:00,2026-05-20T08:00:00+02:00,9,1,9,0,2026-06-25T22:43:59+02:00
cb7d460c-0f1b-49bd-b2a2-8e3403b14a8b,kaAxEq,basthon:geometry2ndeequationdroite-mnist,3515488,MathAData - Équation réduite de droite pour la classification d'images de chiffres - 2nde,geometry2ndeequationdroite-mnist,2026-05-27,12:00,2026-05-27T12:00:00+02:00,2026-05-27T13:00:00+02:00,1,1,1,0,2026-06-25T22:43:59+02:00
cb7d460c-0f1b-49bd-b2a2-8e3403b14a8b,kaAxEq,basthon:geometry2ndeequationdroite-mnist,3515488,MathAData - Équation réduite de droite pour la classification d'images de chiffres - 2nde,geometry2ndeequationdroite-mnist,2026-05-27,20:00,2026-05-27T20:00:00+02:00,2026-05-27T21:00:00+02:00,1,1,1,0,2026-06-25T22:43:59+02:00
cb7d460c-0f1b-49bd-b2a2-8e3403b14a8b,kaAxEq,basthon:geometry2ndeequationdroite-mnist,3515488,MathAData - Équation réduite de droite pour la classification d'images de chiffres - 2nde,geometry2ndeequationdroite-mnist,2026-06-02,19:00,2026-06-02T19:00:00+02:00,2026-06-02T20:00:00+02:00,1,1,1,0,2026-06-25T22:43:59+02:00
cb7d460c-0f1b-49bd-b2a2-8e3403b14a8b,kaAxEq,basthon:geometry2ndeequationdroite-mnist,3515488,MathAData - Équation réduite de droite pour la classification d'images de chiffres - 2nde,geometry2ndeequationdroite-mnist,2026-06-03,06:00,2026-06-03T06:00:00+02:00,2026-06-03T07:00:00+02:00,1,1,1,0,2026-06-25T22:43:59+02:00
cb7d460c-0f1b-49bd-b2a2-8e3403b14a8b,kaAxEq,basthon:geometry2ndeequationdroite-mnist,3515488,MathAData - Équation réduite de droite pour la classification d'images de chiffres - 2nde,geometry2ndeequationdroite-mnist,2026-06-03,07:00,2026-06-03T07:00:00+02:00,2026-06-03T08:00:00+02:00,11,1,11,0,2026-06-25T22:43:59+02:00
cb7d460c-0f1b-49bd-b2a2-8e3403b14a8b,kaAxEq,basthon:geometry2ndeequationdroite-mnist,3515488,MathAData - Équation réduite de droite pour la classification d'images de chiffres - 2nde,geometry2ndeequationdroite-mnist,2026-06-04,07:00,2026-06-04T07:00:00+02:00,2026-06-04T08:00:00+02:00,1,1,1,0,2026-06-25T22:43:59+02:00
cb7d460c-0f1b-49bd-b2a2-8e3403b14a8b,kaAxEq,basthon:geometry2ndeequationdroite-mnist,3515488,MathAData - Équation réduite de droite pour la classification d'images de chiffres - 2nde,geometry2ndeequationdroite-mnist,2026-06-04,08:00,2026-06-04T08:00:00+02:00,2026-06-04T09:00:00+02:00,11,1,11,0,2026-06-25T22:43:59+02:00
cb7d460c-0f1b-49bd-b2a2-8e3403b14a8b,kaAxEq,basthon:geometry2ndeequationdroite-mnist,3515488,MathAData - Équation réduite de droite pour la classification d'images de chiffres - 2nde,geometry2ndeequationdroite-mnist,2026-06-04,09:00,2026-06-04T09:00:00+02:00,2026-06-04T10:00:00+02:00,3,1,3,0,2026-06-25T22:43:59+02:00
cb7d460c-0f1b-49bd-b2a2-8e3403b14a8b,kaAxEq,basthon:geometry2ndeequationdroite-mnist,3515488,MathAData - Équation réduite de droite pour la classification d'images de chiffres - 2nde,geometry2ndeequationdroite-mnist,2026-06-04,15:00,2026-06-04T15:00:00+02:00,2026-06-04T16:00:00+02:00,1,1,1,0,2026-06-25T22:43:59+02:00
3231d7db-d3b8-4957-8bae-53db8691bbba,cNQxSu,basthon:stats-moyenne-histogramme-fetal,6944347,MathAData - Statistiques pour surveiller la santé de foetus - 2nde,stats-moyenne-histogramme-fetal,2026-01-01,10:00,2026-01-01T10:00:00+01:00,2026-01-01T11:00:00+01:00,1,1,1,0,2026-06-25T22:43:59+02:00
3231d7db-d3b8-4957-8bae-53db8691bbba,cNQxSu,basthon:stats-moyenne-histogramme-fetal,6944347,MathAData - Statistiques pour surveiller la santé de foetus - 2nde,stats-moyenne-histogramme-fetal,2026-01-12,08:00,2026-01-12T08:00:00+01:00,2026-01-12T09:00:00+01:00,1,1,1,0,2026-06-25T22:43:59+02:00
3231d7db-d3b8-4957-8bae-53db8691bbba,cNQxSu,basthon:stats-moyenne-histogramme-fetal,6944347,MathAData - Statistiques pour surveiller la santé de foetus - 2nde,stats-moyenne-histogramme-fetal,2026-01-13,08:00,2026-01-13T08:00:00+01:00,2026-01-13T09:00:00+01:00,1,1,1,0,2026-06-25T22:43:59+02:00
3231d7db-d3b8-4957-8bae-53db8691bbba,cNQxSu,basthon:stats-moyenne-histogramme-fetal,6944347,MathAData - Statistiques pour surveiller la santé de foetus - 2nde,stats-moyenne-histogramme-fetal,2026-01-16,13:00,2026-01-16T13:00:00+01:00,2026-01-16T14:00:00+01:00,1,1,1,0,2026-06-25T22:43:59+02:00
3231d7db-d3b8-4957-8bae-53db8691bbba,cNQxSu,basthon:stats-moyenne-histogramme-fetal,6944347,MathAData - Statistiques pour surveiller la santé de foetus - 2nde,stats-moyenne-histogramme-fetal,2026-02-04,21:00,2026-02-04T21:00:00+01:00,2026-02-04T22:00:00+01:00,1,1,1,0,2026-06-25T22:43:59+02:00
3231d7db-d3b8-4957-8bae-53db8691bbba,cNQxSu,basthon:stats-moyenne-histogramme-fetal,6944347,MathAData - Statistiques pour surveiller la santé de foetus - 2nde,stats-moyenne-histogramme-fetal,2026-02-08,14:00,2026-02-08T14:00:00+01:00,2026-02-08T15:00:00+01:00,1,1,1,0,2026-06-25T22:43:59+02:00
3231d7db-d3b8-4957-8bae-53db8691bbba,cNQxSu,basthon:stats-moyenne-histogramme-fetal,6944347,MathAData - Statistiques pour surveiller la santé de foetus - 2nde,stats-moyenne-histogramme-fetal,2026-03-05,10:00,2026-03-05T10:00:00+01:00,2026-03-05T11:00:00+01:00,1,1,1,0,2026-06-25T22:43:59+02:00
3231d7db-d3b8-4957-8bae-53db8691bbba,cNQxSu,basthon:stats-moyenne-histogramme-fetal,6944347,MathAData - Statistiques pour surveiller la santé de foetus - 2nde,stats-moyenne-histogramme-fetal,2026-03-05,11:00,2026-03-05T11:00:00+01:00,2026-03-05T12:00:00+01:00,1,1,1,0,2026-06-25T22:43:59+02:00
3231d7db-d3b8-4957-8bae-53db8691bbba,cNQxSu,basthon:stats-moyenne-histogramme-fetal,6944347,MathAData - Statistiques pour surveiller la santé de foetus - 2nde,stats-moyenne-histogramme-fetal,2026-03-21,22:00,2026-03-21T22:00:00+01:00,2026-03-21T23:00:00+01:00,1,1,1,0,2026-06-25T22:43:59+02:00
3231d7db-d3b8-4957-8bae-53db8691bbba,cNQxSu,basthon:stats-moyenne-histogramme-fetal,6944347,MathAData - Statistiques pour surveiller la santé de foetus - 2nde,stats-moyenne-histogramme-fetal,2026-03-23,10:00,2026-03-23T10:00:00+01:00,2026-03-23T11:00:00+01:00,17,1,17,0,2026-06-25T22:43:59+02:00
3231d7db-d3b8-4957-8bae-53db8691bbba,cNQxSu,basthon:stats-moyenne-histogramme-fetal,6944347,MathAData - Statistiques pour surveiller la santé de foetus - 2nde,stats-moyenne-histogramme-fetal,2026-03-23,13:00,2026-03-23T13:00:00+01:00,2026-03-23T14:00:00+01:00,25,3,25,0,2026-06-25T22:43:59+02:00
3231d7db-d3b8-4957-8bae-53db8691bbba,cNQxSu,basthon:stats-moyenne-histogramme-fetal,6944347,MathAData - Statistiques pour surveiller la santé de foetus - 2nde,stats-moyenne-histogramme-fetal,2026-03-25,12:00,2026-03-25T12:00:00+01:00,2026-03-25T13:00:00+01:00,2,1,2,0,2026-06-25T22:43:59+02:00
3231d7db-d3b8-4957-8bae-53db8691bbba,cNQxSu,basthon:stats-moyenne-histogramme-fetal,6944347,MathAData - Statistiques pour surveiller la santé de foetus - 2nde,stats-moyenne-histogramme-fetal,2026-03-25,13:00,2026-03-25T13:00:00+01:00,2026-03-25T14:00:00+01:00,3,1,3,0,2026-06-25T22:43:59+02:00
3231d7db-d3b8-4957-8bae-53db8691bbba,cNQxSu,basthon:stats-moyenne-histogramme-fetal,6944347,MathAData - Statistiques pour surveiller la santé de foetus - 2nde,stats-moyenne-histogramme-fetal,2026-04-01,11:00,2026-04-01T11:00:00+02:00,2026-04-01T12:00:00+02:00,4,1,4,0,2026-06-25T22:43:59+02:00
3231d7db-d3b8-4957-8bae-53db8691bbba,cNQxSu,basthon:stats-moyenne-histogramme-fetal,6944347,MathAData - Statistiques pour surveiller la santé de foetus - 2nde,stats-moyenne-histogramme-fetal,2026-04-01,12:00,2026-04-01T12:00:00+02:00,2026-04-01T13:00:00+02:00,8,1,8,0,2026-06-25T22:43:59+02:00
3231d7db-d3b8-4957-8bae-53db8691bbba,cNQxSu,basthon:stats-moyenne-histogramme-fetal,6944347,MathAData - Statistiques pour surveiller la santé de foetus - 2nde,stats-moyenne-histogramme-fetal,2026-04-07,08:00,2026-04-07T08:00:00+02:00,2026-04-07T09:00:00+02:00,10,1,10,0,2026-06-25T22:43:59+02:00
3231d7db-d3b8-4957-8bae-53db8691bbba,cNQxSu,basthon:stats-moyenne-histogramme-fetal,6944347,MathAData - Statistiques pour surveiller la santé de foetus - 2nde,stats-moyenne-histogramme-fetal,2026-04-07,09:00,2026-04-07T09:00:00+02:00,2026-04-07T10:00:00+02:00,14,1,14,0,2026-06-25T22:43:59+02:00
3231d7db-d3b8-4957-8bae-53db8691bbba,cNQxSu,basthon:stats-moyenne-histogramme-fetal,6944347,MathAData - Statistiques pour surveiller la santé de foetus - 2nde,stats-moyenne-histogramme-fetal,2026-04-07,11:00,2026-04-07T11:00:00+02:00,2026-04-07T12:00:00+02:00,13,1,13,0,2026-06-25T22:43:59+02:00
3231d7db-d3b8-4957-8bae-53db8691bbba,cNQxSu,basthon:stats-moyenne-histogramme-fetal,6944347,MathAData - Statistiques pour surveiller la santé de foetus - 2nde,stats-moyenne-histogramme-fetal,2026-04-09,09:00,2026-04-09T09:00:00+02:00,2026-04-09T10:00:00+02:00,1,1,1,0,2026-06-25T22:43:59+02:00
3231d7db-d3b8-4957-8bae-53db8691bbba,cNQxSu,basthon:stats-moyenne-histogramme-fetal,6944347,MathAData - Statistiques pour surveiller la santé de foetus - 2nde,stats-moyenne-histogramme-fetal,2026-04-27,11:00,2026-04-27T11:00:00+02:00,2026-04-27T12:00:00+02:00,20,1,20,0,2026-06-25T22:43:59+02:00
3231d7db-d3b8-4957-8bae-53db8691bbba,cNQxSu,basthon:stats-moyenne-histogramme-fetal,6944347,MathAData - Statistiques pour surveiller la santé de foetus - 2nde,stats-moyenne-histogramme-fetal,2026-05-06,10:00,2026-05-06T10:00:00+02:00,2026-05-06T11:00:00+02:00,46,1,46,0,2026-06-25T22:43:59+02:00
3231d7db-d3b8-4957-8bae-53db8691bbba,cNQxSu,basthon:stats-moyenne-histogramme-fetal,6944347,MathAData - Statistiques pour surveiller la santé de foetus - 2nde,stats-moyenne-histogramme-fetal,2026-05-18,11:00,2026-05-18T11:00:00+02:00,2026-05-18T12:00:00+02:00,1,1,1,0,2026-06-25T22:43:59+02:00
3231d7db-d3b8-4957-8bae-53db8691bbba,cNQxSu,basthon:stats-moyenne-histogramme-fetal,6944347,MathAData - Statistiques pour surveiller la santé de foetus - 2nde,stats-moyenne-histogramme-fetal,2026-05-27,09:00,2026-05-27T09:00:00+02:00,2026-05-27T10:00:00+02:00,1,1,1,0,2026-06-25T22:43:59+02:00
3231d7db-d3b8-4957-8bae-53db8691bbba,cNQxSu,basthon:stats-moyenne-histogramme-fetal,6944347,MathAData - Statistiques pour surveiller la santé de foetus - 2nde,stats-moyenne-histogramme-fetal,2026-05-28,09:00,2026-05-28T09:00:00+02:00,2026-05-28T10:00:00+02:00,1,1,1,0,2026-06-25T22:43:59+02:00
3231d7db-d3b8-4957-8bae-53db8691bbba,cNQxSu,basthon:stats-moyenne-histogramme-fetal,6944347,MathAData - Statistiques pour surveiller la santé de foetus - 2nde,stats-moyenne-histogramme-fetal,2026-05-28,12:00,2026-05-28T12:00:00+02:00,2026-05-28T13:00:00+02:00,1,1,1,0,2026-06-25T22:43:59+02:00
3231d7db-d3b8-4957-8bae-53db8691bbba,cNQxSu,basthon:stats-moyenne-histogramme-fetal,6944347,MathAData - Statistiques pour surveiller la santé de foetus - 2nde,stats-moyenne-histogramme-fetal,2026-06-09,10:00,2026-06-09T10:00:00+02:00,2026-06-09T11:00:00+02:00,1,1,1,0,2026-06-25T22:43:59+02:00
3231d7db-d3b8-4957-8bae-53db8691bbba,cNQxSu,basthon:stats-moyenne-histogramme-fetal,6944347,MathAData - Statistiques pour surveiller la santé de foetus - 2nde,stats-moyenne-histogramme-fetal,2026-06-10,16:00,2026-06-10T16:00:00+02:00,2026-06-10T17:00:00+02:00,1,1,1,0,2026-06-25T22:43:59+02:00
3231d7db-d3b8-4957-8bae-53db8691bbba,cNQxSu,basthon:stats-moyenne-histogramme-fetal,6944347,MathAData - Statistiques pour surveiller la santé de foetus - 2nde,stats-moyenne-histogramme-fetal,2026-06-14,06:00,2026-06-14T06:00:00+02:00,2026-06-14T07:00:00+02:00,1,1,1,0,2026-06-25T22:43:59+02:00
e863593d-1634-433a-9412-38d5f4cd06f3,TSD4cy,basthon:geometry1eredroiteproduitscalaire-mnist,5862412,MathAData - Droite et produit scalaire pour la classification d'images - 1ere,geometry1eredroiteproduitscalaire-mnist,2026-01-01,13:00,2026-01-01T13:00:00+01:00,2026-01-01T14:00:00+01:00,1,1,1,0,2026-06-25T22:43:59+02:00
e863593d-1634-433a-9412-38d5f4cd06f3,TSD4cy,basthon:geometry1eredroiteproduitscalaire-mnist,5862412,MathAData - Droite et produit scalaire pour la classification d'images - 1ere,geometry1eredroiteproduitscalaire-mnist,2026-01-12,14:00,2026-01-12T14:00:00+01:00,2026-01-12T15:00:00+01:00,1,1,1,0,2026-06-25T22:43:59+02:00
e863593d-1634-433a-9412-38d5f4cd06f3,TSD4cy,basthon:geometry1eredroiteproduitscalaire-mnist,5862412,MathAData - Droite et produit scalaire pour la classification d'images - 1ere,geometry1eredroiteproduitscalaire-mnist,2026-01-13,08:00,2026-01-13T08:00:00+01:00,2026-01-13T09:00:00+01:00,1,1,1,0,2026-06-25T22:43:59+02:00
e863593d-1634-433a-9412-38d5f4cd06f3,TSD4cy,basthon:geometry1eredroiteproduitscalaire-mnist,5862412,MathAData - Droite et produit scalaire pour la classification d'images - 1ere,geometry1eredroiteproduitscalaire-mnist,2026-03-29,07:00,2026-03-29T07:00:00+02:00,2026-03-29T08:00:00+02:00,1,1,1,0,2026-06-25T22:43:59+02:00
e863593d-1634-433a-9412-38d5f4cd06f3,TSD4cy,basthon:geometry1eredroiteproduitscalaire-mnist,5862412,MathAData - Droite et produit scalaire pour la classification d'images - 1ere,geometry1eredroiteproduitscalaire-mnist,2026-03-31,21:00,2026-03-31T21:00:00+02:00,2026-03-31T22:00:00+02:00,1,1,1,0,2026-06-25T22:43:59+02:00
e863593d-1634-433a-9412-38d5f4cd06f3,TSD4cy,basthon:geometry1eredroiteproduitscalaire-mnist,5862412,MathAData - Droite et produit scalaire pour la classification d'images - 1ere,geometry1eredroiteproduitscalaire-mnist,2026-04-01,08:00,2026-04-01T08:00:00+02:00,2026-04-01T09:00:00+02:00,1,1,1,0,2026-06-25T22:43:59+02:00
e863593d-1634-433a-9412-38d5f4cd06f3,TSD4cy,basthon:geometry1eredroiteproduitscalaire-mnist,5862412,MathAData - Droite et produit scalaire pour la classification d'images - 1ere,geometry1eredroiteproduitscalaire-mnist,2026-04-01,09:00,2026-04-01T09:00:00+02:00,2026-04-01T10:00:00+02:00,1,1,1,0,2026-06-25T22:43:59+02:00
e863593d-1634-433a-9412-38d5f4cd06f3,TSD4cy,basthon:geometry1eredroiteproduitscalaire-mnist,5862412,MathAData - Droite et produit scalaire pour la classification d'images - 1ere,geometry1eredroiteproduitscalaire-mnist,2026-04-05,14:00,2026-04-05T14:00:00+02:00,2026-04-05T15:00:00+02:00,1,1,1,0,2026-06-25T22:43:59+02:00
e863593d-1634-433a-9412-38d5f4cd06f3,TSD4cy,basthon:geometry1eredroiteproduitscalaire-mnist,5862412,MathAData - Droite et produit scalaire pour la classification d'images - 1ere,geometry1eredroiteproduitscalaire-mnist,2026-04-28,13:00,2026-04-28T13:00:00+02:00,2026-04-28T14:00:00+02:00,1,1,1,0,2026-06-25T22:43:59+02:00
e863593d-1634-433a-9412-38d5f4cd06f3,TSD4cy,basthon:geometry1eredroiteproduitscalaire-mnist,5862412,MathAData - Droite et produit scalaire pour la classification d'images - 1ere,geometry1eredroiteproduitscalaire-mnist,2026-05-26,12:00,2026-05-26T12:00:00+02:00,2026-05-26T13:00:00+02:00,11,1,11,0,2026-06-25T22:43:59+02:00
