burst_id,link_id,code,label,mathadata_id,mathadata_title,resource_slug,start,end,active_hours,visits,unique_visits,clicks,scans,extracted_at
U0001,0344f35f-c7f3-47bd-ab81-258a4ca6088c,kc5KBw,basthon:geometry2ndedroitevecteurdirecteur-mnist,8790616,MathAData - Équation cartésienne et vecteur directeur pour la classification d'images de chiffres - 2nde,geometry2ndedroitevecteurdirecteur-mnist,2025-12-25T14:00:00+01:00,2025-12-25T15:00:00+01:00,1,1,1,1,0,2026-06-25T22:43:59+02:00
U0002,0344f35f-c7f3-47bd-ab81-258a4ca6088c,kc5KBw,basthon:geometry2ndedroitevecteurdirecteur-mnist,8790616,MathAData - Équation cartésienne et vecteur directeur pour la classification d'images de chiffres - 2nde,geometry2ndedroitevecteurdirecteur-mnist,2026-01-04T18:00:00+01:00,2026-01-04T19:00:00+01:00,1,1,1,1,0,2026-06-25T22:43:59+02:00
U0003,0344f35f-c7f3-47bd-ab81-258a4ca6088c,kc5KBw,basthon:geometry2ndedroitevecteurdirecteur-mnist,8790616,MathAData - Équation cartésienne et vecteur directeur pour la classification d'images de chiffres - 2nde,geometry2ndedroitevecteurdirecteur-mnist,2026-01-13T08:00:00+01:00,2026-01-13T09:00:00+01:00,1,1,1,1,0,2026-06-25T22:43:59+02:00
U0004,0344f35f-c7f3-47bd-ab81-258a4ca6088c,kc5KBw,basthon:geometry2ndedroitevecteurdirecteur-mnist,8790616,MathAData - Équation cartésienne et vecteur directeur pour la classification d'images de chiffres - 2nde,geometry2ndedroitevecteurdirecteur-mnist,2026-01-20T08:00:00+01:00,2026-01-20T09:00:00+01:00,1,1,1,1,0,2026-06-25T22:43:59+02:00
U0005,0344f35f-c7f3-47bd-ab81-258a4ca6088c,kc5KBw,basthon:geometry2ndedroitevecteurdirecteur-mnist,8790616,MathAData - Équation cartésienne et vecteur directeur pour la classification d'images de chiffres - 2nde,geometry2ndedroitevecteurdirecteur-mnist,2026-02-06T13:00:00+01:00,2026-02-06T14:00:00+01:00,1,1,1,1,0,2026-06-25T22:43:59+02:00
U0006,0344f35f-c7f3-47bd-ab81-258a4ca6088c,kc5KBw,basthon:geometry2ndedroitevecteurdirecteur-mnist,8790616,MathAData - Équation cartésienne et vecteur directeur pour la classification d'images de chiffres - 2nde,geometry2ndedroitevecteurdirecteur-mnist,2026-02-08T14:00:00+01:00,2026-02-08T15:00:00+01:00,1,2,1,2,0,2026-06-25T22:43:59+02:00
U0007,0344f35f-c7f3-47bd-ab81-258a4ca6088c,kc5KBw,basthon:geometry2ndedroitevecteurdirecteur-mnist,8790616,MathAData - Équation cartésienne et vecteur directeur pour la classification d'images de chiffres - 2nde,geometry2ndedroitevecteurdirecteur-mnist,2026-04-02T10:00:00+02:00,2026-04-02T11:00:00+02:00,1,1,1,1,0,2026-06-25T22:43:59+02:00
U0008,0344f35f-c7f3-47bd-ab81-258a4ca6088c,kc5KBw,basthon:geometry2ndedroitevecteurdirecteur-mnist,8790616,MathAData - Équation cartésienne et vecteur directeur pour la classification d'images de chiffres - 2nde,geometry2ndedroitevecteurdirecteur-mnist,2026-04-08T14:00:00+02:00,2026-04-08T15:00:00+02:00,1,2,1,2,0,2026-06-25T22:43:59+02:00
U0009,0344f35f-c7f3-47bd-ab81-258a4ca6088c,kc5KBw,basthon:geometry2ndedroitevecteurdirecteur-mnist,8790616,MathAData - Équation cartésienne et vecteur directeur pour la classification d'images de chiffres - 2nde,geometry2ndedroitevecteurdirecteur-mnist,2026-04-13T10:00:00+02:00,2026-04-13T13:00:00+02:00,2,2,2,2,0,2026-06-25T22:43:59+02:00
U0010,0344f35f-c7f3-47bd-ab81-258a4ca6088c,kc5KBw,basthon:geometry2ndedroitevecteurdirecteur-mnist,8790616,MathAData - Équation cartésienne et vecteur directeur pour la classification d'images de chiffres - 2nde,geometry2ndedroitevecteurdirecteur-mnist,2026-04-18T10:00:00+02:00,2026-04-18T11:00:00+02:00,1,1,1,1,0,2026-06-25T22:43:59+02:00
U0011,0344f35f-c7f3-47bd-ab81-258a4ca6088c,kc5KBw,basthon:geometry2ndedroitevecteurdirecteur-mnist,8790616,MathAData - Équation cartésienne et vecteur directeur pour la classification d'images de chiffres - 2nde,geometry2ndedroitevecteurdirecteur-mnist,2026-04-28T05:00:00+02:00,2026-04-28T06:00:00+02:00,1,1,1,1,0,2026-06-25T22:43:59+02:00
U0012,0344f35f-c7f3-47bd-ab81-258a4ca6088c,kc5KBw,basthon:geometry2ndedroitevecteurdirecteur-mnist,8790616,MathAData - Équation cartésienne et vecteur directeur pour la classification d'images de chiffres - 2nde,geometry2ndedroitevecteurdirecteur-mnist,2026-05-12T11:00:00+02:00,2026-05-12T12:00:00+02:00,1,1,1,1,0,2026-06-25T22:43:59+02:00
U0013,0344f35f-c7f3-47bd-ab81-258a4ca6088c,kc5KBw,basthon:geometry2ndedroitevecteurdirecteur-mnist,8790616,MathAData - Équation cartésienne et vecteur directeur pour la classification d'images de chiffres - 2nde,geometry2ndedroitevecteurdirecteur-mnist,2026-05-27T12:00:00+02:00,2026-05-27T13:00:00+02:00,1,1,1,1,0,2026-06-25T22:43:59+02:00
U0014,3231d7db-d3b8-4957-8bae-53db8691bbba,cNQxSu,basthon:stats-moyenne-histogramme-fetal,6944347,MathAData - Statistiques pour surveiller la santé de foetus - 2nde,stats-moyenne-histogramme-fetal,2026-01-01T10:00:00+01:00,2026-01-01T11:00:00+01:00,1,1,1,1,0,2026-06-25T22:43:59+02:00
U0015,3231d7db-d3b8-4957-8bae-53db8691bbba,cNQxSu,basthon:stats-moyenne-histogramme-fetal,6944347,MathAData - Statistiques pour surveiller la santé de foetus - 2nde,stats-moyenne-histogramme-fetal,2026-01-12T08:00:00+01:00,2026-01-12T09:00:00+01:00,1,1,1,1,0,2026-06-25T22:43:59+02:00
U0016,3231d7db-d3b8-4957-8bae-53db8691bbba,cNQxSu,basthon:stats-moyenne-histogramme-fetal,6944347,MathAData - Statistiques pour surveiller la santé de foetus - 2nde,stats-moyenne-histogramme-fetal,2026-01-13T08:00:00+01:00,2026-01-13T09:00:00+01:00,1,1,1,1,0,2026-06-25T22:43:59+02:00
U0017,3231d7db-d3b8-4957-8bae-53db8691bbba,cNQxSu,basthon:stats-moyenne-histogramme-fetal,6944347,MathAData - Statistiques pour surveiller la santé de foetus - 2nde,stats-moyenne-histogramme-fetal,2026-01-16T13:00:00+01:00,2026-01-16T14:00:00+01:00,1,1,1,1,0,2026-06-25T22:43:59+02:00
U0018,3231d7db-d3b8-4957-8bae-53db8691bbba,cNQxSu,basthon:stats-moyenne-histogramme-fetal,6944347,MathAData - Statistiques pour surveiller la santé de foetus - 2nde,stats-moyenne-histogramme-fetal,2026-02-04T21:00:00+01:00,2026-02-04T22:00:00+01:00,1,1,1,1,0,2026-06-25T22:43:59+02:00
U0019,3231d7db-d3b8-4957-8bae-53db8691bbba,cNQxSu,basthon:stats-moyenne-histogramme-fetal,6944347,MathAData - Statistiques pour surveiller la santé de foetus - 2nde,stats-moyenne-histogramme-fetal,2026-02-08T14:00:00+01:00,2026-02-08T15:00:00+01:00,1,1,1,1,0,2026-06-25T22:43:59+02:00
U0020,3231d7db-d3b8-4957-8bae-53db8691bbba,cNQxSu,basthon:stats-moyenne-histogramme-fetal,6944347,MathAData - Statistiques pour surveiller la santé de foetus - 2nde,stats-moyenne-histogramme-fetal,2026-03-05T10:00:00+01:00,2026-03-05T12:00:00+01:00,2,2,1,2,0,2026-06-25T22:43:59+02:00
U0021,3231d7db-d3b8-4957-8bae-53db8691bbba,cNQxSu,basthon:stats-moyenne-histogramme-fetal,6944347,MathAData - Statistiques pour surveiller la santé de foetus - 2nde,stats-moyenne-histogramme-fetal,2026-03-21T22:00:00+01:00,2026-03-21T23:00:00+01:00,1,1,1,1,0,2026-06-25T22:43:59+02:00
U0022,3231d7db-d3b8-4957-8bae-53db8691bbba,cNQxSu,basthon:stats-moyenne-histogramme-fetal,6944347,MathAData - Statistiques pour surveiller la santé de foetus - 2nde,stats-moyenne-histogramme-fetal,2026-03-23T10:00:00+01:00,2026-03-23T11:00:00+01:00,1,17,1,17,0,2026-06-25T22:43:59+02:00
U0023,3231d7db-d3b8-4957-8bae-53db8691bbba,cNQxSu,basthon:stats-moyenne-histogramme-fetal,6944347,MathAData - Statistiques pour surveiller la santé de foetus - 2nde,stats-moyenne-histogramme-fetal,2026-03-23T13:00:00+01:00,2026-03-23T14:00:00+01:00,1,25,3,25,0,2026-06-25T22:43:59+02:00
U0024,3231d7db-d3b8-4957-8bae-53db8691bbba,cNQxSu,basthon:stats-moyenne-histogramme-fetal,6944347,MathAData - Statistiques pour surveiller la santé de foetus - 2nde,stats-moyenne-histogramme-fetal,2026-03-25T12:00:00+01:00,2026-03-25T14:00:00+01:00,2,5,1,5,0,2026-06-25T22:43:59+02:00
U0025,3231d7db-d3b8-4957-8bae-53db8691bbba,cNQxSu,basthon:stats-moyenne-histogramme-fetal,6944347,MathAData - Statistiques pour surveiller la santé de foetus - 2nde,stats-moyenne-histogramme-fetal,2026-04-01T11:00:00+02:00,2026-04-01T13:00:00+02:00,2,12,1,12,0,2026-06-25T22:43:59+02:00
U0026,3231d7db-d3b8-4957-8bae-53db8691bbba,cNQxSu,basthon:stats-moyenne-histogramme-fetal,6944347,MathAData - Statistiques pour surveiller la santé de foetus - 2nde,stats-moyenne-histogramme-fetal,2026-04-07T08:00:00+02:00,2026-04-07T12:00:00+02:00,3,37,1,37,0,2026-06-25T22:43:59+02:00
U0027,3231d7db-d3b8-4957-8bae-53db8691bbba,cNQxSu,basthon:stats-moyenne-histogramme-fetal,6944347,MathAData - Statistiques pour surveiller la santé de foetus - 2nde,stats-moyenne-histogramme-fetal,2026-04-09T09:00:00+02:00,2026-04-09T10:00:00+02:00,1,1,1,1,0,2026-06-25T22:43:59+02:00
U0028,3231d7db-d3b8-4957-8bae-53db8691bbba,cNQxSu,basthon:stats-moyenne-histogramme-fetal,6944347,MathAData - Statistiques pour surveiller la santé de foetus - 2nde,stats-moyenne-histogramme-fetal,2026-04-27T11:00:00+02:00,2026-04-27T12:00:00+02:00,1,20,1,20,0,2026-06-25T22:43:59+02:00
U0029,3231d7db-d3b8-4957-8bae-53db8691bbba,cNQxSu,basthon:stats-moyenne-histogramme-fetal,6944347,MathAData - Statistiques pour surveiller la santé de foetus - 2nde,stats-moyenne-histogramme-fetal,2026-05-06T10:00:00+02:00,2026-05-06T11:00:00+02:00,1,46,1,46,0,2026-06-25T22:43:59+02:00
U0030,3231d7db-d3b8-4957-8bae-53db8691bbba,cNQxSu,basthon:stats-moyenne-histogramme-fetal,6944347,MathAData - Statistiques pour surveiller la santé de foetus - 2nde,stats-moyenne-histogramme-fetal,2026-05-18T11:00:00+02:00,2026-05-18T12:00:00+02:00,1,1,1,1,0,2026-06-25T22:43:59+02:00
U0031,3231d7db-d3b8-4957-8bae-53db8691bbba,cNQxSu,basthon:stats-moyenne-histogramme-fetal,6944347,MathAData - Statistiques pour surveiller la santé de foetus - 2nde,stats-moyenne-histogramme-fetal,2026-05-27T09:00:00+02:00,2026-05-27T10:00:00+02:00,1,1,1,1,0,2026-06-25T22:43:59+02:00
U0032,3231d7db-d3b8-4957-8bae-53db8691bbba,cNQxSu,basthon:stats-moyenne-histogramme-fetal,6944347,MathAData - Statistiques pour surveiller la santé de foetus - 2nde,stats-moyenne-histogramme-fetal,2026-05-28T09:00:00+02:00,2026-05-28T10:00:00+02:00,1,1,1,1,0,2026-06-25T22:43:59+02:00
U0033,3231d7db-d3b8-4957-8bae-53db8691bbba,cNQxSu,basthon:stats-moyenne-histogramme-fetal,6944347,MathAData - Statistiques pour surveiller la santé de foetus - 2nde,stats-moyenne-histogramme-fetal,2026-05-28T12:00:00+02:00,2026-05-28T13:00:00+02:00,1,1,1,1,0,2026-06-25T22:43:59+02:00
U0034,3231d7db-d3b8-4957-8bae-53db8691bbba,cNQxSu,basthon:stats-moyenne-histogramme-fetal,6944347,MathAData - Statistiques pour surveiller la santé de foetus - 2nde,stats-moyenne-histogramme-fetal,2026-06-09T10:00:00+02:00,2026-06-09T11:00:00+02:00,1,1,1,1,0,2026-06-25T22:43:59+02:00
U0035,3231d7db-d3b8-4957-8bae-53db8691bbba,cNQxSu,basthon:stats-moyenne-histogramme-fetal,6944347,MathAData - Statistiques pour surveiller la santé de foetus - 2nde,stats-moyenne-histogramme-fetal,2026-06-10T16:00:00+02:00,2026-06-10T17:00:00+02:00,1,1,1,1,0,2026-06-25T22:43:59+02:00
U0036,3231d7db-d3b8-4957-8bae-53db8691bbba,cNQxSu,basthon:stats-moyenne-histogramme-fetal,6944347,MathAData - Statistiques pour surveiller la santé de foetus - 2nde,stats-moyenne-histogramme-fetal,2026-06-14T06:00:00+02:00,2026-06-14T07:00:00+02:00,1,1,1,1,0,2026-06-25T22:43:59+02:00
U0037,368b3e07-48f8-4e8d-a63d-af498fe9adb6,w9RWJk,basthon:stats-moyenne-histogramme-mnist,3518185,MathAData - Statistiques pour la classification d'images de chiffres- 2nde,stats-moyenne-histogramme-mnist,2025-12-25T19:00:00+01:00,2025-12-25T22:00:00+01:00,2,4,2,4,0,2026-06-25T22:43:59+02:00
U0038,368b3e07-48f8-4e8d-a63d-af498fe9adb6,w9RWJk,basthon:stats-moyenne-histogramme-mnist,3518185,MathAData - Statistiques pour la classification d'images de chiffres- 2nde,stats-moyenne-histogramme-mnist,2026-01-02T16:00:00+01:00,2026-01-02T17:00:00+01:00,1,1,1,1,0,2026-06-25T22:43:59+02:00
U0039,368b3e07-48f8-4e8d-a63d-af498fe9adb6,w9RWJk,basthon:stats-moyenne-histogramme-mnist,3518185,MathAData - Statistiques pour la classification d'images de chiffres- 2nde,stats-moyenne-histogramme-mnist,2026-01-07T15:00:00+01:00,2026-01-07T16:00:00+01:00,1,1,1,1,0,2026-06-25T22:43:59+02:00
U0040,368b3e07-48f8-4e8d-a63d-af498fe9adb6,w9RWJk,basthon:stats-moyenne-histogramme-mnist,3518185,MathAData - Statistiques pour la classification d'images de chiffres- 2nde,stats-moyenne-histogramme-mnist,2026-01-08T19:00:00+01:00,2026-01-08T20:00:00+01:00,1,1,1,1,0,2026-06-25T22:43:59+02:00
U0041,368b3e07-48f8-4e8d-a63d-af498fe9adb6,w9RWJk,basthon:stats-moyenne-histogramme-mnist,3518185,MathAData - Statistiques pour la classification d'images de chiffres- 2nde,stats-moyenne-histogramme-mnist,2026-01-09T13:00:00+01:00,2026-01-09T14:00:00+01:00,1,1,1,1,0,2026-06-25T22:43:59+02:00
U0042,368b3e07-48f8-4e8d-a63d-af498fe9adb6,w9RWJk,basthon:stats-moyenne-histogramme-mnist,3518185,MathAData - Statistiques pour la classification d'images de chiffres- 2nde,stats-moyenne-histogramme-mnist,2026-01-13T07:00:00+01:00,2026-01-13T11:00:00+01:00,3,43,26,43,0,2026-06-25T22:43:59+02:00
U0043,368b3e07-48f8-4e8d-a63d-af498fe9adb6,w9RWJk,basthon:stats-moyenne-histogramme-mnist,3518185,MathAData - Statistiques pour la classification d'images de chiffres- 2nde,stats-moyenne-histogramme-mnist,2026-01-14T16:00:00+01:00,2026-01-14T17:00:00+01:00,1,18,16,18,0,2026-06-25T22:43:59+02:00
U0044,368b3e07-48f8-4e8d-a63d-af498fe9adb6,w9RWJk,basthon:stats-moyenne-histogramme-mnist,3518185,MathAData - Statistiques pour la classification d'images de chiffres- 2nde,stats-moyenne-histogramme-mnist,2026-01-15T10:00:00+01:00,2026-01-15T11:00:00+01:00,1,1,1,1,0,2026-06-25T22:43:59+02:00
U0045,368b3e07-48f8-4e8d-a63d-af498fe9adb6,w9RWJk,basthon:stats-moyenne-histogramme-mnist,3518185,MathAData - Statistiques pour la classification d'images de chiffres- 2nde,stats-moyenne-histogramme-mnist,2026-01-15T13:00:00+01:00,2026-01-15T15:00:00+01:00,2,2,2,2,0,2026-06-25T22:43:59+02:00
U0046,368b3e07-48f8-4e8d-a63d-af498fe9adb6,w9RWJk,basthon:stats-moyenne-histogramme-mnist,3518185,MathAData - Statistiques pour la classification d'images de chiffres- 2nde,stats-moyenne-histogramme-mnist,2026-01-15T17:00:00+01:00,2026-01-15T18:00:00+01:00,1,1,1,1,0,2026-06-25T22:43:59+02:00
U0047,368b3e07-48f8-4e8d-a63d-af498fe9adb6,w9RWJk,basthon:stats-moyenne-histogramme-mnist,3518185,MathAData - Statistiques pour la classification d'images de chiffres- 2nde,stats-moyenne-histogramme-mnist,2026-01-16T12:00:00+01:00,2026-01-16T14:00:00+01:00,2,34,9,34,0,2026-06-25T22:43:59+02:00
U0048,368b3e07-48f8-4e8d-a63d-af498fe9adb6,w9RWJk,basthon:stats-moyenne-histogramme-mnist,3518185,MathAData - Statistiques pour la classification d'images de chiffres- 2nde,stats-moyenne-histogramme-mnist,2026-01-20T09:00:00+01:00,2026-01-20T10:00:00+01:00,1,1,1,1,0,2026-06-25T22:43:59+02:00
U0049,368b3e07-48f8-4e8d-a63d-af498fe9adb6,w9RWJk,basthon:stats-moyenne-histogramme-mnist,3518185,MathAData - Statistiques pour la classification d'images de chiffres- 2nde,stats-moyenne-histogramme-mnist,2026-01-20T12:00:00+01:00,2026-01-20T13:00:00+01:00,1,1,1,1,0,2026-06-25T22:43:59+02:00
U0050,368b3e07-48f8-4e8d-a63d-af498fe9adb6,w9RWJk,basthon:stats-moyenne-histogramme-mnist,3518185,MathAData - Statistiques pour la classification d'images de chiffres- 2nde,stats-moyenne-histogramme-mnist,2026-01-22T10:00:00+01:00,2026-01-22T11:00:00+01:00,1,1,1,1,0,2026-06-25T22:43:59+02:00
U0051,368b3e07-48f8-4e8d-a63d-af498fe9adb6,w9RWJk,basthon:stats-moyenne-histogramme-mnist,3518185,MathAData - Statistiques pour la classification d'images de chiffres- 2nde,stats-moyenne-histogramme-mnist,2026-01-24T13:00:00+01:00,2026-01-24T14:00:00+01:00,1,1,1,1,0,2026-06-25T22:43:59+02:00
U0052,368b3e07-48f8-4e8d-a63d-af498fe9adb6,w9RWJk,basthon:stats-moyenne-histogramme-mnist,3518185,MathAData - Statistiques pour la classification d'images de chiffres- 2nde,stats-moyenne-histogramme-mnist,2026-01-27T08:00:00+01:00,2026-01-27T10:00:00+01:00,2,6,4,6,0,2026-06-25T22:43:59+02:00
U0053,368b3e07-48f8-4e8d-a63d-af498fe9adb6,w9RWJk,basthon:stats-moyenne-histogramme-mnist,3518185,MathAData - Statistiques pour la classification d'images de chiffres- 2nde,stats-moyenne-histogramme-mnist,2026-01-30T12:00:00+01:00,2026-01-30T13:00:00+01:00,1,1,1,1,0,2026-06-25T22:43:59+02:00
U0054,368b3e07-48f8-4e8d-a63d-af498fe9adb6,w9RWJk,basthon:stats-moyenne-histogramme-mnist,3518185,MathAData - Statistiques pour la classification d'images de chiffres- 2nde,stats-moyenne-histogramme-mnist,2026-02-02T13:00:00+01:00,2026-02-02T14:00:00+01:00,1,13,1,13,0,2026-06-25T22:43:59+02:00
U0055,368b3e07-48f8-4e8d-a63d-af498fe9adb6,w9RWJk,basthon:stats-moyenne-histogramme-mnist,3518185,MathAData - Statistiques pour la classification d'images de chiffres- 2nde,stats-moyenne-histogramme-mnist,2026-02-03T10:00:00+01:00,2026-02-03T11:00:00+01:00,1,10,7,10,0,2026-06-25T22:43:59+02:00
U0056,368b3e07-48f8-4e8d-a63d-af498fe9adb6,w9RWJk,basthon:stats-moyenne-histogramme-mnist,3518185,MathAData - Statistiques pour la classification d'images de chiffres- 2nde,stats-moyenne-histogramme-mnist,2026-02-04T14:00:00+01:00,2026-02-04T15:00:00+01:00,1,1,1,1,0,2026-06-25T22:43:59+02:00
U0057,368b3e07-48f8-4e8d-a63d-af498fe9adb6,w9RWJk,basthon:stats-moyenne-histogramme-mnist,3518185,MathAData - Statistiques pour la classification d'images de chiffres- 2nde,stats-moyenne-histogramme-mnist,2026-02-04T20:00:00+01:00,2026-02-04T21:00:00+01:00,1,1,1,1,0,2026-06-25T22:43:59+02:00
U0058,368b3e07-48f8-4e8d-a63d-af498fe9adb6,w9RWJk,basthon:stats-moyenne-histogramme-mnist,3518185,MathAData - Statistiques pour la classification d'images de chiffres- 2nde,stats-moyenne-histogramme-mnist,2026-02-05T00:00:00+01:00,2026-02-05T01:00:00+01:00,1,2,1,2,0,2026-06-25T22:43:59+02:00
U0059,368b3e07-48f8-4e8d-a63d-af498fe9adb6,w9RWJk,basthon:stats-moyenne-histogramme-mnist,3518185,MathAData - Statistiques pour la classification d'images de chiffres- 2nde,stats-moyenne-histogramme-mnist,2026-02-05T08:00:00+01:00,2026-02-05T09:00:00+01:00,1,1,1,1,0,2026-06-25T22:43:59+02:00
U0060,368b3e07-48f8-4e8d-a63d-af498fe9adb6,w9RWJk,basthon:stats-moyenne-histogramme-mnist,3518185,MathAData - Statistiques pour la classification d'images de chiffres- 2nde,stats-moyenne-histogramme-mnist,2026-02-05T14:00:00+01:00,2026-02-05T18:00:00+01:00,3,23,2,23,0,2026-06-25T22:43:59+02:00
U0061,368b3e07-48f8-4e8d-a63d-af498fe9adb6,w9RWJk,basthon:stats-moyenne-histogramme-mnist,3518185,MathAData - Statistiques pour la classification d'images de chiffres- 2nde,stats-moyenne-histogramme-mnist,2026-02-08T12:00:00+01:00,2026-02-08T13:00:00+01:00,1,1,1,1,0,2026-06-25T22:43:59+02:00
U0062,368b3e07-48f8-4e8d-a63d-af498fe9adb6,w9RWJk,basthon:stats-moyenne-histogramme-mnist,3518185,MathAData - Statistiques pour la classification d'images de chiffres- 2nde,stats-moyenne-histogramme-mnist,2026-02-09T07:00:00+01:00,2026-02-09T08:00:00+01:00,1,1,1,1,0,2026-06-25T22:43:59+02:00
U0063,368b3e07-48f8-4e8d-a63d-af498fe9adb6,w9RWJk,basthon:stats-moyenne-histogramme-mnist,3518185,MathAData - Statistiques pour la classification d'images de chiffres- 2nde,stats-moyenne-histogramme-mnist,2026-02-09T10:00:00+01:00,2026-02-09T11:00:00+01:00,1,1,1,1,0,2026-06-25T22:43:59+02:00
U0064,368b3e07-48f8-4e8d-a63d-af498fe9adb6,w9RWJk,basthon:stats-moyenne-histogramme-mnist,3518185,MathAData - Statistiques pour la classification d'images de chiffres- 2nde,stats-moyenne-histogramme-mnist,2026-02-09T13:00:00+01:00,2026-02-09T14:00:00+01:00,1,2,1,2,0,2026-06-25T22:43:59+02:00
U0065,368b3e07-48f8-4e8d-a63d-af498fe9adb6,w9RWJk,basthon:stats-moyenne-histogramme-mnist,3518185,MathAData - Statistiques pour la classification d'images de chiffres- 2nde,stats-moyenne-histogramme-mnist,2026-02-10T09:00:00+01:00,2026-02-10T12:00:00+01:00,3,24,9,24,0,2026-06-25T22:43:59+02:00
U0066,368b3e07-48f8-4e8d-a63d-af498fe9adb6,w9RWJk,basthon:stats-moyenne-histogramme-mnist,3518185,MathAData - Statistiques pour la classification d'images de chiffres- 2nde,stats-moyenne-histogramme-mnist,2026-02-11T14:00:00+01:00,2026-02-11T15:00:00+01:00,1,1,1,1,0,2026-06-25T22:43:59+02:00
U0067,368b3e07-48f8-4e8d-a63d-af498fe9adb6,w9RWJk,basthon:stats-moyenne-histogramme-mnist,3518185,MathAData - Statistiques pour la classification d'images de chiffres- 2nde,stats-moyenne-histogramme-mnist,2026-02-13T16:00:00+01:00,2026-02-13T17:00:00+01:00,1,1,1,1,0,2026-06-25T22:43:59+02:00
U0068,368b3e07-48f8-4e8d-a63d-af498fe9adb6,w9RWJk,basthon:stats-moyenne-histogramme-mnist,3518185,MathAData - Statistiques pour la classification d'images de chiffres- 2nde,stats-moyenne-histogramme-mnist,2026-02-16T14:00:00+01:00,2026-02-16T17:00:00+01:00,3,32,2,32,0,2026-06-25T22:43:59+02:00
U0069,368b3e07-48f8-4e8d-a63d-af498fe9adb6,w9RWJk,basthon:stats-moyenne-histogramme-mnist,3518185,MathAData - Statistiques pour la classification d'images de chiffres- 2nde,stats-moyenne-histogramme-mnist,2026-02-18T12:00:00+01:00,2026-02-18T14:00:00+01:00,2,30,2,30,0,2026-06-25T22:43:59+02:00
U0070,368b3e07-48f8-4e8d-a63d-af498fe9adb6,w9RWJk,basthon:stats-moyenne-histogramme-mnist,3518185,MathAData - Statistiques pour la classification d'images de chiffres- 2nde,stats-moyenne-histogramme-mnist,2026-03-01T14:00:00+01:00,2026-03-01T15:00:00+01:00,1,1,1,1,0,2026-06-25T22:43:59+02:00
U0071,368b3e07-48f8-4e8d-a63d-af498fe9adb6,w9RWJk,basthon:stats-moyenne-histogramme-mnist,3518185,MathAData - Statistiques pour la classification d'images de chiffres- 2nde,stats-moyenne-histogramme-mnist,2026-03-03T08:00:00+01:00,2026-03-03T09:00:00+01:00,1,8,1,8,0,2026-06-25T22:43:59+02:00
U0072,368b3e07-48f8-4e8d-a63d-af498fe9adb6,w9RWJk,basthon:stats-moyenne-histogramme-mnist,3518185,MathAData - Statistiques pour la classification d'images de chiffres- 2nde,stats-moyenne-histogramme-mnist,2026-03-09T10:00:00+01:00,2026-03-09T12:00:00+01:00,2,16,1,16,0,2026-06-25T22:43:59+02:00
U0073,368b3e07-48f8-4e8d-a63d-af498fe9adb6,w9RWJk,basthon:stats-moyenne-histogramme-mnist,3518185,MathAData - Statistiques pour la classification d'images de chiffres- 2nde,stats-moyenne-histogramme-mnist,2026-03-12T15:00:00+01:00,2026-03-12T17:00:00+01:00,2,24,1,24,0,2026-06-25T22:43:59+02:00
U0074,368b3e07-48f8-4e8d-a63d-af498fe9adb6,w9RWJk,basthon:stats-moyenne-histogramme-mnist,3518185,MathAData - Statistiques pour la classification d'images de chiffres- 2nde,stats-moyenne-histogramme-mnist,2026-03-12T22:00:00+01:00,2026-03-12T23:00:00+01:00,1,1,1,1,0,2026-06-25T22:43:59+02:00
U0075,368b3e07-48f8-4e8d-a63d-af498fe9adb6,w9RWJk,basthon:stats-moyenne-histogramme-mnist,3518185,MathAData - Statistiques pour la classification d'images de chiffres- 2nde,stats-moyenne-histogramme-mnist,2026-03-14T08:00:00+01:00,2026-03-14T09:00:00+01:00,1,1,1,1,0,2026-06-25T22:43:59+02:00
U0076,368b3e07-48f8-4e8d-a63d-af498fe9adb6,w9RWJk,basthon:stats-moyenne-histogramme-mnist,3518185,MathAData - Statistiques pour la classification d'images de chiffres- 2nde,stats-moyenne-histogramme-mnist,2026-03-16T08:00:00+01:00,2026-03-16T09:00:00+01:00,1,18,1,18,0,2026-06-25T22:43:59+02:00
U0077,368b3e07-48f8-4e8d-a63d-af498fe9adb6,w9RWJk,basthon:stats-moyenne-histogramme-mnist,3518185,MathAData - Statistiques pour la classification d'images de chiffres- 2nde,stats-moyenne-histogramme-mnist,2026-03-16T17:00:00+01:00,2026-03-16T18:00:00+01:00,1,1,1,1,0,2026-06-25T22:43:59+02:00
U0078,368b3e07-48f8-4e8d-a63d-af498fe9adb6,w9RWJk,basthon:stats-moyenne-histogramme-mnist,3518185,MathAData - Statistiques pour la classification d'images de chiffres- 2nde,stats-moyenne-histogramme-mnist,2026-03-23T08:00:00+01:00,2026-03-23T09:00:00+01:00,1,19,1,19,0,2026-06-25T22:43:59+02:00
U0079,368b3e07-48f8-4e8d-a63d-af498fe9adb6,w9RWJk,basthon:stats-moyenne-histogramme-mnist,3518185,MathAData - Statistiques pour la classification d'images de chiffres- 2nde,stats-moyenne-histogramme-mnist,2026-03-24T12:00:00+01:00,2026-03-24T13:00:00+01:00,1,14,1,14,0,2026-06-25T22:43:59+02:00
U0080,368b3e07-48f8-4e8d-a63d-af498fe9adb6,w9RWJk,basthon:stats-moyenne-histogramme-mnist,3518185,MathAData - Statistiques pour la classification d'images de chiffres- 2nde,stats-moyenne-histogramme-mnist,2026-03-25T20:00:00+01:00,2026-03-25T21:00:00+01:00,1,1,1,1,0,2026-06-25T22:43:59+02:00
U0081,368b3e07-48f8-4e8d-a63d-af498fe9adb6,w9RWJk,basthon:stats-moyenne-histogramme-mnist,3518185,MathAData - Statistiques pour la classification d'images de chiffres- 2nde,stats-moyenne-histogramme-mnist,2026-03-26T07:00:00+01:00,2026-03-26T08:00:00+01:00,1,26,3,26,0,2026-06-25T22:43:59+02:00
U0082,368b3e07-48f8-4e8d-a63d-af498fe9adb6,w9RWJk,basthon:stats-moyenne-histogramme-mnist,3518185,MathAData - Statistiques pour la classification d'images de chiffres- 2nde,stats-moyenne-histogramme-mnist,2026-03-26T10:00:00+01:00,2026-03-26T11:00:00+01:00,1,1,1,1,0,2026-06-25T22:43:59+02:00
U0083,368b3e07-48f8-4e8d-a63d-af498fe9adb6,w9RWJk,basthon:stats-moyenne-histogramme-mnist,3518185,MathAData - Statistiques pour la classification d'images de chiffres- 2nde,stats-moyenne-histogramme-mnist,2026-03-26T16:00:00+01:00,2026-03-26T17:00:00+01:00,1,1,1,1,0,2026-06-25T22:43:59+02:00
U0084,368b3e07-48f8-4e8d-a63d-af498fe9adb6,w9RWJk,basthon:stats-moyenne-histogramme-mnist,3518185,MathAData - Statistiques pour la classification d'images de chiffres- 2nde,stats-moyenne-histogramme-mnist,2026-03-30T07:00:00+02:00,2026-03-30T08:00:00+02:00,1,2,1,2,0,2026-06-25T22:43:59+02:00
U0085,368b3e07-48f8-4e8d-a63d-af498fe9adb6,w9RWJk,basthon:stats-moyenne-histogramme-mnist,3518185,MathAData - Statistiques pour la classification d'images de chiffres- 2nde,stats-moyenne-histogramme-mnist,2026-03-31T09:00:00+02:00,2026-03-31T10:00:00+02:00,1,2,2,2,0,2026-06-25T22:43:59+02:00
U0086,368b3e07-48f8-4e8d-a63d-af498fe9adb6,w9RWJk,basthon:stats-moyenne-histogramme-mnist,3518185,MathAData - Statistiques pour la classification d'images de chiffres- 2nde,stats-moyenne-histogramme-mnist,2026-04-01T11:00:00+02:00,2026-04-01T12:00:00+02:00,1,1,1,1,0,2026-06-25T22:43:59+02:00
U0087,368b3e07-48f8-4e8d-a63d-af498fe9adb6,w9RWJk,basthon:stats-moyenne-histogramme-mnist,3518185,MathAData - Statistiques pour la classification d'images de chiffres- 2nde,stats-moyenne-histogramme-mnist,2026-04-04T13:00:00+02:00,2026-04-04T14:00:00+02:00,1,2,1,2,0,2026-06-25T22:43:59+02:00
U0088,368b3e07-48f8-4e8d-a63d-af498fe9adb6,w9RWJk,basthon:stats-moyenne-histogramme-mnist,3518185,MathAData - Statistiques pour la classification d'images de chiffres- 2nde,stats-moyenne-histogramme-mnist,2026-04-06T16:00:00+02:00,2026-04-06T17:00:00+02:00,1,1,1,1,0,2026-06-25T22:43:59+02:00
U0089,368b3e07-48f8-4e8d-a63d-af498fe9adb6,w9RWJk,basthon:stats-moyenne-histogramme-mnist,3518185,MathAData - Statistiques pour la classification d'images de chiffres- 2nde,stats-moyenne-histogramme-mnist,2026-04-07T09:00:00+02:00,2026-04-07T10:00:00+02:00,1,8,1,8,0,2026-06-25T22:43:59+02:00
U0090,368b3e07-48f8-4e8d-a63d-af498fe9adb6,w9RWJk,basthon:stats-moyenne-histogramme-mnist,3518185,MathAData - Statistiques pour la classification d'images de chiffres- 2nde,stats-moyenne-histogramme-mnist,2026-04-08T09:00:00+02:00,2026-04-08T10:00:00+02:00,1,2,2,2,0,2026-06-25T22:43:59+02:00
U0091,368b3e07-48f8-4e8d-a63d-af498fe9adb6,w9RWJk,basthon:stats-moyenne-histogramme-mnist,3518185,MathAData - Statistiques pour la classification d'images de chiffres- 2nde,stats-moyenne-histogramme-mnist,2026-04-08T13:00:00+02:00,2026-04-08T17:00:00+02:00,3,3,3,3,0,2026-06-25T22:43:59+02:00
U0092,368b3e07-48f8-4e8d-a63d-af498fe9adb6,w9RWJk,basthon:stats-moyenne-histogramme-mnist,3518185,MathAData - Statistiques pour la classification d'images de chiffres- 2nde,stats-moyenne-histogramme-mnist,2026-04-09T12:00:00+02:00,2026-04-09T16:00:00+02:00,3,14,3,14,0,2026-06-25T22:43:59+02:00
U0093,368b3e07-48f8-4e8d-a63d-af498fe9adb6,w9RWJk,basthon:stats-moyenne-histogramme-mnist,3518185,MathAData - Statistiques pour la classification d'images de chiffres- 2nde,stats-moyenne-histogramme-mnist,2026-04-10T08:00:00+02:00,2026-04-10T09:00:00+02:00,1,1,1,1,0,2026-06-25T22:43:59+02:00
U0094,368b3e07-48f8-4e8d-a63d-af498fe9adb6,w9RWJk,basthon:stats-moyenne-histogramme-mnist,3518185,MathAData - Statistiques pour la classification d'images de chiffres- 2nde,stats-moyenne-histogramme-mnist,2026-04-21T08:00:00+02:00,2026-04-21T09:00:00+02:00,1,1,1,1,0,2026-06-25T22:43:59+02:00
U0095,368b3e07-48f8-4e8d-a63d-af498fe9adb6,w9RWJk,basthon:stats-moyenne-histogramme-mnist,3518185,MathAData - Statistiques pour la classification d'images de chiffres- 2nde,stats-moyenne-histogramme-mnist,2026-04-22T06:00:00+02:00,2026-04-22T07:00:00+02:00,1,1,1,1,0,2026-06-25T22:43:59+02:00
U0096,368b3e07-48f8-4e8d-a63d-af498fe9adb6,w9RWJk,basthon:stats-moyenne-histogramme-mnist,3518185,MathAData - Statistiques pour la classification d'images de chiffres- 2nde,stats-moyenne-histogramme-mnist,2026-04-26T13:00:00+02:00,2026-04-26T14:00:00+02:00,1,1,1,1,0,2026-06-25T22:43:59+02:00
U0097,368b3e07-48f8-4e8d-a63d-af498fe9adb6,w9RWJk,basthon:stats-moyenne-histogramme-mnist,3518185,MathAData - Statistiques pour la classification d'images de chiffres- 2nde,stats-moyenne-histogramme-mnist,2026-04-27T11:00:00+02:00,2026-04-27T12:00:00+02:00,1,1,1,1,0,2026-06-25T22:43:59+02:00
U0098,368b3e07-48f8-4e8d-a63d-af498fe9adb6,w9RWJk,basthon:stats-moyenne-histogramme-mnist,3518185,MathAData - Statistiques pour la classification d'images de chiffres- 2nde,stats-moyenne-histogramme-mnist,2026-04-30T06:00:00+02:00,2026-04-30T11:00:00+02:00,3,3,2,3,0,2026-06-25T22:43:59+02:00
U0099,368b3e07-48f8-4e8d-a63d-af498fe9adb6,w9RWJk,basthon:stats-moyenne-histogramme-mnist,3518185,MathAData - Statistiques pour la classification d'images de chiffres- 2nde,stats-moyenne-histogramme-mnist,2026-05-01T13:00:00+02:00,2026-05-01T14:00:00+02:00,1,1,1,1,0,2026-06-25T22:43:59+02:00
U0100,368b3e07-48f8-4e8d-a63d-af498fe9adb6,w9RWJk,basthon:stats-moyenne-histogramme-mnist,3518185,MathAData - Statistiques pour la classification d'images de chiffres- 2nde,stats-moyenne-histogramme-mnist,2026-05-03T08:00:00+02:00,2026-05-03T09:00:00+02:00,1,1,1,1,0,2026-06-25T22:43:59+02:00
U0101,368b3e07-48f8-4e8d-a63d-af498fe9adb6,w9RWJk,basthon:stats-moyenne-histogramme-mnist,3518185,MathAData - Statistiques pour la classification d'images de chiffres- 2nde,stats-moyenne-histogramme-mnist,2026-05-08T12:00:00+02:00,2026-05-08T13:00:00+02:00,1,1,1,1,0,2026-06-25T22:43:59+02:00
U0102,368b3e07-48f8-4e8d-a63d-af498fe9adb6,w9RWJk,basthon:stats-moyenne-histogramme-mnist,3518185,MathAData - Statistiques pour la classification d'images de chiffres- 2nde,stats-moyenne-histogramme-mnist,2026-05-14T20:00:00+02:00,2026-05-14T21:00:00+02:00,1,1,1,1,0,2026-06-25T22:43:59+02:00
U0103,368b3e07-48f8-4e8d-a63d-af498fe9adb6,w9RWJk,basthon:stats-moyenne-histogramme-mnist,3518185,MathAData - Statistiques pour la classification d'images de chiffres- 2nde,stats-moyenne-histogramme-mnist,2026-05-15T08:00:00+02:00,2026-05-15T10:00:00+02:00,2,2,2,2,0,2026-06-25T22:43:59+02:00
U0104,368b3e07-48f8-4e8d-a63d-af498fe9adb6,w9RWJk,basthon:stats-moyenne-histogramme-mnist,3518185,MathAData - Statistiques pour la classification d'images de chiffres- 2nde,stats-moyenne-histogramme-mnist,2026-05-18T07:00:00+02:00,2026-05-18T08:00:00+02:00,1,1,1,1,0,2026-06-25T22:43:59+02:00
U0105,368b3e07-48f8-4e8d-a63d-af498fe9adb6,w9RWJk,basthon:stats-moyenne-histogramme-mnist,3518185,MathAData - Statistiques pour la classification d'images de chiffres- 2nde,stats-moyenne-histogramme-mnist,2026-05-19T10:00:00+02:00,2026-05-19T11:00:00+02:00,1,1,1,1,0,2026-06-25T22:43:59+02:00
U0106,368b3e07-48f8-4e8d-a63d-af498fe9adb6,w9RWJk,basthon:stats-moyenne-histogramme-mnist,3518185,MathAData - Statistiques pour la classification d'images de chiffres- 2nde,stats-moyenne-histogramme-mnist,2026-05-19T13:00:00+02:00,2026-05-19T15:00:00+02:00,2,31,3,31,0,2026-06-25T22:43:59+02:00
U0107,368b3e07-48f8-4e8d-a63d-af498fe9adb6,w9RWJk,basthon:stats-moyenne-histogramme-mnist,3518185,MathAData - Statistiques pour la classification d'images de chiffres- 2nde,stats-moyenne-histogramme-mnist,2026-05-21T17:00:00+02:00,2026-05-21T18:00:00+02:00,1,8,4,8,0,2026-06-25T22:43:59+02:00
U0108,368b3e07-48f8-4e8d-a63d-af498fe9adb6,w9RWJk,basthon:stats-moyenne-histogramme-mnist,3518185,MathAData - Statistiques pour la classification d'images de chiffres- 2nde,stats-moyenne-histogramme-mnist,2026-05-21T20:00:00+02:00,2026-05-21T21:00:00+02:00,1,1,1,1,0,2026-06-25T22:43:59+02:00
U0109,368b3e07-48f8-4e8d-a63d-af498fe9adb6,w9RWJk,basthon:stats-moyenne-histogramme-mnist,3518185,MathAData - Statistiques pour la classification d'images de chiffres- 2nde,stats-moyenne-histogramme-mnist,2026-05-22T05:00:00+02:00,2026-05-22T06:00:00+02:00,1,1,1,1,0,2026-06-25T22:43:59+02:00
U0110,368b3e07-48f8-4e8d-a63d-af498fe9adb6,w9RWJk,basthon:stats-moyenne-histogramme-mnist,3518185,MathAData - Statistiques pour la classification d'images de chiffres- 2nde,stats-moyenne-histogramme-mnist,2026-05-27T20:00:00+02:00,2026-05-27T21:00:00+02:00,1,2,1,2,0,2026-06-25T22:43:59+02:00
U0111,368b3e07-48f8-4e8d-a63d-af498fe9adb6,w9RWJk,basthon:stats-moyenne-histogramme-mnist,3518185,MathAData - Statistiques pour la classification d'images de chiffres- 2nde,stats-moyenne-histogramme-mnist,2026-05-28T08:00:00+02:00,2026-05-28T10:00:00+02:00,2,3,1,3,0,2026-06-25T22:43:59+02:00
U0112,368b3e07-48f8-4e8d-a63d-af498fe9adb6,w9RWJk,basthon:stats-moyenne-histogramme-mnist,3518185,MathAData - Statistiques pour la classification d'images de chiffres- 2nde,stats-moyenne-histogramme-mnist,2026-05-29T09:00:00+02:00,2026-05-29T12:00:00+02:00,2,2,2,2,0,2026-06-25T22:43:59+02:00
U0113,368b3e07-48f8-4e8d-a63d-af498fe9adb6,w9RWJk,basthon:stats-moyenne-histogramme-mnist,3518185,MathAData - Statistiques pour la classification d'images de chiffres- 2nde,stats-moyenne-histogramme-mnist,2026-05-29T16:00:00+02:00,2026-05-29T17:00:00+02:00,1,1,1,1,0,2026-06-25T22:43:59+02:00
U0114,368b3e07-48f8-4e8d-a63d-af498fe9adb6,w9RWJk,basthon:stats-moyenne-histogramme-mnist,3518185,MathAData - Statistiques pour la classification d'images de chiffres- 2nde,stats-moyenne-histogramme-mnist,2026-05-30T10:00:00+02:00,2026-05-30T11:00:00+02:00,1,1,1,1,0,2026-06-25T22:43:59+02:00
U0115,368b3e07-48f8-4e8d-a63d-af498fe9adb6,w9RWJk,basthon:stats-moyenne-histogramme-mnist,3518185,MathAData - Statistiques pour la classification d'images de chiffres- 2nde,stats-moyenne-histogramme-mnist,2026-06-01T08:00:00+02:00,2026-06-01T12:00:00+02:00,3,7,2,7,0,2026-06-25T22:43:59+02:00
U0116,368b3e07-48f8-4e8d-a63d-af498fe9adb6,w9RWJk,basthon:stats-moyenne-histogramme-mnist,3518185,MathAData - Statistiques pour la classification d'images de chiffres- 2nde,stats-moyenne-histogramme-mnist,2026-06-02T06:00:00+02:00,2026-06-02T08:00:00+02:00,2,23,2,23,0,2026-06-25T22:43:59+02:00
U0117,368b3e07-48f8-4e8d-a63d-af498fe9adb6,w9RWJk,basthon:stats-moyenne-histogramme-mnist,3518185,MathAData - Statistiques pour la classification d'images de chiffres- 2nde,stats-moyenne-histogramme-mnist,2026-06-02T10:00:00+02:00,2026-06-02T12:00:00+02:00,2,17,3,17,0,2026-06-25T22:43:59+02:00
U0118,368b3e07-48f8-4e8d-a63d-af498fe9adb6,w9RWJk,basthon:stats-moyenne-histogramme-mnist,3518185,MathAData - Statistiques pour la classification d'images de chiffres- 2nde,stats-moyenne-histogramme-mnist,2026-06-03T07:00:00+02:00,2026-06-03T08:00:00+02:00,1,2,1,2,0,2026-06-25T22:43:59+02:00
U0119,368b3e07-48f8-4e8d-a63d-af498fe9adb6,w9RWJk,basthon:stats-moyenne-histogramme-mnist,3518185,MathAData - Statistiques pour la classification d'images de chiffres- 2nde,stats-moyenne-histogramme-mnist,2026-06-03T13:00:00+02:00,2026-06-03T14:00:00+02:00,1,6,1,6,0,2026-06-25T22:43:59+02:00
U0120,368b3e07-48f8-4e8d-a63d-af498fe9adb6,w9RWJk,basthon:stats-moyenne-histogramme-mnist,3518185,MathAData - Statistiques pour la classification d'images de chiffres- 2nde,stats-moyenne-histogramme-mnist,2026-06-04T13:00:00+02:00,2026-06-04T16:00:00+02:00,3,11,2,11,0,2026-06-25T22:43:59+02:00
U0121,368b3e07-48f8-4e8d-a63d-af498fe9adb6,w9RWJk,basthon:stats-moyenne-histogramme-mnist,3518185,MathAData - Statistiques pour la classification d'images de chiffres- 2nde,stats-moyenne-histogramme-mnist,2026-06-05T09:00:00+02:00,2026-06-05T10:00:00+02:00,1,6,1,6,0,2026-06-25T22:43:59+02:00
U0122,368b3e07-48f8-4e8d-a63d-af498fe9adb6,w9RWJk,basthon:stats-moyenne-histogramme-mnist,3518185,MathAData - Statistiques pour la classification d'images de chiffres- 2nde,stats-moyenne-histogramme-mnist,2026-06-08T14:00:00+02:00,2026-06-08T15:00:00+02:00,1,2,1,2,0,2026-06-25T22:43:59+02:00
U0123,368b3e07-48f8-4e8d-a63d-af498fe9adb6,w9RWJk,basthon:stats-moyenne-histogramme-mnist,3518185,MathAData - Statistiques pour la classification d'images de chiffres- 2nde,stats-moyenne-histogramme-mnist,2026-06-10T16:00:00+02:00,2026-06-10T18:00:00+02:00,2,2,2,2,0,2026-06-25T22:43:59+02:00
U0124,368b3e07-48f8-4e8d-a63d-af498fe9adb6,w9RWJk,basthon:stats-moyenne-histogramme-mnist,3518185,MathAData - Statistiques pour la classification d'images de chiffres- 2nde,stats-moyenne-histogramme-mnist,2026-06-15T10:00:00+02:00,2026-06-15T11:00:00+02:00,1,1,1,1,0,2026-06-25T22:43:59+02:00
U0125,368b3e07-48f8-4e8d-a63d-af498fe9adb6,w9RWJk,basthon:stats-moyenne-histogramme-mnist,3518185,MathAData - Statistiques pour la classification d'images de chiffres- 2nde,stats-moyenne-histogramme-mnist,2026-06-16T07:00:00+02:00,2026-06-16T09:00:00+02:00,2,5,1,5,0,2026-06-25T22:43:59+02:00
U0126,368b3e07-48f8-4e8d-a63d-af498fe9adb6,w9RWJk,basthon:stats-moyenne-histogramme-mnist,3518185,MathAData - Statistiques pour la classification d'images de chiffres- 2nde,stats-moyenne-histogramme-mnist,2026-06-17T08:00:00+02:00,2026-06-17T09:00:00+02:00,1,1,1,1,0,2026-06-25T22:43:59+02:00
U0127,368b3e07-48f8-4e8d-a63d-af498fe9adb6,w9RWJk,basthon:stats-moyenne-histogramme-mnist,3518185,MathAData - Statistiques pour la classification d'images de chiffres- 2nde,stats-moyenne-histogramme-mnist,2026-06-18T14:00:00+02:00,2026-06-18T15:00:00+02:00,1,1,1,1,0,2026-06-25T22:43:59+02:00
U0128,368b3e07-48f8-4e8d-a63d-af498fe9adb6,w9RWJk,basthon:stats-moyenne-histogramme-mnist,3518185,MathAData - Statistiques pour la classification d'images de chiffres- 2nde,stats-moyenne-histogramme-mnist,2026-06-18T17:00:00+02:00,2026-06-18T18:00:00+02:00,1,1,1,1,0,2026-06-25T22:43:59+02:00
U0129,368b3e07-48f8-4e8d-a63d-af498fe9adb6,w9RWJk,basthon:stats-moyenne-histogramme-mnist,3518185,MathAData - Statistiques pour la classification d'images de chiffres- 2nde,stats-moyenne-histogramme-mnist,2026-06-22T19:00:00+02:00,2026-06-22T20:00:00+02:00,1,1,1,1,0,2026-06-25T22:43:59+02:00
U0130,368b3e07-48f8-4e8d-a63d-af498fe9adb6,w9RWJk,basthon:stats-moyenne-histogramme-mnist,3518185,MathAData - Statistiques pour la classification d'images de chiffres- 2nde,stats-moyenne-histogramme-mnist,2026-06-23T14:00:00+02:00,2026-06-23T15:00:00+02:00,1,1,1,1,0,2026-06-25T22:43:59+02:00
U0131,368b3e07-48f8-4e8d-a63d-af498fe9adb6,w9RWJk,basthon:stats-moyenne-histogramme-mnist,3518185,MathAData - Statistiques pour la classification d'images de chiffres- 2nde,stats-moyenne-histogramme-mnist,2026-06-24T09:00:00+02:00,2026-06-24T10:00:00+02:00,1,1,1,1,0,2026-06-25T22:43:59+02:00
U0132,368b3e07-48f8-4e8d-a63d-af498fe9adb6,w9RWJk,basthon:stats-moyenne-histogramme-mnist,3518185,MathAData - Statistiques pour la classification d'images de chiffres- 2nde,stats-moyenne-histogramme-mnist,2026-06-24T19:00:00+02:00,2026-06-24T20:00:00+02:00,1,1,1,1,0,2026-06-25T22:43:59+02:00
U0133,b7c1fd64-4280-4af2-9e78-4880a6a88c84,e9tZ56,basthon:geometry2ndemilieudistance-mnist,6659633,"MathAData- Géométrie repérée, milieu, distance, pour la classification d'images de chiffres - 2nde",geometry2ndemilieudistance-mnist,2026-01-12T12:00:00+01:00,2026-01-12T13:00:00+01:00,1,1,1,1,0,2026-06-25T22:43:59+02:00
U0134,b7c1fd64-4280-4af2-9e78-4880a6a88c84,e9tZ56,basthon:geometry2ndemilieudistance-mnist,6659633,"MathAData- Géométrie repérée, milieu, distance, pour la classification d'images de chiffres - 2nde",geometry2ndemilieudistance-mnist,2026-01-13T08:00:00+01:00,2026-01-13T09:00:00+01:00,1,1,1,1,0,2026-06-25T22:43:59+02:00
U0135,b7c1fd64-4280-4af2-9e78-4880a6a88c84,e9tZ56,basthon:geometry2ndemilieudistance-mnist,6659633,"MathAData- Géométrie repérée, milieu, distance, pour la classification d'images de chiffres - 2nde",geometry2ndemilieudistance-mnist,2026-02-03T07:00:00+01:00,2026-02-03T08:00:00+01:00,1,1,1,1,0,2026-06-25T22:43:59+02:00
U0136,b7c1fd64-4280-4af2-9e78-4880a6a88c84,e9tZ56,basthon:geometry2ndemilieudistance-mnist,6659633,"MathAData- Géométrie repérée, milieu, distance, pour la classification d'images de chiffres - 2nde",geometry2ndemilieudistance-mnist,2026-04-08T08:00:00+02:00,2026-04-08T09:00:00+02:00,1,1,1,1,0,2026-06-25T22:43:59+02:00
U0137,b7c1fd64-4280-4af2-9e78-4880a6a88c84,e9tZ56,basthon:geometry2ndemilieudistance-mnist,6659633,"MathAData- Géométrie repérée, milieu, distance, pour la classification d'images de chiffres - 2nde",geometry2ndemilieudistance-mnist,2026-04-13T10:00:00+02:00,2026-04-13T13:00:00+02:00,2,2,2,2,0,2026-06-25T22:43:59+02:00
U0138,b7c1fd64-4280-4af2-9e78-4880a6a88c84,e9tZ56,basthon:geometry2ndemilieudistance-mnist,6659633,"MathAData- Géométrie repérée, milieu, distance, pour la classification d'images de chiffres - 2nde",geometry2ndemilieudistance-mnist,2026-04-20T13:00:00+02:00,2026-04-20T14:00:00+02:00,1,1,1,1,0,2026-06-25T22:43:59+02:00
U0139,b7c1fd64-4280-4af2-9e78-4880a6a88c84,e9tZ56,basthon:geometry2ndemilieudistance-mnist,6659633,"MathAData- Géométrie repérée, milieu, distance, pour la classification d'images de chiffres - 2nde",geometry2ndemilieudistance-mnist,2026-04-29T06:00:00+02:00,2026-04-29T07:00:00+02:00,1,3,3,3,0,2026-06-25T22:43:59+02:00
U0140,b7c1fd64-4280-4af2-9e78-4880a6a88c84,e9tZ56,basthon:geometry2ndemilieudistance-mnist,6659633,"MathAData- Géométrie repérée, milieu, distance, pour la classification d'images de chiffres - 2nde",geometry2ndemilieudistance-mnist,2026-04-29T09:00:00+02:00,2026-04-29T11:00:00+02:00,2,35,1,35,0,2026-06-25T22:43:59+02:00
U0141,b7c1fd64-4280-4af2-9e78-4880a6a88c84,e9tZ56,basthon:geometry2ndemilieudistance-mnist,6659633,"MathAData- Géométrie repérée, milieu, distance, pour la classification d'images de chiffres - 2nde",geometry2ndemilieudistance-mnist,2026-05-06T06:00:00+02:00,2026-05-06T07:00:00+02:00,1,1,1,1,0,2026-06-25T22:43:59+02:00
U0142,b7c1fd64-4280-4af2-9e78-4880a6a88c84,e9tZ56,basthon:geometry2ndemilieudistance-mnist,6659633,"MathAData- Géométrie repérée, milieu, distance, pour la classification d'images de chiffres - 2nde",geometry2ndemilieudistance-mnist,2026-05-13T09:00:00+02:00,2026-05-13T10:00:00+02:00,1,1,1,1,0,2026-06-25T22:43:59+02:00
U0143,cb7d460c-0f1b-49bd-b2a2-8e3403b14a8b,kaAxEq,basthon:geometry2ndeequationdroite-mnist,3515488,MathAData - Équation réduite de droite pour la classification d'images de chiffres - 2nde,geometry2ndeequationdroite-mnist,2026-01-07T17:00:00+01:00,2026-01-07T19:00:00+01:00,2,20,17,20,0,2026-06-25T22:43:59+02:00
U0144,cb7d460c-0f1b-49bd-b2a2-8e3403b14a8b,kaAxEq,basthon:geometry2ndeequationdroite-mnist,3515488,MathAData - Équation réduite de droite pour la classification d'images de chiffres - 2nde,geometry2ndeequationdroite-mnist,2026-01-10T00:00:00+01:00,2026-01-10T01:00:00+01:00,1,1,1,1,0,2026-06-25T22:43:59+02:00
U0145,cb7d460c-0f1b-49bd-b2a2-8e3403b14a8b,kaAxEq,basthon:geometry2ndeequationdroite-mnist,3515488,MathAData - Équation réduite de droite pour la classification d'images de chiffres - 2nde,geometry2ndeequationdroite-mnist,2026-01-11T16:00:00+01:00,2026-01-11T17:00:00+01:00,1,1,1,1,0,2026-06-25T22:43:59+02:00
U0146,cb7d460c-0f1b-49bd-b2a2-8e3403b14a8b,kaAxEq,basthon:geometry2ndeequationdroite-mnist,3515488,MathAData - Équation réduite de droite pour la classification d'images de chiffres - 2nde,geometry2ndeequationdroite-mnist,2026-01-12T09:00:00+01:00,2026-01-12T10:00:00+01:00,1,1,1,1,0,2026-06-25T22:43:59+02:00
U0147,cb7d460c-0f1b-49bd-b2a2-8e3403b14a8b,kaAxEq,basthon:geometry2ndeequationdroite-mnist,3515488,MathAData - Équation réduite de droite pour la classification d'images de chiffres - 2nde,geometry2ndeequationdroite-mnist,2026-01-13T08:00:00+01:00,2026-01-13T09:00:00+01:00,1,1,1,1,0,2026-06-25T22:43:59+02:00
U0148,cb7d460c-0f1b-49bd-b2a2-8e3403b14a8b,kaAxEq,basthon:geometry2ndeequationdroite-mnist,3515488,MathAData - Équation réduite de droite pour la classification d'images de chiffres - 2nde,geometry2ndeequationdroite-mnist,2026-01-13T13:00:00+01:00,2026-01-13T14:00:00+01:00,1,1,1,1,0,2026-06-25T22:43:59+02:00
U0149,cb7d460c-0f1b-49bd-b2a2-8e3403b14a8b,kaAxEq,basthon:geometry2ndeequationdroite-mnist,3515488,MathAData - Équation réduite de droite pour la classification d'images de chiffres - 2nde,geometry2ndeequationdroite-mnist,2026-01-14T13:00:00+01:00,2026-01-14T14:00:00+01:00,1,18,7,18,0,2026-06-25T22:43:59+02:00
U0150,cb7d460c-0f1b-49bd-b2a2-8e3403b14a8b,kaAxEq,basthon:geometry2ndeequationdroite-mnist,3515488,MathAData - Équation réduite de droite pour la classification d'images de chiffres - 2nde,geometry2ndeequationdroite-mnist,2026-01-14T21:00:00+01:00,2026-01-14T22:00:00+01:00,1,41,40,41,0,2026-06-25T22:43:59+02:00
U0151,cb7d460c-0f1b-49bd-b2a2-8e3403b14a8b,kaAxEq,basthon:geometry2ndeequationdroite-mnist,3515488,MathAData - Équation réduite de droite pour la classification d'images de chiffres - 2nde,geometry2ndeequationdroite-mnist,2026-01-15T10:00:00+01:00,2026-01-15T11:00:00+01:00,1,12,10,12,0,2026-06-25T22:43:59+02:00
U0152,cb7d460c-0f1b-49bd-b2a2-8e3403b14a8b,kaAxEq,basthon:geometry2ndeequationdroite-mnist,3515488,MathAData - Équation réduite de droite pour la classification d'images de chiffres - 2nde,geometry2ndeequationdroite-mnist,2026-01-15T13:00:00+01:00,2026-01-15T14:00:00+01:00,1,1,1,1,0,2026-06-25T22:43:59+02:00
U0153,cb7d460c-0f1b-49bd-b2a2-8e3403b14a8b,kaAxEq,basthon:geometry2ndeequationdroite-mnist,3515488,MathAData - Équation réduite de droite pour la classification d'images de chiffres - 2nde,geometry2ndeequationdroite-mnist,2026-01-16T06:00:00+01:00,2026-01-16T07:00:00+01:00,1,1,1,1,0,2026-06-25T22:43:59+02:00
U0154,cb7d460c-0f1b-49bd-b2a2-8e3403b14a8b,kaAxEq,basthon:geometry2ndeequationdroite-mnist,3515488,MathAData - Équation réduite de droite pour la classification d'images de chiffres - 2nde,geometry2ndeequationdroite-mnist,2026-01-22T17:00:00+01:00,2026-01-22T18:00:00+01:00,1,4,4,4,0,2026-06-25T22:43:59+02:00
U0155,cb7d460c-0f1b-49bd-b2a2-8e3403b14a8b,kaAxEq,basthon:geometry2ndeequationdroite-mnist,3515488,MathAData - Équation réduite de droite pour la classification d'images de chiffres - 2nde,geometry2ndeequationdroite-mnist,2026-01-23T23:00:00+01:00,2026-01-24T00:00:00+01:00,1,1,1,1,0,2026-06-25T22:43:59+02:00
U0156,cb7d460c-0f1b-49bd-b2a2-8e3403b14a8b,kaAxEq,basthon:geometry2ndeequationdroite-mnist,3515488,MathAData - Équation réduite de droite pour la classification d'images de chiffres - 2nde,geometry2ndeequationdroite-mnist,2026-01-29T15:00:00+01:00,2026-01-29T17:00:00+01:00,2,10,2,10,0,2026-06-25T22:43:59+02:00
U0157,cb7d460c-0f1b-49bd-b2a2-8e3403b14a8b,kaAxEq,basthon:geometry2ndeequationdroite-mnist,3515488,MathAData - Équation réduite de droite pour la classification d'images de chiffres - 2nde,geometry2ndeequationdroite-mnist,2026-01-31T14:00:00+01:00,2026-01-31T15:00:00+01:00,1,1,1,1,0,2026-06-25T22:43:59+02:00
U0158,cb7d460c-0f1b-49bd-b2a2-8e3403b14a8b,kaAxEq,basthon:geometry2ndeequationdroite-mnist,3515488,MathAData - Équation réduite de droite pour la classification d'images de chiffres - 2nde,geometry2ndeequationdroite-mnist,2026-02-03T17:00:00+01:00,2026-02-03T18:00:00+01:00,1,8,8,8,0,2026-06-25T22:43:59+02:00
U0159,cb7d460c-0f1b-49bd-b2a2-8e3403b14a8b,kaAxEq,basthon:geometry2ndeequationdroite-mnist,3515488,MathAData - Équation réduite de droite pour la classification d'images de chiffres - 2nde,geometry2ndeequationdroite-mnist,2026-02-04T17:00:00+01:00,2026-02-04T20:00:00+01:00,3,6,3,6,0,2026-06-25T22:43:59+02:00
U0160,cb7d460c-0f1b-49bd-b2a2-8e3403b14a8b,kaAxEq,basthon:geometry2ndeequationdroite-mnist,3515488,MathAData - Équation réduite de droite pour la classification d'images de chiffres - 2nde,geometry2ndeequationdroite-mnist,2026-02-05T08:00:00+01:00,2026-02-05T10:00:00+01:00,2,3,2,3,0,2026-06-25T22:43:59+02:00
U0161,cb7d460c-0f1b-49bd-b2a2-8e3403b14a8b,kaAxEq,basthon:geometry2ndeequationdroite-mnist,3515488,MathAData - Équation réduite de droite pour la classification d'images de chiffres - 2nde,geometry2ndeequationdroite-mnist,2026-02-06T13:00:00+01:00,2026-02-06T14:00:00+01:00,1,1,1,1,0,2026-06-25T22:43:59+02:00
U0162,cb7d460c-0f1b-49bd-b2a2-8e3403b14a8b,kaAxEq,basthon:geometry2ndeequationdroite-mnist,3515488,MathAData - Équation réduite de droite pour la classification d'images de chiffres - 2nde,geometry2ndeequationdroite-mnist,2026-02-08T10:00:00+01:00,2026-02-08T11:00:00+01:00,1,1,1,1,0,2026-06-25T22:43:59+02:00
U0163,cb7d460c-0f1b-49bd-b2a2-8e3403b14a8b,kaAxEq,basthon:geometry2ndeequationdroite-mnist,3515488,MathAData - Équation réduite de droite pour la classification d'images de chiffres - 2nde,geometry2ndeequationdroite-mnist,2026-02-09T16:00:00+01:00,2026-02-09T18:00:00+01:00,2,5,5,5,0,2026-06-25T22:43:59+02:00
U0164,cb7d460c-0f1b-49bd-b2a2-8e3403b14a8b,kaAxEq,basthon:geometry2ndeequationdroite-mnist,3515488,MathAData - Équation réduite de droite pour la classification d'images de chiffres - 2nde,geometry2ndeequationdroite-mnist,2026-02-12T15:00:00+01:00,2026-02-12T16:00:00+01:00,1,17,2,17,0,2026-06-25T22:43:59+02:00
U0165,cb7d460c-0f1b-49bd-b2a2-8e3403b14a8b,kaAxEq,basthon:geometry2ndeequationdroite-mnist,3515488,MathAData - Équation réduite de droite pour la classification d'images de chiffres - 2nde,geometry2ndeequationdroite-mnist,2026-02-16T17:00:00+01:00,2026-02-16T18:00:00+01:00,1,5,5,5,0,2026-06-25T22:43:59+02:00
U0166,cb7d460c-0f1b-49bd-b2a2-8e3403b14a8b,kaAxEq,basthon:geometry2ndeequationdroite-mnist,3515488,MathAData - Équation réduite de droite pour la classification d'images de chiffres - 2nde,geometry2ndeequationdroite-mnist,2026-02-19T18:00:00+01:00,2026-02-19T19:00:00+01:00,1,1,1,1,0,2026-06-25T22:43:59+02:00
U0167,cb7d460c-0f1b-49bd-b2a2-8e3403b14a8b,kaAxEq,basthon:geometry2ndeequationdroite-mnist,3515488,MathAData - Équation réduite de droite pour la classification d'images de chiffres - 2nde,geometry2ndeequationdroite-mnist,2026-03-05T15:00:00+01:00,2026-03-05T16:00:00+01:00,1,24,3,24,0,2026-06-25T22:43:59+02:00
U0168,cb7d460c-0f1b-49bd-b2a2-8e3403b14a8b,kaAxEq,basthon:geometry2ndeequationdroite-mnist,3515488,MathAData - Équation réduite de droite pour la classification d'images de chiffres - 2nde,geometry2ndeequationdroite-mnist,2026-03-07T18:00:00+01:00,2026-03-07T19:00:00+01:00,1,1,1,1,0,2026-06-25T22:43:59+02:00
U0169,cb7d460c-0f1b-49bd-b2a2-8e3403b14a8b,kaAxEq,basthon:geometry2ndeequationdroite-mnist,3515488,MathAData - Équation réduite de droite pour la classification d'images de chiffres - 2nde,geometry2ndeequationdroite-mnist,2026-03-17T00:00:00+01:00,2026-03-17T01:00:00+01:00,1,1,1,1,0,2026-06-25T22:43:59+02:00
U0170,cb7d460c-0f1b-49bd-b2a2-8e3403b14a8b,kaAxEq,basthon:geometry2ndeequationdroite-mnist,3515488,MathAData - Équation réduite de droite pour la classification d'images de chiffres - 2nde,geometry2ndeequationdroite-mnist,2026-03-24T18:00:00+01:00,2026-03-24T19:00:00+01:00,1,1,1,1,0,2026-06-25T22:43:59+02:00
U0171,cb7d460c-0f1b-49bd-b2a2-8e3403b14a8b,kaAxEq,basthon:geometry2ndeequationdroite-mnist,3515488,MathAData - Équation réduite de droite pour la classification d'images de chiffres - 2nde,geometry2ndeequationdroite-mnist,2026-03-25T13:00:00+01:00,2026-03-25T14:00:00+01:00,1,1,1,1,0,2026-06-25T22:43:59+02:00
U0172,cb7d460c-0f1b-49bd-b2a2-8e3403b14a8b,kaAxEq,basthon:geometry2ndeequationdroite-mnist,3515488,MathAData - Équation réduite de droite pour la classification d'images de chiffres - 2nde,geometry2ndeequationdroite-mnist,2026-03-26T15:00:00+01:00,2026-03-26T16:00:00+01:00,1,1,1,1,0,2026-06-25T22:43:59+02:00
U0173,cb7d460c-0f1b-49bd-b2a2-8e3403b14a8b,kaAxEq,basthon:geometry2ndeequationdroite-mnist,3515488,MathAData - Équation réduite de droite pour la classification d'images de chiffres - 2nde,geometry2ndeequationdroite-mnist,2026-03-29T21:00:00+02:00,2026-03-29T22:00:00+02:00,1,2,1,2,0,2026-06-25T22:43:59+02:00
U0174,cb7d460c-0f1b-49bd-b2a2-8e3403b14a8b,kaAxEq,basthon:geometry2ndeequationdroite-mnist,3515488,MathAData - Équation réduite de droite pour la classification d'images de chiffres - 2nde,geometry2ndeequationdroite-mnist,2026-03-30T08:00:00+02:00,2026-03-30T09:00:00+02:00,1,1,1,1,0,2026-06-25T22:43:59+02:00
U0175,cb7d460c-0f1b-49bd-b2a2-8e3403b14a8b,kaAxEq,basthon:geometry2ndeequationdroite-mnist,3515488,MathAData - Équation réduite de droite pour la classification d'images de chiffres - 2nde,geometry2ndeequationdroite-mnist,2026-03-31T08:00:00+02:00,2026-03-31T14:00:00+02:00,5,31,1,31,0,2026-06-25T22:43:59+02:00
U0176,cb7d460c-0f1b-49bd-b2a2-8e3403b14a8b,kaAxEq,basthon:geometry2ndeequationdroite-mnist,3515488,MathAData - Équation réduite de droite pour la classification d'images de chiffres - 2nde,geometry2ndeequationdroite-mnist,2026-03-31T17:00:00+02:00,2026-03-31T18:00:00+02:00,1,1,1,1,0,2026-06-25T22:43:59+02:00
U0177,cb7d460c-0f1b-49bd-b2a2-8e3403b14a8b,kaAxEq,basthon:geometry2ndeequationdroite-mnist,3515488,MathAData - Équation réduite de droite pour la classification d'images de chiffres - 2nde,geometry2ndeequationdroite-mnist,2026-04-01T05:00:00+02:00,2026-04-01T07:00:00+02:00,2,9,1,9,0,2026-06-25T22:43:59+02:00
U0178,cb7d460c-0f1b-49bd-b2a2-8e3403b14a8b,kaAxEq,basthon:geometry2ndeequationdroite-mnist,3515488,MathAData - Équation réduite de droite pour la classification d'images de chiffres - 2nde,geometry2ndeequationdroite-mnist,2026-04-01T12:00:00+02:00,2026-04-01T16:00:00+02:00,4,47,4,47,0,2026-06-25T22:43:59+02:00
U0179,cb7d460c-0f1b-49bd-b2a2-8e3403b14a8b,kaAxEq,basthon:geometry2ndeequationdroite-mnist,3515488,MathAData - Équation réduite de droite pour la classification d'images de chiffres - 2nde,geometry2ndeequationdroite-mnist,2026-04-02T08:00:00+02:00,2026-04-02T10:00:00+02:00,2,9,1,9,0,2026-06-25T22:43:59+02:00
U0180,cb7d460c-0f1b-49bd-b2a2-8e3403b14a8b,kaAxEq,basthon:geometry2ndeequationdroite-mnist,3515488,MathAData - Équation réduite de droite pour la classification d'images de chiffres - 2nde,geometry2ndeequationdroite-mnist,2026-04-02T12:00:00+02:00,2026-04-02T13:00:00+02:00,1,2,1,2,0,2026-06-25T22:43:59+02:00
U0181,cb7d460c-0f1b-49bd-b2a2-8e3403b14a8b,kaAxEq,basthon:geometry2ndeequationdroite-mnist,3515488,MathAData - Équation réduite de droite pour la classification d'images de chiffres - 2nde,geometry2ndeequationdroite-mnist,2026-04-03T08:00:00+02:00,2026-04-03T09:00:00+02:00,1,1,1,1,0,2026-06-25T22:43:59+02:00
U0182,cb7d460c-0f1b-49bd-b2a2-8e3403b14a8b,kaAxEq,basthon:geometry2ndeequationdroite-mnist,3515488,MathAData - Équation réduite de droite pour la classification d'images de chiffres - 2nde,geometry2ndeequationdroite-mnist,2026-04-07T08:00:00+02:00,2026-04-07T13:00:00+02:00,5,11,3,11,0,2026-06-25T22:43:59+02:00
U0183,cb7d460c-0f1b-49bd-b2a2-8e3403b14a8b,kaAxEq,basthon:geometry2ndeequationdroite-mnist,3515488,MathAData - Équation réduite de droite pour la classification d'images de chiffres - 2nde,geometry2ndeequationdroite-mnist,2026-04-08T11:00:00+02:00,2026-04-08T13:00:00+02:00,2,2,2,2,0,2026-06-25T22:43:59+02:00
U0184,cb7d460c-0f1b-49bd-b2a2-8e3403b14a8b,kaAxEq,basthon:geometry2ndeequationdroite-mnist,3515488,MathAData - Équation réduite de droite pour la classification d'images de chiffres - 2nde,geometry2ndeequationdroite-mnist,2026-04-09T09:00:00+02:00,2026-04-09T10:00:00+02:00,1,1,1,1,0,2026-06-25T22:43:59+02:00
U0185,cb7d460c-0f1b-49bd-b2a2-8e3403b14a8b,kaAxEq,basthon:geometry2ndeequationdroite-mnist,3515488,MathAData - Équation réduite de droite pour la classification d'images de chiffres - 2nde,geometry2ndeequationdroite-mnist,2026-04-14T08:00:00+02:00,2026-04-14T09:00:00+02:00,1,14,1,14,0,2026-06-25T22:43:59+02:00
U0186,cb7d460c-0f1b-49bd-b2a2-8e3403b14a8b,kaAxEq,basthon:geometry2ndeequationdroite-mnist,3515488,MathAData - Équation réduite de droite pour la classification d'images de chiffres - 2nde,geometry2ndeequationdroite-mnist,2026-04-22T08:00:00+02:00,2026-04-22T09:00:00+02:00,1,1,1,1,0,2026-06-25T22:43:59+02:00
U0187,cb7d460c-0f1b-49bd-b2a2-8e3403b14a8b,kaAxEq,basthon:geometry2ndeequationdroite-mnist,3515488,MathAData - Équation réduite de droite pour la classification d'images de chiffres - 2nde,geometry2ndeequationdroite-mnist,2026-04-28T05:00:00+02:00,2026-04-28T06:00:00+02:00,1,1,1,1,0,2026-06-25T22:43:59+02:00
U0188,cb7d460c-0f1b-49bd-b2a2-8e3403b14a8b,kaAxEq,basthon:geometry2ndeequationdroite-mnist,3515488,MathAData - Équation réduite de droite pour la classification d'images de chiffres - 2nde,geometry2ndeequationdroite-mnist,2026-05-13T09:00:00+02:00,2026-05-13T10:00:00+02:00,1,1,1,1,0,2026-06-25T22:43:59+02:00
U0189,cb7d460c-0f1b-49bd-b2a2-8e3403b14a8b,kaAxEq,basthon:geometry2ndeequationdroite-mnist,3515488,MathAData - Équation réduite de droite pour la classification d'images de chiffres - 2nde,geometry2ndeequationdroite-mnist,2026-05-18T15:00:00+02:00,2026-05-18T16:00:00+02:00,1,1,1,1,0,2026-06-25T22:43:59+02:00
U0190,cb7d460c-0f1b-49bd-b2a2-8e3403b14a8b,kaAxEq,basthon:geometry2ndeequationdroite-mnist,3515488,MathAData - Équation réduite de droite pour la classification d'images de chiffres - 2nde,geometry2ndeequationdroite-mnist,2026-05-19T15:00:00+02:00,2026-05-19T16:00:00+02:00,1,2,2,2,0,2026-06-25T22:43:59+02:00
U0191,cb7d460c-0f1b-49bd-b2a2-8e3403b14a8b,kaAxEq,basthon:geometry2ndeequationdroite-mnist,3515488,MathAData - Équation réduite de droite pour la classification d'images de chiffres - 2nde,geometry2ndeequationdroite-mnist,2026-05-20T07:00:00+02:00,2026-05-20T08:00:00+02:00,1,9,1,9,0,2026-06-25T22:43:59+02:00
U0192,cb7d460c-0f1b-49bd-b2a2-8e3403b14a8b,kaAxEq,basthon:geometry2ndeequationdroite-mnist,3515488,MathAData - Équation réduite de droite pour la classification d'images de chiffres - 2nde,geometry2ndeequationdroite-mnist,2026-05-27T12:00:00+02:00,2026-05-27T13:00:00+02:00,1,1,1,1,0,2026-06-25T22:43:59+02:00
U0193,cb7d460c-0f1b-49bd-b2a2-8e3403b14a8b,kaAxEq,basthon:geometry2ndeequationdroite-mnist,3515488,MathAData - Équation réduite de droite pour la classification d'images de chiffres - 2nde,geometry2ndeequationdroite-mnist,2026-05-27T20:00:00+02:00,2026-05-27T21:00:00+02:00,1,1,1,1,0,2026-06-25T22:43:59+02:00
U0194,cb7d460c-0f1b-49bd-b2a2-8e3403b14a8b,kaAxEq,basthon:geometry2ndeequationdroite-mnist,3515488,MathAData - Équation réduite de droite pour la classification d'images de chiffres - 2nde,geometry2ndeequationdroite-mnist,2026-06-02T19:00:00+02:00,2026-06-02T20:00:00+02:00,1,1,1,1,0,2026-06-25T22:43:59+02:00
U0195,cb7d460c-0f1b-49bd-b2a2-8e3403b14a8b,kaAxEq,basthon:geometry2ndeequationdroite-mnist,3515488,MathAData - Équation réduite de droite pour la classification d'images de chiffres - 2nde,geometry2ndeequationdroite-mnist,2026-06-03T06:00:00+02:00,2026-06-03T08:00:00+02:00,2,12,2,12,0,2026-06-25T22:43:59+02:00
U0196,cb7d460c-0f1b-49bd-b2a2-8e3403b14a8b,kaAxEq,basthon:geometry2ndeequationdroite-mnist,3515488,MathAData - Équation réduite de droite pour la classification d'images de chiffres - 2nde,geometry2ndeequationdroite-mnist,2026-06-04T07:00:00+02:00,2026-06-04T10:00:00+02:00,3,15,2,15,0,2026-06-25T22:43:59+02:00
U0197,cb7d460c-0f1b-49bd-b2a2-8e3403b14a8b,kaAxEq,basthon:geometry2ndeequationdroite-mnist,3515488,MathAData - Équation réduite de droite pour la classification d'images de chiffres - 2nde,geometry2ndeequationdroite-mnist,2026-06-04T15:00:00+02:00,2026-06-04T16:00:00+02:00,1,1,1,1,0,2026-06-25T22:43:59+02:00
U0198,e863593d-1634-433a-9412-38d5f4cd06f3,TSD4cy,basthon:geometry1eredroiteproduitscalaire-mnist,5862412,MathAData - Droite et produit scalaire pour la classification d'images - 1ere,geometry1eredroiteproduitscalaire-mnist,2026-01-01T13:00:00+01:00,2026-01-01T14:00:00+01:00,1,1,1,1,0,2026-06-25T22:43:59+02:00
U0199,e863593d-1634-433a-9412-38d5f4cd06f3,TSD4cy,basthon:geometry1eredroiteproduitscalaire-mnist,5862412,MathAData - Droite et produit scalaire pour la classification d'images - 1ere,geometry1eredroiteproduitscalaire-mnist,2026-01-12T14:00:00+01:00,2026-01-12T15:00:00+01:00,1,1,1,1,0,2026-06-25T22:43:59+02:00
U0200,e863593d-1634-433a-9412-38d5f4cd06f3,TSD4cy,basthon:geometry1eredroiteproduitscalaire-mnist,5862412,MathAData - Droite et produit scalaire pour la classification d'images - 1ere,geometry1eredroiteproduitscalaire-mnist,2026-01-13T08:00:00+01:00,2026-01-13T09:00:00+01:00,1,1,1,1,0,2026-06-25T22:43:59+02:00
U0201,e863593d-1634-433a-9412-38d5f4cd06f3,TSD4cy,basthon:geometry1eredroiteproduitscalaire-mnist,5862412,MathAData - Droite et produit scalaire pour la classification d'images - 1ere,geometry1eredroiteproduitscalaire-mnist,2026-03-29T07:00:00+02:00,2026-03-29T08:00:00+02:00,1,1,1,1,0,2026-06-25T22:43:59+02:00
U0202,e863593d-1634-433a-9412-38d5f4cd06f3,TSD4cy,basthon:geometry1eredroiteproduitscalaire-mnist,5862412,MathAData - Droite et produit scalaire pour la classification d'images - 1ere,geometry1eredroiteproduitscalaire-mnist,2026-03-31T21:00:00+02:00,2026-03-31T22:00:00+02:00,1,1,1,1,0,2026-06-25T22:43:59+02:00
U0203,e863593d-1634-433a-9412-38d5f4cd06f3,TSD4cy,basthon:geometry1eredroiteproduitscalaire-mnist,5862412,MathAData - Droite et produit scalaire pour la classification d'images - 1ere,geometry1eredroiteproduitscalaire-mnist,2026-04-01T08:00:00+02:00,2026-04-01T10:00:00+02:00,2,2,1,2,0,2026-06-25T22:43:59+02:00
U0204,e863593d-1634-433a-9412-38d5f4cd06f3,TSD4cy,basthon:geometry1eredroiteproduitscalaire-mnist,5862412,MathAData - Droite et produit scalaire pour la classification d'images - 1ere,geometry1eredroiteproduitscalaire-mnist,2026-04-05T14:00:00+02:00,2026-04-05T15:00:00+02:00,1,1,1,1,0,2026-06-25T22:43:59+02:00
U0205,e863593d-1634-433a-9412-38d5f4cd06f3,TSD4cy,basthon:geometry1eredroiteproduitscalaire-mnist,5862412,MathAData - Droite et produit scalaire pour la classification d'images - 1ere,geometry1eredroiteproduitscalaire-mnist,2026-04-28T13:00:00+02:00,2026-04-28T14:00:00+02:00,1,1,1,1,0,2026-06-25T22:43:59+02:00
U0206,e863593d-1634-433a-9412-38d5f4cd06f3,TSD4cy,basthon:geometry1eredroiteproduitscalaire-mnist,5862412,MathAData - Droite et produit scalaire pour la classification d'images - 1ere,geometry1eredroiteproduitscalaire-mnist,2026-05-26T12:00:00+02:00,2026-05-26T13:00:00+02:00,1,11,1,11,0,2026-06-25T22:43:59+02:00
