session_urlr_id,link_id,code,mathadata_id,mathadata_title,resource_slug,start,end,sy,date,active_hours,clicks,n_visiteurs_uniques_urlr,usage_classe_estime,seance_riche_estimee,grande_classe_estimee,capytale_observable,n_sessions_capytale_simultanees,max_eleves_capytale_simultanes,mode_historique,n_sessions_capytale_pm1h,max_eleves_capytale_pm1h,mode_sensibilite_pm1h,mode_exploratoire_clics,indeterminate_reason,nat_suspect
U0001,0344f35f-c7f3-47bd-ab81-258a4ca6088c,kc5KBw,8790616,MathAData - Équation cartésienne et vecteur directeur pour la classification d'images de chiffres - 2nde,geometry2ndedroitevecteurdirecteur-mnist,2025-12-25 14:00:00+01:00,2025-12-25 15:00:00+01:00,2025-2026,2025-12-25,1,1,1,False,False,False,True,0,0,indetermine,0,0,indetermine,indetermine,petite_salve_sans_capytale,False
U0037,368b3e07-48f8-4e8d-a63d-af498fe9adb6,w9RWJk,3518185,MathAData - Statistiques pour la classification d'images de chiffres- 2nde,stats-moyenne-histogramme-mnist,2025-12-25 19:00:00+01:00,2025-12-25 22:00:00+01:00,2025-2026,2025-12-25,2,4,2,False,False,False,True,0,0,indetermine,0,0,indetermine,indetermine,petite_salve_sans_capytale,False
U0014,3231d7db-d3b8-4957-8bae-53db8691bbba,cNQxSu,6944347,MathAData - Statistiques pour surveiller la santé de foetus - 2nde,stats-moyenne-histogramme-fetal,2026-01-01 10:00:00+01:00,2026-01-01 11:00:00+01:00,2025-2026,2026-01-01,1,1,1,False,False,False,True,0,0,indetermine,0,0,indetermine,indetermine,petite_salve_sans_capytale,False
U0198,e863593d-1634-433a-9412-38d5f4cd06f3,TSD4cy,5862412,MathAData - Droite et produit scalaire pour la classification d'images - 1ere,geometry1eredroiteproduitscalaire-mnist,2026-01-01 13:00:00+01:00,2026-01-01 14:00:00+01:00,2025-2026,2026-01-01,1,1,1,False,False,False,True,0,0,indetermine,0,0,indetermine,indetermine,petite_salve_sans_capytale,False
U0038,368b3e07-48f8-4e8d-a63d-af498fe9adb6,w9RWJk,3518185,MathAData - Statistiques pour la classification d'images de chiffres- 2nde,stats-moyenne-histogramme-mnist,2026-01-02 16:00:00+01:00,2026-01-02 17:00:00+01:00,2025-2026,2026-01-02,1,1,1,False,False,False,True,0,0,indetermine,0,0,indetermine,indetermine,petite_salve_sans_capytale,False
U0002,0344f35f-c7f3-47bd-ab81-258a4ca6088c,kc5KBw,8790616,MathAData - Équation cartésienne et vecteur directeur pour la classification d'images de chiffres - 2nde,geometry2ndedroitevecteurdirecteur-mnist,2026-01-04 18:00:00+01:00,2026-01-04 19:00:00+01:00,2025-2026,2026-01-04,1,1,1,False,False,False,True,0,0,indetermine,0,0,indetermine,indetermine,petite_salve_sans_capytale,False
U0039,368b3e07-48f8-4e8d-a63d-af498fe9adb6,w9RWJk,3518185,MathAData - Statistiques pour la classification d'images de chiffres- 2nde,stats-moyenne-histogramme-mnist,2026-01-07 15:00:00+01:00,2026-01-07 16:00:00+01:00,2025-2026,2026-01-07,1,1,1,False,False,False,True,0,0,indetermine,0,0,indetermine,indetermine,petite_salve_sans_capytale,False
U0143,cb7d460c-0f1b-49bd-b2a2-8e3403b14a8b,kaAxEq,3515488,MathAData - Équation réduite de droite pour la classification d'images de chiffres - 2nde,geometry2ndeequationdroite-mnist,2026-01-07 17:00:00+01:00,2026-01-07 19:00:00+01:00,2025-2026,2026-01-07,2,20,17,True,True,False,True,0,0,compatible_remplacement,0,0,compatible_remplacement,compatible_remplacement,,False
U0040,368b3e07-48f8-4e8d-a63d-af498fe9adb6,w9RWJk,3518185,MathAData - Statistiques pour la classification d'images de chiffres- 2nde,stats-moyenne-histogramme-mnist,2026-01-08 19:00:00+01:00,2026-01-08 20:00:00+01:00,2025-2026,2026-01-08,1,1,1,False,False,False,True,0,0,indetermine,0,0,indetermine,indetermine,petite_salve_sans_capytale,False
U0041,368b3e07-48f8-4e8d-a63d-af498fe9adb6,w9RWJk,3518185,MathAData - Statistiques pour la classification d'images de chiffres- 2nde,stats-moyenne-histogramme-mnist,2026-01-09 13:00:00+01:00,2026-01-09 14:00:00+01:00,2025-2026,2026-01-09,1,1,1,False,False,False,True,0,0,indetermine,0,0,indetermine,indetermine,petite_salve_sans_capytale,False
U0144,cb7d460c-0f1b-49bd-b2a2-8e3403b14a8b,kaAxEq,3515488,MathAData - Équation réduite de droite pour la classification d'images de chiffres - 2nde,geometry2ndeequationdroite-mnist,2026-01-10 00:00:00+01:00,2026-01-10 01:00:00+01:00,2025-2026,2026-01-10,1,1,1,False,False,False,True,0,0,indetermine,0,0,indetermine,indetermine,petite_salve_sans_capytale,False
U0145,cb7d460c-0f1b-49bd-b2a2-8e3403b14a8b,kaAxEq,3515488,MathAData - Équation réduite de droite pour la classification d'images de chiffres - 2nde,geometry2ndeequationdroite-mnist,2026-01-11 16:00:00+01:00,2026-01-11 17:00:00+01:00,2025-2026,2026-01-11,1,1,1,False,False,False,True,0,0,indetermine,0,0,indetermine,indetermine,petite_salve_sans_capytale,False
U0015,3231d7db-d3b8-4957-8bae-53db8691bbba,cNQxSu,6944347,MathAData - Statistiques pour surveiller la santé de foetus - 2nde,stats-moyenne-histogramme-fetal,2026-01-12 08:00:00+01:00,2026-01-12 09:00:00+01:00,2025-2026,2026-01-12,1,1,1,False,False,False,True,0,0,indetermine,0,0,indetermine,indetermine,petite_salve_sans_capytale,False
U0146,cb7d460c-0f1b-49bd-b2a2-8e3403b14a8b,kaAxEq,3515488,MathAData - Équation réduite de droite pour la classification d'images de chiffres - 2nde,geometry2ndeequationdroite-mnist,2026-01-12 09:00:00+01:00,2026-01-12 10:00:00+01:00,2025-2026,2026-01-12,1,1,1,False,False,False,True,0,0,indetermine,0,0,indetermine,indetermine,petite_salve_sans_capytale,False
U0133,b7c1fd64-4280-4af2-9e78-4880a6a88c84,e9tZ56,6659633,"MathAData- Géométrie repérée, milieu, distance, pour la classification d'images de chiffres - 2nde",geometry2ndemilieudistance-mnist,2026-01-12 12:00:00+01:00,2026-01-12 13:00:00+01:00,2025-2026,2026-01-12,1,1,1,False,False,False,True,0,0,indetermine,1,25,compatible_depannage,indetermine,petite_salve_sans_capytale,False
U0199,e863593d-1634-433a-9412-38d5f4cd06f3,TSD4cy,5862412,MathAData - Droite et produit scalaire pour la classification d'images - 1ere,geometry1eredroiteproduitscalaire-mnist,2026-01-12 14:00:00+01:00,2026-01-12 15:00:00+01:00,2025-2026,2026-01-12,1,1,1,False,False,False,True,0,0,indetermine,0,0,indetermine,indetermine,petite_salve_sans_capytale,False
U0042,368b3e07-48f8-4e8d-a63d-af498fe9adb6,w9RWJk,3518185,MathAData - Statistiques pour la classification d'images de chiffres- 2nde,stats-moyenne-histogramme-mnist,2026-01-13 07:00:00+01:00,2026-01-13 11:00:00+01:00,2025-2026,2026-01-13,3,43,26,True,True,True,True,0,0,compatible_remplacement,0,0,compatible_remplacement,compatible_remplacement,,False
U0147,cb7d460c-0f1b-49bd-b2a2-8e3403b14a8b,kaAxEq,3515488,MathAData - Équation réduite de droite pour la classification d'images de chiffres - 2nde,geometry2ndeequationdroite-mnist,2026-01-13 08:00:00+01:00,2026-01-13 09:00:00+01:00,2025-2026,2026-01-13,1,1,1,False,False,False,True,0,0,indetermine,0,0,indetermine,indetermine,petite_salve_sans_capytale,False
U0200,e863593d-1634-433a-9412-38d5f4cd06f3,TSD4cy,5862412,MathAData - Droite et produit scalaire pour la classification d'images - 1ere,geometry1eredroiteproduitscalaire-mnist,2026-01-13 08:00:00+01:00,2026-01-13 09:00:00+01:00,2025-2026,2026-01-13,1,1,1,False,False,False,True,0,0,indetermine,0,0,indetermine,indetermine,petite_salve_sans_capytale,False
U0134,b7c1fd64-4280-4af2-9e78-4880a6a88c84,e9tZ56,6659633,"MathAData- Géométrie repérée, milieu, distance, pour la classification d'images de chiffres - 2nde",geometry2ndemilieudistance-mnist,2026-01-13 08:00:00+01:00,2026-01-13 09:00:00+01:00,2025-2026,2026-01-13,1,1,1,False,False,False,True,0,0,indetermine,0,0,indetermine,indetermine,petite_salve_sans_capytale,False
U0016,3231d7db-d3b8-4957-8bae-53db8691bbba,cNQxSu,6944347,MathAData - Statistiques pour surveiller la santé de foetus - 2nde,stats-moyenne-histogramme-fetal,2026-01-13 08:00:00+01:00,2026-01-13 09:00:00+01:00,2025-2026,2026-01-13,1,1,1,False,False,False,True,0,0,indetermine,0,0,indetermine,indetermine,petite_salve_sans_capytale,False
U0003,0344f35f-c7f3-47bd-ab81-258a4ca6088c,kc5KBw,8790616,MathAData - Équation cartésienne et vecteur directeur pour la classification d'images de chiffres - 2nde,geometry2ndedroitevecteurdirecteur-mnist,2026-01-13 08:00:00+01:00,2026-01-13 09:00:00+01:00,2025-2026,2026-01-13,1,1,1,False,False,False,True,0,0,indetermine,0,0,indetermine,indetermine,petite_salve_sans_capytale,False
U0148,cb7d460c-0f1b-49bd-b2a2-8e3403b14a8b,kaAxEq,3515488,MathAData - Équation réduite de droite pour la classification d'images de chiffres - 2nde,geometry2ndeequationdroite-mnist,2026-01-13 13:00:00+01:00,2026-01-13 14:00:00+01:00,2025-2026,2026-01-13,1,1,1,False,False,False,True,0,0,indetermine,0,0,indetermine,indetermine,petite_salve_sans_capytale,False
U0149,cb7d460c-0f1b-49bd-b2a2-8e3403b14a8b,kaAxEq,3515488,MathAData - Équation réduite de droite pour la classification d'images de chiffres - 2nde,geometry2ndeequationdroite-mnist,2026-01-14 13:00:00+01:00,2026-01-14 14:00:00+01:00,2025-2026,2026-01-14,1,18,7,True,False,False,True,0,0,compatible_remplacement,0,0,compatible_remplacement,compatible_remplacement,,False
U0043,368b3e07-48f8-4e8d-a63d-af498fe9adb6,w9RWJk,3518185,MathAData - Statistiques pour la classification d'images de chiffres- 2nde,stats-moyenne-histogramme-mnist,2026-01-14 16:00:00+01:00,2026-01-14 17:00:00+01:00,2025-2026,2026-01-14,1,18,16,True,True,False,True,0,0,compatible_remplacement,0,0,compatible_remplacement,compatible_remplacement,,False
U0150,cb7d460c-0f1b-49bd-b2a2-8e3403b14a8b,kaAxEq,3515488,MathAData - Équation réduite de droite pour la classification d'images de chiffres - 2nde,geometry2ndeequationdroite-mnist,2026-01-14 21:00:00+01:00,2026-01-14 22:00:00+01:00,2025-2026,2026-01-14,1,41,40,True,True,True,True,0,0,compatible_remplacement,0,0,compatible_remplacement,compatible_remplacement,,False
U0151,cb7d460c-0f1b-49bd-b2a2-8e3403b14a8b,kaAxEq,3515488,MathAData - Équation réduite de droite pour la classification d'images de chiffres - 2nde,geometry2ndeequationdroite-mnist,2026-01-15 10:00:00+01:00,2026-01-15 11:00:00+01:00,2025-2026,2026-01-15,1,12,10,True,True,False,True,0,0,compatible_remplacement,0,0,compatible_remplacement,compatible_remplacement,,False
U0044,368b3e07-48f8-4e8d-a63d-af498fe9adb6,w9RWJk,3518185,MathAData - Statistiques pour la classification d'images de chiffres- 2nde,stats-moyenne-histogramme-mnist,2026-01-15 10:00:00+01:00,2026-01-15 11:00:00+01:00,2025-2026,2026-01-15,1,1,1,False,False,False,True,0,0,indetermine,0,0,indetermine,indetermine,petite_salve_sans_capytale,False
U0152,cb7d460c-0f1b-49bd-b2a2-8e3403b14a8b,kaAxEq,3515488,MathAData - Équation réduite de droite pour la classification d'images de chiffres - 2nde,geometry2ndeequationdroite-mnist,2026-01-15 13:00:00+01:00,2026-01-15 14:00:00+01:00,2025-2026,2026-01-15,1,1,1,False,False,False,True,0,0,indetermine,0,0,indetermine,indetermine,petite_salve_sans_capytale,False
U0045,368b3e07-48f8-4e8d-a63d-af498fe9adb6,w9RWJk,3518185,MathAData - Statistiques pour la classification d'images de chiffres- 2nde,stats-moyenne-histogramme-mnist,2026-01-15 13:00:00+01:00,2026-01-15 15:00:00+01:00,2025-2026,2026-01-15,2,2,2,False,False,False,True,0,0,indetermine,0,0,indetermine,indetermine,petite_salve_sans_capytale,False
U0046,368b3e07-48f8-4e8d-a63d-af498fe9adb6,w9RWJk,3518185,MathAData - Statistiques pour la classification d'images de chiffres- 2nde,stats-moyenne-histogramme-mnist,2026-01-15 17:00:00+01:00,2026-01-15 18:00:00+01:00,2025-2026,2026-01-15,1,1,1,False,False,False,True,1,13,compatible_depannage,1,13,compatible_depannage,compatible_depannage,,False
U0153,cb7d460c-0f1b-49bd-b2a2-8e3403b14a8b,kaAxEq,3515488,MathAData - Équation réduite de droite pour la classification d'images de chiffres - 2nde,geometry2ndeequationdroite-mnist,2026-01-16 06:00:00+01:00,2026-01-16 07:00:00+01:00,2025-2026,2026-01-16,1,1,1,False,False,False,True,0,0,indetermine,0,0,indetermine,indetermine,petite_salve_sans_capytale,False
U0047,368b3e07-48f8-4e8d-a63d-af498fe9adb6,w9RWJk,3518185,MathAData - Statistiques pour la classification d'images de chiffres- 2nde,stats-moyenne-histogramme-mnist,2026-01-16 12:00:00+01:00,2026-01-16 14:00:00+01:00,2025-2026,2026-01-16,2,34,9,True,False,False,True,0,0,compatible_remplacement,0,0,compatible_remplacement,compatible_remplacement,,False
U0017,3231d7db-d3b8-4957-8bae-53db8691bbba,cNQxSu,6944347,MathAData - Statistiques pour surveiller la santé de foetus - 2nde,stats-moyenne-histogramme-fetal,2026-01-16 13:00:00+01:00,2026-01-16 14:00:00+01:00,2025-2026,2026-01-16,1,1,1,False,False,False,True,1,16,compatible_depannage,1,16,compatible_depannage,compatible_depannage,,False
U0004,0344f35f-c7f3-47bd-ab81-258a4ca6088c,kc5KBw,8790616,MathAData - Équation cartésienne et vecteur directeur pour la classification d'images de chiffres - 2nde,geometry2ndedroitevecteurdirecteur-mnist,2026-01-20 08:00:00+01:00,2026-01-20 09:00:00+01:00,2025-2026,2026-01-20,1,1,1,False,False,False,True,0,0,indetermine,0,0,indetermine,indetermine,petite_salve_sans_capytale,False
U0048,368b3e07-48f8-4e8d-a63d-af498fe9adb6,w9RWJk,3518185,MathAData - Statistiques pour la classification d'images de chiffres- 2nde,stats-moyenne-histogramme-mnist,2026-01-20 09:00:00+01:00,2026-01-20 10:00:00+01:00,2025-2026,2026-01-20,1,1,1,False,False,False,True,0,0,indetermine,0,0,indetermine,indetermine,petite_salve_sans_capytale,False
U0049,368b3e07-48f8-4e8d-a63d-af498fe9adb6,w9RWJk,3518185,MathAData - Statistiques pour la classification d'images de chiffres- 2nde,stats-moyenne-histogramme-mnist,2026-01-20 12:00:00+01:00,2026-01-20 13:00:00+01:00,2025-2026,2026-01-20,1,1,1,False,False,False,True,0,0,indetermine,0,0,indetermine,indetermine,petite_salve_sans_capytale,False
U0050,368b3e07-48f8-4e8d-a63d-af498fe9adb6,w9RWJk,3518185,MathAData - Statistiques pour la classification d'images de chiffres- 2nde,stats-moyenne-histogramme-mnist,2026-01-22 10:00:00+01:00,2026-01-22 11:00:00+01:00,2025-2026,2026-01-22,1,1,1,False,False,False,True,0,0,indetermine,0,0,indetermine,indetermine,petite_salve_sans_capytale,False
U0154,cb7d460c-0f1b-49bd-b2a2-8e3403b14a8b,kaAxEq,3515488,MathAData - Équation réduite de droite pour la classification d'images de chiffres - 2nde,geometry2ndeequationdroite-mnist,2026-01-22 17:00:00+01:00,2026-01-22 18:00:00+01:00,2025-2026,2026-01-22,1,4,4,False,False,False,True,0,0,indetermine,0,0,indetermine,indetermine,petite_salve_sans_capytale,False
U0155,cb7d460c-0f1b-49bd-b2a2-8e3403b14a8b,kaAxEq,3515488,MathAData - Équation réduite de droite pour la classification d'images de chiffres - 2nde,geometry2ndeequationdroite-mnist,2026-01-23 23:00:00+01:00,2026-01-24 00:00:00+01:00,2025-2026,2026-01-23,1,1,1,False,False,False,True,0,0,indetermine,0,0,indetermine,indetermine,petite_salve_sans_capytale,False
U0051,368b3e07-48f8-4e8d-a63d-af498fe9adb6,w9RWJk,3518185,MathAData - Statistiques pour la classification d'images de chiffres- 2nde,stats-moyenne-histogramme-mnist,2026-01-24 13:00:00+01:00,2026-01-24 14:00:00+01:00,2025-2026,2026-01-24,1,1,1,False,False,False,True,0,0,indetermine,0,0,indetermine,indetermine,petite_salve_sans_capytale,False
U0052,368b3e07-48f8-4e8d-a63d-af498fe9adb6,w9RWJk,3518185,MathAData - Statistiques pour la classification d'images de chiffres- 2nde,stats-moyenne-histogramme-mnist,2026-01-27 08:00:00+01:00,2026-01-27 10:00:00+01:00,2025-2026,2026-01-27,2,6,4,False,False,False,True,1,17,compatible_depannage,1,17,compatible_depannage,indetermine,,False
U0156,cb7d460c-0f1b-49bd-b2a2-8e3403b14a8b,kaAxEq,3515488,MathAData - Équation réduite de droite pour la classification d'images de chiffres - 2nde,geometry2ndeequationdroite-mnist,2026-01-29 15:00:00+01:00,2026-01-29 17:00:00+01:00,2025-2026,2026-01-29,2,10,2,False,False,False,True,0,0,indetermine,0,0,indetermine,compatible_remplacement,petite_salve_sans_capytale,True
U0053,368b3e07-48f8-4e8d-a63d-af498fe9adb6,w9RWJk,3518185,MathAData - Statistiques pour la classification d'images de chiffres- 2nde,stats-moyenne-histogramme-mnist,2026-01-30 12:00:00+01:00,2026-01-30 13:00:00+01:00,2025-2026,2026-01-30,1,1,1,False,False,False,True,0,0,indetermine,0,0,indetermine,indetermine,petite_salve_sans_capytale,False
U0157,cb7d460c-0f1b-49bd-b2a2-8e3403b14a8b,kaAxEq,3515488,MathAData - Équation réduite de droite pour la classification d'images de chiffres - 2nde,geometry2ndeequationdroite-mnist,2026-01-31 14:00:00+01:00,2026-01-31 15:00:00+01:00,2025-2026,2026-01-31,1,1,1,False,False,False,True,0,0,indetermine,0,0,indetermine,indetermine,petite_salve_sans_capytale,False
U0054,368b3e07-48f8-4e8d-a63d-af498fe9adb6,w9RWJk,3518185,MathAData - Statistiques pour la classification d'images de chiffres- 2nde,stats-moyenne-histogramme-mnist,2026-02-02 13:00:00+01:00,2026-02-02 14:00:00+01:00,2025-2026,2026-02-02,1,13,1,False,False,False,True,0,0,indetermine,0,0,indetermine,compatible_remplacement,petite_salve_sans_capytale,True
U0135,b7c1fd64-4280-4af2-9e78-4880a6a88c84,e9tZ56,6659633,"MathAData- Géométrie repérée, milieu, distance, pour la classification d'images de chiffres - 2nde",geometry2ndemilieudistance-mnist,2026-02-03 07:00:00+01:00,2026-02-03 08:00:00+01:00,2025-2026,2026-02-03,1,1,1,False,False,False,True,0,0,indetermine,0,0,indetermine,indetermine,petite_salve_sans_capytale,False
U0055,368b3e07-48f8-4e8d-a63d-af498fe9adb6,w9RWJk,3518185,MathAData - Statistiques pour la classification d'images de chiffres- 2nde,stats-moyenne-histogramme-mnist,2026-02-03 10:00:00+01:00,2026-02-03 11:00:00+01:00,2025-2026,2026-02-03,1,10,7,True,False,False,True,0,0,compatible_remplacement,0,0,compatible_remplacement,compatible_remplacement,,False
U0158,cb7d460c-0f1b-49bd-b2a2-8e3403b14a8b,kaAxEq,3515488,MathAData - Équation réduite de droite pour la classification d'images de chiffres - 2nde,geometry2ndeequationdroite-mnist,2026-02-03 17:00:00+01:00,2026-02-03 18:00:00+01:00,2025-2026,2026-02-03,1,8,8,True,False,False,True,0,0,compatible_remplacement,0,0,compatible_remplacement,compatible_remplacement,,False
U0056,368b3e07-48f8-4e8d-a63d-af498fe9adb6,w9RWJk,3518185,MathAData - Statistiques pour la classification d'images de chiffres- 2nde,stats-moyenne-histogramme-mnist,2026-02-04 14:00:00+01:00,2026-02-04 15:00:00+01:00,2025-2026,2026-02-04,1,1,1,False,False,False,True,1,3,indetermine,2,3,indetermine,indetermine,petite_salve_avec_capytale_sous_seuil,False
U0159,cb7d460c-0f1b-49bd-b2a2-8e3403b14a8b,kaAxEq,3515488,MathAData - Équation réduite de droite pour la classification d'images de chiffres - 2nde,geometry2ndeequationdroite-mnist,2026-02-04 17:00:00+01:00,2026-02-04 20:00:00+01:00,2025-2026,2026-02-04,3,6,3,False,False,False,True,0,0,indetermine,0,0,indetermine,compatible_remplacement,petite_salve_sans_capytale,False
U0057,368b3e07-48f8-4e8d-a63d-af498fe9adb6,w9RWJk,3518185,MathAData - Statistiques pour la classification d'images de chiffres- 2nde,stats-moyenne-histogramme-mnist,2026-02-04 20:00:00+01:00,2026-02-04 21:00:00+01:00,2025-2026,2026-02-04,1,1,1,False,False,False,True,0,0,indetermine,0,0,indetermine,indetermine,petite_salve_sans_capytale,False
U0018,3231d7db-d3b8-4957-8bae-53db8691bbba,cNQxSu,6944347,MathAData - Statistiques pour surveiller la santé de foetus - 2nde,stats-moyenne-histogramme-fetal,2026-02-04 21:00:00+01:00,2026-02-04 22:00:00+01:00,2025-2026,2026-02-04,1,1,1,False,False,False,True,0,0,indetermine,0,0,indetermine,indetermine,petite_salve_sans_capytale,False
U0058,368b3e07-48f8-4e8d-a63d-af498fe9adb6,w9RWJk,3518185,MathAData - Statistiques pour la classification d'images de chiffres- 2nde,stats-moyenne-histogramme-mnist,2026-02-05 00:00:00+01:00,2026-02-05 01:00:00+01:00,2025-2026,2026-02-05,1,2,1,False,False,False,True,0,0,indetermine,0,0,indetermine,indetermine,petite_salve_sans_capytale,False
U0160,cb7d460c-0f1b-49bd-b2a2-8e3403b14a8b,kaAxEq,3515488,MathAData - Équation réduite de droite pour la classification d'images de chiffres - 2nde,geometry2ndeequationdroite-mnist,2026-02-05 08:00:00+01:00,2026-02-05 10:00:00+01:00,2025-2026,2026-02-05,2,3,2,False,False,False,True,0,0,indetermine,0,0,indetermine,indetermine,petite_salve_sans_capytale,False
U0059,368b3e07-48f8-4e8d-a63d-af498fe9adb6,w9RWJk,3518185,MathAData - Statistiques pour la classification d'images de chiffres- 2nde,stats-moyenne-histogramme-mnist,2026-02-05 08:00:00+01:00,2026-02-05 09:00:00+01:00,2025-2026,2026-02-05,1,1,1,False,False,False,True,0,0,indetermine,1,2,indetermine,indetermine,petite_salve_sans_capytale,False
U0060,368b3e07-48f8-4e8d-a63d-af498fe9adb6,w9RWJk,3518185,MathAData - Statistiques pour la classification d'images de chiffres- 2nde,stats-moyenne-histogramme-mnist,2026-02-05 14:00:00+01:00,2026-02-05 18:00:00+01:00,2025-2026,2026-02-05,3,23,2,False,False,False,True,0,0,indetermine,2,3,indetermine,compatible_remplacement,petite_salve_sans_capytale,True
U0161,cb7d460c-0f1b-49bd-b2a2-8e3403b14a8b,kaAxEq,3515488,MathAData - Équation réduite de droite pour la classification d'images de chiffres - 2nde,geometry2ndeequationdroite-mnist,2026-02-06 13:00:00+01:00,2026-02-06 14:00:00+01:00,2025-2026,2026-02-06,1,1,1,False,False,False,True,0,0,indetermine,0,0,indetermine,indetermine,petite_salve_sans_capytale,False
U0005,0344f35f-c7f3-47bd-ab81-258a4ca6088c,kc5KBw,8790616,MathAData - Équation cartésienne et vecteur directeur pour la classification d'images de chiffres - 2nde,geometry2ndedroitevecteurdirecteur-mnist,2026-02-06 13:00:00+01:00,2026-02-06 14:00:00+01:00,2025-2026,2026-02-06,1,1,1,False,False,False,True,0,0,indetermine,0,0,indetermine,indetermine,petite_salve_sans_capytale,False
U0162,cb7d460c-0f1b-49bd-b2a2-8e3403b14a8b,kaAxEq,3515488,MathAData - Équation réduite de droite pour la classification d'images de chiffres - 2nde,geometry2ndeequationdroite-mnist,2026-02-08 10:00:00+01:00,2026-02-08 11:00:00+01:00,2025-2026,2026-02-08,1,1,1,False,False,False,True,0,0,indetermine,0,0,indetermine,indetermine,petite_salve_sans_capytale,False
U0061,368b3e07-48f8-4e8d-a63d-af498fe9adb6,w9RWJk,3518185,MathAData - Statistiques pour la classification d'images de chiffres- 2nde,stats-moyenne-histogramme-mnist,2026-02-08 12:00:00+01:00,2026-02-08 13:00:00+01:00,2025-2026,2026-02-08,1,1,1,False,False,False,True,1,11,compatible_depannage,1,11,compatible_depannage,compatible_depannage,,False
U0019,3231d7db-d3b8-4957-8bae-53db8691bbba,cNQxSu,6944347,MathAData - Statistiques pour surveiller la santé de foetus - 2nde,stats-moyenne-histogramme-fetal,2026-02-08 14:00:00+01:00,2026-02-08 15:00:00+01:00,2025-2026,2026-02-08,1,1,1,False,False,False,True,0,0,indetermine,0,0,indetermine,indetermine,petite_salve_sans_capytale,False
U0006,0344f35f-c7f3-47bd-ab81-258a4ca6088c,kc5KBw,8790616,MathAData - Équation cartésienne et vecteur directeur pour la classification d'images de chiffres - 2nde,geometry2ndedroitevecteurdirecteur-mnist,2026-02-08 14:00:00+01:00,2026-02-08 15:00:00+01:00,2025-2026,2026-02-08,1,2,1,False,False,False,True,0,0,indetermine,0,0,indetermine,indetermine,petite_salve_sans_capytale,False
U0062,368b3e07-48f8-4e8d-a63d-af498fe9adb6,w9RWJk,3518185,MathAData - Statistiques pour la classification d'images de chiffres- 2nde,stats-moyenne-histogramme-mnist,2026-02-09 07:00:00+01:00,2026-02-09 08:00:00+01:00,2025-2026,2026-02-09,1,1,1,False,False,False,True,0,0,indetermine,0,0,indetermine,indetermine,petite_salve_sans_capytale,False
U0063,368b3e07-48f8-4e8d-a63d-af498fe9adb6,w9RWJk,3518185,MathAData - Statistiques pour la classification d'images de chiffres- 2nde,stats-moyenne-histogramme-mnist,2026-02-09 10:00:00+01:00,2026-02-09 11:00:00+01:00,2025-2026,2026-02-09,1,1,1,False,False,False,True,0,0,indetermine,0,0,indetermine,indetermine,petite_salve_sans_capytale,False
U0064,368b3e07-48f8-4e8d-a63d-af498fe9adb6,w9RWJk,3518185,MathAData - Statistiques pour la classification d'images de chiffres- 2nde,stats-moyenne-histogramme-mnist,2026-02-09 13:00:00+01:00,2026-02-09 14:00:00+01:00,2025-2026,2026-02-09,1,2,1,False,False,False,True,0,0,indetermine,0,0,indetermine,indetermine,petite_salve_sans_capytale,False
U0163,cb7d460c-0f1b-49bd-b2a2-8e3403b14a8b,kaAxEq,3515488,MathAData - Équation réduite de droite pour la classification d'images de chiffres - 2nde,geometry2ndeequationdroite-mnist,2026-02-09 16:00:00+01:00,2026-02-09 18:00:00+01:00,2025-2026,2026-02-09,2,5,5,True,False,False,True,0,0,compatible_remplacement,0,0,compatible_remplacement,compatible_remplacement,,False
U0065,368b3e07-48f8-4e8d-a63d-af498fe9adb6,w9RWJk,3518185,MathAData - Statistiques pour la classification d'images de chiffres- 2nde,stats-moyenne-histogramme-mnist,2026-02-10 09:00:00+01:00,2026-02-10 12:00:00+01:00,2025-2026,2026-02-10,3,24,9,True,False,False,True,1,28,indetermine,1,28,indetermine,indetermine,grande_salve_avec_capytale,False
U0066,368b3e07-48f8-4e8d-a63d-af498fe9adb6,w9RWJk,3518185,MathAData - Statistiques pour la classification d'images de chiffres- 2nde,stats-moyenne-histogramme-mnist,2026-02-11 14:00:00+01:00,2026-02-11 15:00:00+01:00,2025-2026,2026-02-11,1,1,1,False,False,False,True,0,0,indetermine,0,0,indetermine,indetermine,petite_salve_sans_capytale,False
U0164,cb7d460c-0f1b-49bd-b2a2-8e3403b14a8b,kaAxEq,3515488,MathAData - Équation réduite de droite pour la classification d'images de chiffres - 2nde,geometry2ndeequationdroite-mnist,2026-02-12 15:00:00+01:00,2026-02-12 16:00:00+01:00,2025-2026,2026-02-12,1,17,2,False,False,False,True,0,0,indetermine,0,0,indetermine,compatible_remplacement,petite_salve_sans_capytale,True
U0067,368b3e07-48f8-4e8d-a63d-af498fe9adb6,w9RWJk,3518185,MathAData - Statistiques pour la classification d'images de chiffres- 2nde,stats-moyenne-histogramme-mnist,2026-02-13 16:00:00+01:00,2026-02-13 17:00:00+01:00,2025-2026,2026-02-13,1,1,1,False,False,False,True,0,0,indetermine,0,0,indetermine,indetermine,petite_salve_sans_capytale,False
U0068,368b3e07-48f8-4e8d-a63d-af498fe9adb6,w9RWJk,3518185,MathAData - Statistiques pour la classification d'images de chiffres- 2nde,stats-moyenne-histogramme-mnist,2026-02-16 14:00:00+01:00,2026-02-16 17:00:00+01:00,2025-2026,2026-02-16,3,32,2,False,False,False,True,0,0,indetermine,0,0,indetermine,compatible_remplacement,petite_salve_sans_capytale,True
U0165,cb7d460c-0f1b-49bd-b2a2-8e3403b14a8b,kaAxEq,3515488,MathAData - Équation réduite de droite pour la classification d'images de chiffres - 2nde,geometry2ndeequationdroite-mnist,2026-02-16 17:00:00+01:00,2026-02-16 18:00:00+01:00,2025-2026,2026-02-16,1,5,5,True,False,False,True,1,18,indetermine,1,18,indetermine,indetermine,grande_salve_avec_capytale,False
U0069,368b3e07-48f8-4e8d-a63d-af498fe9adb6,w9RWJk,3518185,MathAData - Statistiques pour la classification d'images de chiffres- 2nde,stats-moyenne-histogramme-mnist,2026-02-18 12:00:00+01:00,2026-02-18 14:00:00+01:00,2025-2026,2026-02-18,2,30,2,False,False,False,True,0,0,indetermine,0,0,indetermine,compatible_remplacement,petite_salve_sans_capytale,True
U0166,cb7d460c-0f1b-49bd-b2a2-8e3403b14a8b,kaAxEq,3515488,MathAData - Équation réduite de droite pour la classification d'images de chiffres - 2nde,geometry2ndeequationdroite-mnist,2026-02-19 18:00:00+01:00,2026-02-19 19:00:00+01:00,2025-2026,2026-02-19,1,1,1,False,False,False,True,0,0,indetermine,0,0,indetermine,indetermine,petite_salve_sans_capytale,False
U0070,368b3e07-48f8-4e8d-a63d-af498fe9adb6,w9RWJk,3518185,MathAData - Statistiques pour la classification d'images de chiffres- 2nde,stats-moyenne-histogramme-mnist,2026-03-01 14:00:00+01:00,2026-03-01 15:00:00+01:00,2025-2026,2026-03-01,1,1,1,False,False,False,True,0,0,indetermine,0,0,indetermine,indetermine,petite_salve_sans_capytale,False
U0071,368b3e07-48f8-4e8d-a63d-af498fe9adb6,w9RWJk,3518185,MathAData - Statistiques pour la classification d'images de chiffres- 2nde,stats-moyenne-histogramme-mnist,2026-03-03 08:00:00+01:00,2026-03-03 09:00:00+01:00,2025-2026,2026-03-03,1,8,1,False,False,False,True,0,0,indetermine,0,0,indetermine,compatible_remplacement,petite_salve_sans_capytale,False
U0020,3231d7db-d3b8-4957-8bae-53db8691bbba,cNQxSu,6944347,MathAData - Statistiques pour surveiller la santé de foetus - 2nde,stats-moyenne-histogramme-fetal,2026-03-05 10:00:00+01:00,2026-03-05 12:00:00+01:00,2025-2026,2026-03-05,2,2,1,False,False,False,True,1,20,compatible_depannage,1,20,compatible_depannage,compatible_depannage,,False
U0167,cb7d460c-0f1b-49bd-b2a2-8e3403b14a8b,kaAxEq,3515488,MathAData - Équation réduite de droite pour la classification d'images de chiffres - 2nde,geometry2ndeequationdroite-mnist,2026-03-05 15:00:00+01:00,2026-03-05 16:00:00+01:00,2025-2026,2026-03-05,1,24,3,False,False,False,True,0,0,indetermine,0,0,indetermine,compatible_remplacement,petite_salve_sans_capytale,True
U0168,cb7d460c-0f1b-49bd-b2a2-8e3403b14a8b,kaAxEq,3515488,MathAData - Équation réduite de droite pour la classification d'images de chiffres - 2nde,geometry2ndeequationdroite-mnist,2026-03-07 18:00:00+01:00,2026-03-07 19:00:00+01:00,2025-2026,2026-03-07,1,1,1,False,False,False,True,0,0,indetermine,0,0,indetermine,indetermine,petite_salve_sans_capytale,False
U0072,368b3e07-48f8-4e8d-a63d-af498fe9adb6,w9RWJk,3518185,MathAData - Statistiques pour la classification d'images de chiffres- 2nde,stats-moyenne-histogramme-mnist,2026-03-09 10:00:00+01:00,2026-03-09 12:00:00+01:00,2025-2026,2026-03-09,2,16,1,False,False,False,True,0,0,indetermine,1,46,compatible_depannage,compatible_remplacement,petite_salve_sans_capytale,True
U0073,368b3e07-48f8-4e8d-a63d-af498fe9adb6,w9RWJk,3518185,MathAData - Statistiques pour la classification d'images de chiffres- 2nde,stats-moyenne-histogramme-mnist,2026-03-12 15:00:00+01:00,2026-03-12 17:00:00+01:00,2025-2026,2026-03-12,2,24,1,False,False,False,True,0,0,indetermine,0,0,indetermine,compatible_remplacement,petite_salve_sans_capytale,True
U0074,368b3e07-48f8-4e8d-a63d-af498fe9adb6,w9RWJk,3518185,MathAData - Statistiques pour la classification d'images de chiffres- 2nde,stats-moyenne-histogramme-mnist,2026-03-12 22:00:00+01:00,2026-03-12 23:00:00+01:00,2025-2026,2026-03-12,1,1,1,False,False,False,True,0,0,indetermine,0,0,indetermine,indetermine,petite_salve_sans_capytale,False
U0075,368b3e07-48f8-4e8d-a63d-af498fe9adb6,w9RWJk,3518185,MathAData - Statistiques pour la classification d'images de chiffres- 2nde,stats-moyenne-histogramme-mnist,2026-03-14 08:00:00+01:00,2026-03-14 09:00:00+01:00,2025-2026,2026-03-14,1,1,1,False,False,False,True,0,0,indetermine,0,0,indetermine,indetermine,petite_salve_sans_capytale,False
U0076,368b3e07-48f8-4e8d-a63d-af498fe9adb6,w9RWJk,3518185,MathAData - Statistiques pour la classification d'images de chiffres- 2nde,stats-moyenne-histogramme-mnist,2026-03-16 08:00:00+01:00,2026-03-16 09:00:00+01:00,2025-2026,2026-03-16,1,18,1,False,False,False,True,1,4,indetermine,1,4,indetermine,indetermine,petite_salve_avec_capytale_sous_seuil,True
U0077,368b3e07-48f8-4e8d-a63d-af498fe9adb6,w9RWJk,3518185,MathAData - Statistiques pour la classification d'images de chiffres- 2nde,stats-moyenne-histogramme-mnist,2026-03-16 17:00:00+01:00,2026-03-16 18:00:00+01:00,2025-2026,2026-03-16,1,1,1,False,False,False,True,0,0,indetermine,1,23,compatible_depannage,indetermine,petite_salve_sans_capytale,False
U0169,cb7d460c-0f1b-49bd-b2a2-8e3403b14a8b,kaAxEq,3515488,MathAData - Équation réduite de droite pour la classification d'images de chiffres - 2nde,geometry2ndeequationdroite-mnist,2026-03-17 00:00:00+01:00,2026-03-17 01:00:00+01:00,2025-2026,2026-03-17,1,1,1,False,False,False,True,0,0,indetermine,0,0,indetermine,indetermine,petite_salve_sans_capytale,False
U0021,3231d7db-d3b8-4957-8bae-53db8691bbba,cNQxSu,6944347,MathAData - Statistiques pour surveiller la santé de foetus - 2nde,stats-moyenne-histogramme-fetal,2026-03-21 22:00:00+01:00,2026-03-21 23:00:00+01:00,2025-2026,2026-03-21,1,1,1,False,False,False,True,0,0,indetermine,0,0,indetermine,indetermine,petite_salve_sans_capytale,False
U0078,368b3e07-48f8-4e8d-a63d-af498fe9adb6,w9RWJk,3518185,MathAData - Statistiques pour la classification d'images de chiffres- 2nde,stats-moyenne-histogramme-mnist,2026-03-23 08:00:00+01:00,2026-03-23 09:00:00+01:00,2025-2026,2026-03-23,1,19,1,False,False,False,True,1,14,compatible_depannage,1,14,compatible_depannage,indetermine,,True
U0022,3231d7db-d3b8-4957-8bae-53db8691bbba,cNQxSu,6944347,MathAData - Statistiques pour surveiller la santé de foetus - 2nde,stats-moyenne-histogramme-fetal,2026-03-23 10:00:00+01:00,2026-03-23 11:00:00+01:00,2025-2026,2026-03-23,1,17,1,False,False,False,True,0,0,indetermine,0,0,indetermine,compatible_remplacement,petite_salve_sans_capytale,True
U0023,3231d7db-d3b8-4957-8bae-53db8691bbba,cNQxSu,6944347,MathAData - Statistiques pour surveiller la santé de foetus - 2nde,stats-moyenne-histogramme-fetal,2026-03-23 13:00:00+01:00,2026-03-23 14:00:00+01:00,2025-2026,2026-03-23,1,25,3,False,False,False,True,0,0,indetermine,0,0,indetermine,compatible_remplacement,petite_salve_sans_capytale,True
U0079,368b3e07-48f8-4e8d-a63d-af498fe9adb6,w9RWJk,3518185,MathAData - Statistiques pour la classification d'images de chiffres- 2nde,stats-moyenne-histogramme-mnist,2026-03-24 12:00:00+01:00,2026-03-24 13:00:00+01:00,2025-2026,2026-03-24,1,14,1,False,False,False,True,0,0,indetermine,0,0,indetermine,compatible_remplacement,petite_salve_sans_capytale,True
U0170,cb7d460c-0f1b-49bd-b2a2-8e3403b14a8b,kaAxEq,3515488,MathAData - Équation réduite de droite pour la classification d'images de chiffres - 2nde,geometry2ndeequationdroite-mnist,2026-03-24 18:00:00+01:00,2026-03-24 19:00:00+01:00,2025-2026,2026-03-24,1,1,1,False,False,False,True,0,0,indetermine,0,0,indetermine,indetermine,petite_salve_sans_capytale,False
U0024,3231d7db-d3b8-4957-8bae-53db8691bbba,cNQxSu,6944347,MathAData - Statistiques pour surveiller la santé de foetus - 2nde,stats-moyenne-histogramme-fetal,2026-03-25 12:00:00+01:00,2026-03-25 14:00:00+01:00,2025-2026,2026-03-25,2,5,1,False,False,False,True,0,0,indetermine,0,0,indetermine,compatible_remplacement,petite_salve_sans_capytale,False
U0171,cb7d460c-0f1b-49bd-b2a2-8e3403b14a8b,kaAxEq,3515488,MathAData - Équation réduite de droite pour la classification d'images de chiffres - 2nde,geometry2ndeequationdroite-mnist,2026-03-25 13:00:00+01:00,2026-03-25 14:00:00+01:00,2025-2026,2026-03-25,1,1,1,False,False,False,True,0,0,indetermine,0,0,indetermine,indetermine,petite_salve_sans_capytale,False
U0080,368b3e07-48f8-4e8d-a63d-af498fe9adb6,w9RWJk,3518185,MathAData - Statistiques pour la classification d'images de chiffres- 2nde,stats-moyenne-histogramme-mnist,2026-03-25 20:00:00+01:00,2026-03-25 21:00:00+01:00,2025-2026,2026-03-25,1,1,1,False,False,False,True,0,0,indetermine,0,0,indetermine,indetermine,petite_salve_sans_capytale,False
U0081,368b3e07-48f8-4e8d-a63d-af498fe9adb6,w9RWJk,3518185,MathAData - Statistiques pour la classification d'images de chiffres- 2nde,stats-moyenne-histogramme-mnist,2026-03-26 07:00:00+01:00,2026-03-26 08:00:00+01:00,2025-2026,2026-03-26,1,26,3,False,False,False,True,0,0,indetermine,0,0,indetermine,compatible_remplacement,petite_salve_sans_capytale,True
U0082,368b3e07-48f8-4e8d-a63d-af498fe9adb6,w9RWJk,3518185,MathAData - Statistiques pour la classification d'images de chiffres- 2nde,stats-moyenne-histogramme-mnist,2026-03-26 10:00:00+01:00,2026-03-26 11:00:00+01:00,2025-2026,2026-03-26,1,1,1,False,False,False,True,0,0,indetermine,0,0,indetermine,indetermine,petite_salve_sans_capytale,False
U0172,cb7d460c-0f1b-49bd-b2a2-8e3403b14a8b,kaAxEq,3515488,MathAData - Équation réduite de droite pour la classification d'images de chiffres - 2nde,geometry2ndeequationdroite-mnist,2026-03-26 15:00:00+01:00,2026-03-26 16:00:00+01:00,2025-2026,2026-03-26,1,1,1,False,False,False,True,0,0,indetermine,0,0,indetermine,indetermine,petite_salve_sans_capytale,False
U0083,368b3e07-48f8-4e8d-a63d-af498fe9adb6,w9RWJk,3518185,MathAData - Statistiques pour la classification d'images de chiffres- 2nde,stats-moyenne-histogramme-mnist,2026-03-26 16:00:00+01:00,2026-03-26 17:00:00+01:00,2025-2026,2026-03-26,1,1,1,False,False,False,True,0,0,indetermine,0,0,indetermine,indetermine,petite_salve_sans_capytale,False
U0201,e863593d-1634-433a-9412-38d5f4cd06f3,TSD4cy,5862412,MathAData - Droite et produit scalaire pour la classification d'images - 1ere,geometry1eredroiteproduitscalaire-mnist,2026-03-29 07:00:00+02:00,2026-03-29 08:00:00+02:00,2025-2026,2026-03-29,1,1,1,False,False,False,True,0,0,indetermine,0,0,indetermine,indetermine,petite_salve_sans_capytale,False
U0173,cb7d460c-0f1b-49bd-b2a2-8e3403b14a8b,kaAxEq,3515488,MathAData - Équation réduite de droite pour la classification d'images de chiffres - 2nde,geometry2ndeequationdroite-mnist,2026-03-29 21:00:00+02:00,2026-03-29 22:00:00+02:00,2025-2026,2026-03-29,1,2,1,False,False,False,True,0,0,indetermine,0,0,indetermine,indetermine,petite_salve_sans_capytale,False
U0084,368b3e07-48f8-4e8d-a63d-af498fe9adb6,w9RWJk,3518185,MathAData - Statistiques pour la classification d'images de chiffres- 2nde,stats-moyenne-histogramme-mnist,2026-03-30 07:00:00+02:00,2026-03-30 08:00:00+02:00,2025-2026,2026-03-30,1,2,1,False,False,False,True,0,0,indetermine,1,4,indetermine,indetermine,petite_salve_sans_capytale,False
U0174,cb7d460c-0f1b-49bd-b2a2-8e3403b14a8b,kaAxEq,3515488,MathAData - Équation réduite de droite pour la classification d'images de chiffres - 2nde,geometry2ndeequationdroite-mnist,2026-03-30 08:00:00+02:00,2026-03-30 09:00:00+02:00,2025-2026,2026-03-30,1,1,1,False,False,False,True,0,0,indetermine,0,0,indetermine,indetermine,petite_salve_sans_capytale,False
U0175,cb7d460c-0f1b-49bd-b2a2-8e3403b14a8b,kaAxEq,3515488,MathAData - Équation réduite de droite pour la classification d'images de chiffres - 2nde,geometry2ndeequationdroite-mnist,2026-03-31 08:00:00+02:00,2026-03-31 14:00:00+02:00,2025-2026,2026-03-31,5,31,1,False,False,False,True,1,9,compatible_depannage,1,9,compatible_depannage,indetermine,,True
U0085,368b3e07-48f8-4e8d-a63d-af498fe9adb6,w9RWJk,3518185,MathAData - Statistiques pour la classification d'images de chiffres- 2nde,stats-moyenne-histogramme-mnist,2026-03-31 09:00:00+02:00,2026-03-31 10:00:00+02:00,2025-2026,2026-03-31,1,2,2,False,False,False,True,0,0,indetermine,2,23,indetermine,indetermine,petite_salve_sans_capytale,False
U0176,cb7d460c-0f1b-49bd-b2a2-8e3403b14a8b,kaAxEq,3515488,MathAData - Équation réduite de droite pour la classification d'images de chiffres - 2nde,geometry2ndeequationdroite-mnist,2026-03-31 17:00:00+02:00,2026-03-31 18:00:00+02:00,2025-2026,2026-03-31,1,1,1,False,False,False,True,0,0,indetermine,0,0,indetermine,indetermine,petite_salve_sans_capytale,False
U0202,e863593d-1634-433a-9412-38d5f4cd06f3,TSD4cy,5862412,MathAData - Droite et produit scalaire pour la classification d'images - 1ere,geometry1eredroiteproduitscalaire-mnist,2026-03-31 21:00:00+02:00,2026-03-31 22:00:00+02:00,2025-2026,2026-03-31,1,1,1,False,False,False,True,0,0,indetermine,0,0,indetermine,indetermine,petite_salve_sans_capytale,False
U0177,cb7d460c-0f1b-49bd-b2a2-8e3403b14a8b,kaAxEq,3515488,MathAData - Équation réduite de droite pour la classification d'images de chiffres - 2nde,geometry2ndeequationdroite-mnist,2026-04-01 05:00:00+02:00,2026-04-01 07:00:00+02:00,2025-2026,2026-04-01,2,9,1,False,False,False,True,0,0,indetermine,0,0,indetermine,compatible_remplacement,petite_salve_sans_capytale,False
U0203,e863593d-1634-433a-9412-38d5f4cd06f3,TSD4cy,5862412,MathAData - Droite et produit scalaire pour la classification d'images - 1ere,geometry1eredroiteproduitscalaire-mnist,2026-04-01 08:00:00+02:00,2026-04-01 10:00:00+02:00,2025-2026,2026-04-01,2,2,1,False,False,False,True,0,0,indetermine,0,0,indetermine,indetermine,petite_salve_sans_capytale,False
U0086,368b3e07-48f8-4e8d-a63d-af498fe9adb6,w9RWJk,3518185,MathAData - Statistiques pour la classification d'images de chiffres- 2nde,stats-moyenne-histogramme-mnist,2026-04-01 11:00:00+02:00,2026-04-01 12:00:00+02:00,2025-2026,2026-04-01,1,1,1,False,False,False,True,0,0,indetermine,0,0,indetermine,indetermine,petite_salve_sans_capytale,False
U0025,3231d7db-d3b8-4957-8bae-53db8691bbba,cNQxSu,6944347,MathAData - Statistiques pour surveiller la santé de foetus - 2nde,stats-moyenne-histogramme-fetal,2026-04-01 11:00:00+02:00,2026-04-01 13:00:00+02:00,2025-2026,2026-04-01,2,12,1,False,False,False,True,0,0,indetermine,0,0,indetermine,compatible_remplacement,petite_salve_sans_capytale,True
U0178,cb7d460c-0f1b-49bd-b2a2-8e3403b14a8b,kaAxEq,3515488,MathAData - Équation réduite de droite pour la classification d'images de chiffres - 2nde,geometry2ndeequationdroite-mnist,2026-04-01 12:00:00+02:00,2026-04-01 16:00:00+02:00,2025-2026,2026-04-01,4,47,4,False,False,False,True,0,0,indetermine,0,0,indetermine,compatible_remplacement,petite_salve_sans_capytale,True
U0179,cb7d460c-0f1b-49bd-b2a2-8e3403b14a8b,kaAxEq,3515488,MathAData - Équation réduite de droite pour la classification d'images de chiffres - 2nde,geometry2ndeequationdroite-mnist,2026-04-02 08:00:00+02:00,2026-04-02 10:00:00+02:00,2025-2026,2026-04-02,2,9,1,False,False,False,True,0,0,indetermine,0,0,indetermine,compatible_remplacement,petite_salve_sans_capytale,False
U0007,0344f35f-c7f3-47bd-ab81-258a4ca6088c,kc5KBw,8790616,MathAData - Équation cartésienne et vecteur directeur pour la classification d'images de chiffres - 2nde,geometry2ndedroitevecteurdirecteur-mnist,2026-04-02 10:00:00+02:00,2026-04-02 11:00:00+02:00,2025-2026,2026-04-02,1,1,1,False,False,False,True,0,0,indetermine,0,0,indetermine,indetermine,petite_salve_sans_capytale,False
U0180,cb7d460c-0f1b-49bd-b2a2-8e3403b14a8b,kaAxEq,3515488,MathAData - Équation réduite de droite pour la classification d'images de chiffres - 2nde,geometry2ndeequationdroite-mnist,2026-04-02 12:00:00+02:00,2026-04-02 13:00:00+02:00,2025-2026,2026-04-02,1,2,1,False,False,False,True,0,0,indetermine,0,0,indetermine,indetermine,petite_salve_sans_capytale,False
U0181,cb7d460c-0f1b-49bd-b2a2-8e3403b14a8b,kaAxEq,3515488,MathAData - Équation réduite de droite pour la classification d'images de chiffres - 2nde,geometry2ndeequationdroite-mnist,2026-04-03 08:00:00+02:00,2026-04-03 09:00:00+02:00,2025-2026,2026-04-03,1,1,1,False,False,False,True,0,0,indetermine,0,0,indetermine,indetermine,petite_salve_sans_capytale,False
U0087,368b3e07-48f8-4e8d-a63d-af498fe9adb6,w9RWJk,3518185,MathAData - Statistiques pour la classification d'images de chiffres- 2nde,stats-moyenne-histogramme-mnist,2026-04-04 13:00:00+02:00,2026-04-04 14:00:00+02:00,2025-2026,2026-04-04,1,2,1,False,False,False,True,0,0,indetermine,0,0,indetermine,indetermine,petite_salve_sans_capytale,False
U0204,e863593d-1634-433a-9412-38d5f4cd06f3,TSD4cy,5862412,MathAData - Droite et produit scalaire pour la classification d'images - 1ere,geometry1eredroiteproduitscalaire-mnist,2026-04-05 14:00:00+02:00,2026-04-05 15:00:00+02:00,2025-2026,2026-04-05,1,1,1,False,False,False,True,0,0,indetermine,1,1,indetermine,indetermine,petite_salve_sans_capytale,False
U0088,368b3e07-48f8-4e8d-a63d-af498fe9adb6,w9RWJk,3518185,MathAData - Statistiques pour la classification d'images de chiffres- 2nde,stats-moyenne-histogramme-mnist,2026-04-06 16:00:00+02:00,2026-04-06 17:00:00+02:00,2025-2026,2026-04-06,1,1,1,False,False,False,True,0,0,indetermine,0,0,indetermine,indetermine,petite_salve_sans_capytale,False
U0182,cb7d460c-0f1b-49bd-b2a2-8e3403b14a8b,kaAxEq,3515488,MathAData - Équation réduite de droite pour la classification d'images de chiffres - 2nde,geometry2ndeequationdroite-mnist,2026-04-07 08:00:00+02:00,2026-04-07 13:00:00+02:00,2025-2026,2026-04-07,5,11,3,False,False,False,True,1,11,compatible_depannage,1,11,compatible_depannage,indetermine,,True
U0026,3231d7db-d3b8-4957-8bae-53db8691bbba,cNQxSu,6944347,MathAData - Statistiques pour surveiller la santé de foetus - 2nde,stats-moyenne-histogramme-fetal,2026-04-07 08:00:00+02:00,2026-04-07 12:00:00+02:00,2025-2026,2026-04-07,3,37,1,False,False,False,True,1,1,indetermine,1,1,indetermine,indetermine,petite_salve_avec_capytale_sous_seuil,True
U0089,368b3e07-48f8-4e8d-a63d-af498fe9adb6,w9RWJk,3518185,MathAData - Statistiques pour la classification d'images de chiffres- 2nde,stats-moyenne-histogramme-mnist,2026-04-07 09:00:00+02:00,2026-04-07 10:00:00+02:00,2025-2026,2026-04-07,1,8,1,False,False,False,True,0,0,indetermine,0,0,indetermine,compatible_remplacement,petite_salve_sans_capytale,False
U0136,b7c1fd64-4280-4af2-9e78-4880a6a88c84,e9tZ56,6659633,"MathAData- Géométrie repérée, milieu, distance, pour la classification d'images de chiffres - 2nde",geometry2ndemilieudistance-mnist,2026-04-08 08:00:00+02:00,2026-04-08 09:00:00+02:00,2025-2026,2026-04-08,1,1,1,False,False,False,True,0,0,indetermine,0,0,indetermine,indetermine,petite_salve_sans_capytale,False
U0090,368b3e07-48f8-4e8d-a63d-af498fe9adb6,w9RWJk,3518185,MathAData - Statistiques pour la classification d'images de chiffres- 2nde,stats-moyenne-histogramme-mnist,2026-04-08 09:00:00+02:00,2026-04-08 10:00:00+02:00,2025-2026,2026-04-08,1,2,2,False,False,False,True,0,0,indetermine,0,0,indetermine,indetermine,petite_salve_sans_capytale,False
U0183,cb7d460c-0f1b-49bd-b2a2-8e3403b14a8b,kaAxEq,3515488,MathAData - Équation réduite de droite pour la classification d'images de chiffres - 2nde,geometry2ndeequationdroite-mnist,2026-04-08 11:00:00+02:00,2026-04-08 13:00:00+02:00,2025-2026,2026-04-08,2,2,2,False,False,False,True,0,0,indetermine,0,0,indetermine,indetermine,petite_salve_sans_capytale,False
U0091,368b3e07-48f8-4e8d-a63d-af498fe9adb6,w9RWJk,3518185,MathAData - Statistiques pour la classification d'images de chiffres- 2nde,stats-moyenne-histogramme-mnist,2026-04-08 13:00:00+02:00,2026-04-08 17:00:00+02:00,2025-2026,2026-04-08,3,3,3,False,False,False,True,0,0,indetermine,0,0,indetermine,indetermine,petite_salve_sans_capytale,False
U0008,0344f35f-c7f3-47bd-ab81-258a4ca6088c,kc5KBw,8790616,MathAData - Équation cartésienne et vecteur directeur pour la classification d'images de chiffres - 2nde,geometry2ndedroitevecteurdirecteur-mnist,2026-04-08 14:00:00+02:00,2026-04-08 15:00:00+02:00,2025-2026,2026-04-08,1,2,1,False,False,False,True,0,0,indetermine,0,0,indetermine,indetermine,petite_salve_sans_capytale,False
U0184,cb7d460c-0f1b-49bd-b2a2-8e3403b14a8b,kaAxEq,3515488,MathAData - Équation réduite de droite pour la classification d'images de chiffres - 2nde,geometry2ndeequationdroite-mnist,2026-04-09 09:00:00+02:00,2026-04-09 10:00:00+02:00,2025-2026,2026-04-09,1,1,1,False,False,False,True,0,0,indetermine,0,0,indetermine,indetermine,petite_salve_sans_capytale,False
U0027,3231d7db-d3b8-4957-8bae-53db8691bbba,cNQxSu,6944347,MathAData - Statistiques pour surveiller la santé de foetus - 2nde,stats-moyenne-histogramme-fetal,2026-04-09 09:00:00+02:00,2026-04-09 10:00:00+02:00,2025-2026,2026-04-09,1,1,1,False,False,False,True,0,0,indetermine,0,0,indetermine,indetermine,petite_salve_sans_capytale,False
U0092,368b3e07-48f8-4e8d-a63d-af498fe9adb6,w9RWJk,3518185,MathAData - Statistiques pour la classification d'images de chiffres- 2nde,stats-moyenne-histogramme-mnist,2026-04-09 12:00:00+02:00,2026-04-09 16:00:00+02:00,2025-2026,2026-04-09,3,14,3,False,False,False,True,1,13,compatible_depannage,1,13,compatible_depannage,indetermine,,True
U0093,368b3e07-48f8-4e8d-a63d-af498fe9adb6,w9RWJk,3518185,MathAData - Statistiques pour la classification d'images de chiffres- 2nde,stats-moyenne-histogramme-mnist,2026-04-10 08:00:00+02:00,2026-04-10 09:00:00+02:00,2025-2026,2026-04-10,1,1,1,False,False,False,True,0,0,indetermine,0,0,indetermine,indetermine,petite_salve_sans_capytale,False
U0137,b7c1fd64-4280-4af2-9e78-4880a6a88c84,e9tZ56,6659633,"MathAData- Géométrie repérée, milieu, distance, pour la classification d'images de chiffres - 2nde",geometry2ndemilieudistance-mnist,2026-04-13 10:00:00+02:00,2026-04-13 13:00:00+02:00,2025-2026,2026-04-13,2,2,2,False,False,False,True,0,0,indetermine,0,0,indetermine,indetermine,petite_salve_sans_capytale,False
U0009,0344f35f-c7f3-47bd-ab81-258a4ca6088c,kc5KBw,8790616,MathAData - Équation cartésienne et vecteur directeur pour la classification d'images de chiffres - 2nde,geometry2ndedroitevecteurdirecteur-mnist,2026-04-13 10:00:00+02:00,2026-04-13 13:00:00+02:00,2025-2026,2026-04-13,2,2,2,False,False,False,True,0,0,indetermine,0,0,indetermine,indetermine,petite_salve_sans_capytale,False
U0185,cb7d460c-0f1b-49bd-b2a2-8e3403b14a8b,kaAxEq,3515488,MathAData - Équation réduite de droite pour la classification d'images de chiffres - 2nde,geometry2ndeequationdroite-mnist,2026-04-14 08:00:00+02:00,2026-04-14 09:00:00+02:00,2025-2026,2026-04-14,1,14,1,False,False,False,True,0,0,indetermine,0,0,indetermine,compatible_remplacement,petite_salve_sans_capytale,True
U0010,0344f35f-c7f3-47bd-ab81-258a4ca6088c,kc5KBw,8790616,MathAData - Équation cartésienne et vecteur directeur pour la classification d'images de chiffres - 2nde,geometry2ndedroitevecteurdirecteur-mnist,2026-04-18 10:00:00+02:00,2026-04-18 11:00:00+02:00,2025-2026,2026-04-18,1,1,1,False,False,False,True,0,0,indetermine,0,0,indetermine,indetermine,petite_salve_sans_capytale,False
U0138,b7c1fd64-4280-4af2-9e78-4880a6a88c84,e9tZ56,6659633,"MathAData- Géométrie repérée, milieu, distance, pour la classification d'images de chiffres - 2nde",geometry2ndemilieudistance-mnist,2026-04-20 13:00:00+02:00,2026-04-20 14:00:00+02:00,2025-2026,2026-04-20,1,1,1,False,False,False,True,0,0,indetermine,0,0,indetermine,indetermine,petite_salve_sans_capytale,False
U0094,368b3e07-48f8-4e8d-a63d-af498fe9adb6,w9RWJk,3518185,MathAData - Statistiques pour la classification d'images de chiffres- 2nde,stats-moyenne-histogramme-mnist,2026-04-21 08:00:00+02:00,2026-04-21 09:00:00+02:00,2025-2026,2026-04-21,1,1,1,False,False,False,True,0,0,indetermine,0,0,indetermine,indetermine,petite_salve_sans_capytale,False
U0095,368b3e07-48f8-4e8d-a63d-af498fe9adb6,w9RWJk,3518185,MathAData - Statistiques pour la classification d'images de chiffres- 2nde,stats-moyenne-histogramme-mnist,2026-04-22 06:00:00+02:00,2026-04-22 07:00:00+02:00,2025-2026,2026-04-22,1,1,1,False,False,False,True,0,0,indetermine,0,0,indetermine,indetermine,petite_salve_sans_capytale,False
U0186,cb7d460c-0f1b-49bd-b2a2-8e3403b14a8b,kaAxEq,3515488,MathAData - Équation réduite de droite pour la classification d'images de chiffres - 2nde,geometry2ndeequationdroite-mnist,2026-04-22 08:00:00+02:00,2026-04-22 09:00:00+02:00,2025-2026,2026-04-22,1,1,1,False,False,False,True,0,0,indetermine,0,0,indetermine,indetermine,petite_salve_sans_capytale,False
U0096,368b3e07-48f8-4e8d-a63d-af498fe9adb6,w9RWJk,3518185,MathAData - Statistiques pour la classification d'images de chiffres- 2nde,stats-moyenne-histogramme-mnist,2026-04-26 13:00:00+02:00,2026-04-26 14:00:00+02:00,2025-2026,2026-04-26,1,1,1,False,False,False,True,0,0,indetermine,0,0,indetermine,indetermine,petite_salve_sans_capytale,False
U0097,368b3e07-48f8-4e8d-a63d-af498fe9adb6,w9RWJk,3518185,MathAData - Statistiques pour la classification d'images de chiffres- 2nde,stats-moyenne-histogramme-mnist,2026-04-27 11:00:00+02:00,2026-04-27 12:00:00+02:00,2025-2026,2026-04-27,1,1,1,False,False,False,True,1,25,compatible_depannage,1,25,compatible_depannage,compatible_depannage,,False
U0028,3231d7db-d3b8-4957-8bae-53db8691bbba,cNQxSu,6944347,MathAData - Statistiques pour surveiller la santé de foetus - 2nde,stats-moyenne-histogramme-fetal,2026-04-27 11:00:00+02:00,2026-04-27 12:00:00+02:00,2025-2026,2026-04-27,1,20,1,False,False,False,True,0,0,indetermine,0,0,indetermine,compatible_remplacement,petite_salve_sans_capytale,True
U0187,cb7d460c-0f1b-49bd-b2a2-8e3403b14a8b,kaAxEq,3515488,MathAData - Équation réduite de droite pour la classification d'images de chiffres - 2nde,geometry2ndeequationdroite-mnist,2026-04-28 05:00:00+02:00,2026-04-28 06:00:00+02:00,2025-2026,2026-04-28,1,1,1,False,False,False,True,0,0,indetermine,0,0,indetermine,indetermine,petite_salve_sans_capytale,False
U0011,0344f35f-c7f3-47bd-ab81-258a4ca6088c,kc5KBw,8790616,MathAData - Équation cartésienne et vecteur directeur pour la classification d'images de chiffres - 2nde,geometry2ndedroitevecteurdirecteur-mnist,2026-04-28 05:00:00+02:00,2026-04-28 06:00:00+02:00,2025-2026,2026-04-28,1,1,1,False,False,False,True,0,0,indetermine,0,0,indetermine,indetermine,petite_salve_sans_capytale,False
U0205,e863593d-1634-433a-9412-38d5f4cd06f3,TSD4cy,5862412,MathAData - Droite et produit scalaire pour la classification d'images - 1ere,geometry1eredroiteproduitscalaire-mnist,2026-04-28 13:00:00+02:00,2026-04-28 14:00:00+02:00,2025-2026,2026-04-28,1,1,1,False,False,False,True,0,0,indetermine,0,0,indetermine,indetermine,petite_salve_sans_capytale,False
U0139,b7c1fd64-4280-4af2-9e78-4880a6a88c84,e9tZ56,6659633,"MathAData- Géométrie repérée, milieu, distance, pour la classification d'images de chiffres - 2nde",geometry2ndemilieudistance-mnist,2026-04-29 06:00:00+02:00,2026-04-29 07:00:00+02:00,2025-2026,2026-04-29,1,3,3,False,False,False,True,0,0,indetermine,0,0,indetermine,indetermine,petite_salve_sans_capytale,False
U0140,b7c1fd64-4280-4af2-9e78-4880a6a88c84,e9tZ56,6659633,"MathAData- Géométrie repérée, milieu, distance, pour la classification d'images de chiffres - 2nde",geometry2ndemilieudistance-mnist,2026-04-29 09:00:00+02:00,2026-04-29 11:00:00+02:00,2025-2026,2026-04-29,2,35,1,False,False,False,True,0,0,indetermine,0,0,indetermine,compatible_remplacement,petite_salve_sans_capytale,True
U0098,368b3e07-48f8-4e8d-a63d-af498fe9adb6,w9RWJk,3518185,MathAData - Statistiques pour la classification d'images de chiffres- 2nde,stats-moyenne-histogramme-mnist,2026-04-30 06:00:00+02:00,2026-04-30 11:00:00+02:00,2025-2026,2026-04-30,3,3,2,False,False,False,True,0,0,indetermine,0,0,indetermine,indetermine,petite_salve_sans_capytale,False
U0099,368b3e07-48f8-4e8d-a63d-af498fe9adb6,w9RWJk,3518185,MathAData - Statistiques pour la classification d'images de chiffres- 2nde,stats-moyenne-histogramme-mnist,2026-05-01 13:00:00+02:00,2026-05-01 14:00:00+02:00,2025-2026,2026-05-01,1,1,1,False,False,False,True,0,0,indetermine,0,0,indetermine,indetermine,petite_salve_sans_capytale,False
U0100,368b3e07-48f8-4e8d-a63d-af498fe9adb6,w9RWJk,3518185,MathAData - Statistiques pour la classification d'images de chiffres- 2nde,stats-moyenne-histogramme-mnist,2026-05-03 08:00:00+02:00,2026-05-03 09:00:00+02:00,2025-2026,2026-05-03,1,1,1,False,False,False,True,0,0,indetermine,0,0,indetermine,indetermine,petite_salve_sans_capytale,False
U0141,b7c1fd64-4280-4af2-9e78-4880a6a88c84,e9tZ56,6659633,"MathAData- Géométrie repérée, milieu, distance, pour la classification d'images de chiffres - 2nde",geometry2ndemilieudistance-mnist,2026-05-06 06:00:00+02:00,2026-05-06 07:00:00+02:00,2025-2026,2026-05-06,1,1,1,False,False,False,True,0,0,indetermine,0,0,indetermine,indetermine,petite_salve_sans_capytale,False
U0029,3231d7db-d3b8-4957-8bae-53db8691bbba,cNQxSu,6944347,MathAData - Statistiques pour surveiller la santé de foetus - 2nde,stats-moyenne-histogramme-fetal,2026-05-06 10:00:00+02:00,2026-05-06 11:00:00+02:00,2025-2026,2026-05-06,1,46,1,False,False,False,True,0,0,indetermine,0,0,indetermine,compatible_remplacement,petite_salve_sans_capytale,True
U0101,368b3e07-48f8-4e8d-a63d-af498fe9adb6,w9RWJk,3518185,MathAData - Statistiques pour la classification d'images de chiffres- 2nde,stats-moyenne-histogramme-mnist,2026-05-08 12:00:00+02:00,2026-05-08 13:00:00+02:00,2025-2026,2026-05-08,1,1,1,False,False,False,True,0,0,indetermine,0,0,indetermine,indetermine,petite_salve_sans_capytale,False
U0012,0344f35f-c7f3-47bd-ab81-258a4ca6088c,kc5KBw,8790616,MathAData - Équation cartésienne et vecteur directeur pour la classification d'images de chiffres - 2nde,geometry2ndedroitevecteurdirecteur-mnist,2026-05-12 11:00:00+02:00,2026-05-12 12:00:00+02:00,2025-2026,2026-05-12,1,1,1,False,False,False,True,0,0,indetermine,1,14,compatible_depannage,indetermine,petite_salve_sans_capytale,False
U0188,cb7d460c-0f1b-49bd-b2a2-8e3403b14a8b,kaAxEq,3515488,MathAData - Équation réduite de droite pour la classification d'images de chiffres - 2nde,geometry2ndeequationdroite-mnist,2026-05-13 09:00:00+02:00,2026-05-13 10:00:00+02:00,2025-2026,2026-05-13,1,1,1,False,False,False,True,0,0,indetermine,0,0,indetermine,indetermine,petite_salve_sans_capytale,False
U0142,b7c1fd64-4280-4af2-9e78-4880a6a88c84,e9tZ56,6659633,"MathAData- Géométrie repérée, milieu, distance, pour la classification d'images de chiffres - 2nde",geometry2ndemilieudistance-mnist,2026-05-13 09:00:00+02:00,2026-05-13 10:00:00+02:00,2025-2026,2026-05-13,1,1,1,False,False,False,True,0,0,indetermine,0,0,indetermine,indetermine,petite_salve_sans_capytale,False
U0102,368b3e07-48f8-4e8d-a63d-af498fe9adb6,w9RWJk,3518185,MathAData - Statistiques pour la classification d'images de chiffres- 2nde,stats-moyenne-histogramme-mnist,2026-05-14 20:00:00+02:00,2026-05-14 21:00:00+02:00,2025-2026,2026-05-14,1,1,1,False,False,False,True,0,0,indetermine,0,0,indetermine,indetermine,petite_salve_sans_capytale,False
U0103,368b3e07-48f8-4e8d-a63d-af498fe9adb6,w9RWJk,3518185,MathAData - Statistiques pour la classification d'images de chiffres- 2nde,stats-moyenne-histogramme-mnist,2026-05-15 08:00:00+02:00,2026-05-15 10:00:00+02:00,2025-2026,2026-05-15,2,2,2,False,False,False,True,0,0,indetermine,0,0,indetermine,indetermine,petite_salve_sans_capytale,False
U0104,368b3e07-48f8-4e8d-a63d-af498fe9adb6,w9RWJk,3518185,MathAData - Statistiques pour la classification d'images de chiffres- 2nde,stats-moyenne-histogramme-mnist,2026-05-18 07:00:00+02:00,2026-05-18 08:00:00+02:00,2025-2026,2026-05-18,1,1,1,False,False,False,True,0,0,indetermine,0,0,indetermine,indetermine,petite_salve_sans_capytale,False
U0030,3231d7db-d3b8-4957-8bae-53db8691bbba,cNQxSu,6944347,MathAData - Statistiques pour surveiller la santé de foetus - 2nde,stats-moyenne-histogramme-fetal,2026-05-18 11:00:00+02:00,2026-05-18 12:00:00+02:00,2025-2026,2026-05-18,1,1,1,False,False,False,True,0,0,indetermine,1,5,compatible_depannage,indetermine,petite_salve_sans_capytale,False
U0189,cb7d460c-0f1b-49bd-b2a2-8e3403b14a8b,kaAxEq,3515488,MathAData - Équation réduite de droite pour la classification d'images de chiffres - 2nde,geometry2ndeequationdroite-mnist,2026-05-18 15:00:00+02:00,2026-05-18 16:00:00+02:00,2025-2026,2026-05-18,1,1,1,False,False,False,True,0,0,indetermine,0,0,indetermine,indetermine,petite_salve_sans_capytale,False
U0105,368b3e07-48f8-4e8d-a63d-af498fe9adb6,w9RWJk,3518185,MathAData - Statistiques pour la classification d'images de chiffres- 2nde,stats-moyenne-histogramme-mnist,2026-05-19 10:00:00+02:00,2026-05-19 11:00:00+02:00,2025-2026,2026-05-19,1,1,1,False,False,False,True,0,0,indetermine,0,0,indetermine,indetermine,petite_salve_sans_capytale,False
U0106,368b3e07-48f8-4e8d-a63d-af498fe9adb6,w9RWJk,3518185,MathAData - Statistiques pour la classification d'images de chiffres- 2nde,stats-moyenne-histogramme-mnist,2026-05-19 13:00:00+02:00,2026-05-19 15:00:00+02:00,2025-2026,2026-05-19,2,31,3,False,False,False,True,1,4,indetermine,2,11,indetermine,indetermine,petite_salve_avec_capytale_sous_seuil,True
U0190,cb7d460c-0f1b-49bd-b2a2-8e3403b14a8b,kaAxEq,3515488,MathAData - Équation réduite de droite pour la classification d'images de chiffres - 2nde,geometry2ndeequationdroite-mnist,2026-05-19 15:00:00+02:00,2026-05-19 16:00:00+02:00,2025-2026,2026-05-19,1,2,2,False,False,False,True,0,0,indetermine,1,12,compatible_depannage,indetermine,petite_salve_sans_capytale,False
U0191,cb7d460c-0f1b-49bd-b2a2-8e3403b14a8b,kaAxEq,3515488,MathAData - Équation réduite de droite pour la classification d'images de chiffres - 2nde,geometry2ndeequationdroite-mnist,2026-05-20 07:00:00+02:00,2026-05-20 08:00:00+02:00,2025-2026,2026-05-20,1,9,1,False,False,False,True,0,0,indetermine,0,0,indetermine,compatible_remplacement,petite_salve_sans_capytale,False
U0107,368b3e07-48f8-4e8d-a63d-af498fe9adb6,w9RWJk,3518185,MathAData - Statistiques pour la classification d'images de chiffres- 2nde,stats-moyenne-histogramme-mnist,2026-05-21 17:00:00+02:00,2026-05-21 18:00:00+02:00,2025-2026,2026-05-21,1,8,4,False,False,False,True,0,0,indetermine,2,13,indetermine,compatible_remplacement,petite_salve_sans_capytale,False
U0108,368b3e07-48f8-4e8d-a63d-af498fe9adb6,w9RWJk,3518185,MathAData - Statistiques pour la classification d'images de chiffres- 2nde,stats-moyenne-histogramme-mnist,2026-05-21 20:00:00+02:00,2026-05-21 21:00:00+02:00,2025-2026,2026-05-21,1,1,1,False,False,False,True,0,0,indetermine,1,8,compatible_depannage,indetermine,petite_salve_sans_capytale,False
U0109,368b3e07-48f8-4e8d-a63d-af498fe9adb6,w9RWJk,3518185,MathAData - Statistiques pour la classification d'images de chiffres- 2nde,stats-moyenne-histogramme-mnist,2026-05-22 05:00:00+02:00,2026-05-22 06:00:00+02:00,2025-2026,2026-05-22,1,1,1,False,False,False,True,0,0,indetermine,0,0,indetermine,indetermine,petite_salve_sans_capytale,False
U0206,e863593d-1634-433a-9412-38d5f4cd06f3,TSD4cy,5862412,MathAData - Droite et produit scalaire pour la classification d'images - 1ere,geometry1eredroiteproduitscalaire-mnist,2026-05-26 12:00:00+02:00,2026-05-26 13:00:00+02:00,2025-2026,2026-05-26,1,11,1,False,False,False,True,1,1,indetermine,2,19,indetermine,indetermine,petite_salve_avec_capytale_sous_seuil,True
U0031,3231d7db-d3b8-4957-8bae-53db8691bbba,cNQxSu,6944347,MathAData - Statistiques pour surveiller la santé de foetus - 2nde,stats-moyenne-histogramme-fetal,2026-05-27 09:00:00+02:00,2026-05-27 10:00:00+02:00,2025-2026,2026-05-27,1,1,1,False,False,False,True,0,0,indetermine,0,0,indetermine,indetermine,petite_salve_sans_capytale,False
U0192,cb7d460c-0f1b-49bd-b2a2-8e3403b14a8b,kaAxEq,3515488,MathAData - Équation réduite de droite pour la classification d'images de chiffres - 2nde,geometry2ndeequationdroite-mnist,2026-05-27 12:00:00+02:00,2026-05-27 13:00:00+02:00,2025-2026,2026-05-27,1,1,1,False,False,False,True,0,0,indetermine,0,0,indetermine,indetermine,petite_salve_sans_capytale,False
U0013,0344f35f-c7f3-47bd-ab81-258a4ca6088c,kc5KBw,8790616,MathAData - Équation cartésienne et vecteur directeur pour la classification d'images de chiffres - 2nde,geometry2ndedroitevecteurdirecteur-mnist,2026-05-27 12:00:00+02:00,2026-05-27 13:00:00+02:00,2025-2026,2026-05-27,1,1,1,False,False,False,True,0,0,indetermine,0,0,indetermine,indetermine,petite_salve_sans_capytale,False
U0193,cb7d460c-0f1b-49bd-b2a2-8e3403b14a8b,kaAxEq,3515488,MathAData - Équation réduite de droite pour la classification d'images de chiffres - 2nde,geometry2ndeequationdroite-mnist,2026-05-27 20:00:00+02:00,2026-05-27 21:00:00+02:00,2025-2026,2026-05-27,1,1,1,False,False,False,True,0,0,indetermine,0,0,indetermine,indetermine,petite_salve_sans_capytale,False
U0110,368b3e07-48f8-4e8d-a63d-af498fe9adb6,w9RWJk,3518185,MathAData - Statistiques pour la classification d'images de chiffres- 2nde,stats-moyenne-histogramme-mnist,2026-05-27 20:00:00+02:00,2026-05-27 21:00:00+02:00,2025-2026,2026-05-27,1,2,1,False,False,False,True,0,0,indetermine,0,0,indetermine,indetermine,petite_salve_sans_capytale,False
U0111,368b3e07-48f8-4e8d-a63d-af498fe9adb6,w9RWJk,3518185,MathAData - Statistiques pour la classification d'images de chiffres- 2nde,stats-moyenne-histogramme-mnist,2026-05-28 08:00:00+02:00,2026-05-28 10:00:00+02:00,2025-2026,2026-05-28,2,3,1,False,False,False,True,1,1,indetermine,2,23,indetermine,indetermine,petite_salve_avec_capytale_sous_seuil,False
U0032,3231d7db-d3b8-4957-8bae-53db8691bbba,cNQxSu,6944347,MathAData - Statistiques pour surveiller la santé de foetus - 2nde,stats-moyenne-histogramme-fetal,2026-05-28 09:00:00+02:00,2026-05-28 10:00:00+02:00,2025-2026,2026-05-28,1,1,1,False,False,False,True,0,0,indetermine,1,3,indetermine,indetermine,petite_salve_sans_capytale,False
U0033,3231d7db-d3b8-4957-8bae-53db8691bbba,cNQxSu,6944347,MathAData - Statistiques pour surveiller la santé de foetus - 2nde,stats-moyenne-histogramme-fetal,2026-05-28 12:00:00+02:00,2026-05-28 13:00:00+02:00,2025-2026,2026-05-28,1,1,1,False,False,False,True,0,0,indetermine,1,3,indetermine,indetermine,petite_salve_sans_capytale,False
U0112,368b3e07-48f8-4e8d-a63d-af498fe9adb6,w9RWJk,3518185,MathAData - Statistiques pour la classification d'images de chiffres- 2nde,stats-moyenne-histogramme-mnist,2026-05-29 09:00:00+02:00,2026-05-29 12:00:00+02:00,2025-2026,2026-05-29,2,2,2,False,False,False,True,1,22,compatible_depannage,1,22,compatible_depannage,compatible_depannage,,False
U0113,368b3e07-48f8-4e8d-a63d-af498fe9adb6,w9RWJk,3518185,MathAData - Statistiques pour la classification d'images de chiffres- 2nde,stats-moyenne-histogramme-mnist,2026-05-29 16:00:00+02:00,2026-05-29 17:00:00+02:00,2025-2026,2026-05-29,1,1,1,False,False,False,True,0,0,indetermine,0,0,indetermine,indetermine,petite_salve_sans_capytale,False
U0114,368b3e07-48f8-4e8d-a63d-af498fe9adb6,w9RWJk,3518185,MathAData - Statistiques pour la classification d'images de chiffres- 2nde,stats-moyenne-histogramme-mnist,2026-05-30 10:00:00+02:00,2026-05-30 11:00:00+02:00,2025-2026,2026-05-30,1,1,1,False,False,False,True,0,0,indetermine,0,0,indetermine,indetermine,petite_salve_sans_capytale,False
U0115,368b3e07-48f8-4e8d-a63d-af498fe9adb6,w9RWJk,3518185,MathAData - Statistiques pour la classification d'images de chiffres- 2nde,stats-moyenne-histogramme-mnist,2026-06-01 08:00:00+02:00,2026-06-01 12:00:00+02:00,2025-2026,2026-06-01,3,7,2,False,False,False,True,1,22,compatible_depannage,1,22,compatible_depannage,indetermine,,False
U0116,368b3e07-48f8-4e8d-a63d-af498fe9adb6,w9RWJk,3518185,MathAData - Statistiques pour la classification d'images de chiffres- 2nde,stats-moyenne-histogramme-mnist,2026-06-02 06:00:00+02:00,2026-06-02 08:00:00+02:00,2025-2026,2026-06-02,2,23,2,False,False,False,True,0,0,indetermine,1,9,compatible_depannage,compatible_remplacement,petite_salve_sans_capytale,True
U0117,368b3e07-48f8-4e8d-a63d-af498fe9adb6,w9RWJk,3518185,MathAData - Statistiques pour la classification d'images de chiffres- 2nde,stats-moyenne-histogramme-mnist,2026-06-02 10:00:00+02:00,2026-06-02 12:00:00+02:00,2025-2026,2026-06-02,2,17,3,False,False,False,True,2,28,indetermine,2,28,indetermine,indetermine,petite_salve_plusieurs_capytale,True
U0194,cb7d460c-0f1b-49bd-b2a2-8e3403b14a8b,kaAxEq,3515488,MathAData - Équation réduite de droite pour la classification d'images de chiffres - 2nde,geometry2ndeequationdroite-mnist,2026-06-02 19:00:00+02:00,2026-06-02 20:00:00+02:00,2025-2026,2026-06-02,1,1,1,False,False,False,True,0,0,indetermine,0,0,indetermine,indetermine,petite_salve_sans_capytale,False
U0195,cb7d460c-0f1b-49bd-b2a2-8e3403b14a8b,kaAxEq,3515488,MathAData - Équation réduite de droite pour la classification d'images de chiffres - 2nde,geometry2ndeequationdroite-mnist,2026-06-03 06:00:00+02:00,2026-06-03 08:00:00+02:00,2025-2026,2026-06-03,2,12,2,False,False,False,True,0,0,indetermine,1,6,compatible_depannage,compatible_remplacement,petite_salve_sans_capytale,True
U0118,368b3e07-48f8-4e8d-a63d-af498fe9adb6,w9RWJk,3518185,MathAData - Statistiques pour la classification d'images de chiffres- 2nde,stats-moyenne-histogramme-mnist,2026-06-03 07:00:00+02:00,2026-06-03 08:00:00+02:00,2025-2026,2026-06-03,1,2,1,False,False,False,True,0,0,indetermine,0,0,indetermine,indetermine,petite_salve_sans_capytale,False
U0119,368b3e07-48f8-4e8d-a63d-af498fe9adb6,w9RWJk,3518185,MathAData - Statistiques pour la classification d'images de chiffres- 2nde,stats-moyenne-histogramme-mnist,2026-06-03 13:00:00+02:00,2026-06-03 14:00:00+02:00,2025-2026,2026-06-03,1,6,1,False,False,False,True,0,0,indetermine,0,0,indetermine,compatible_remplacement,petite_salve_sans_capytale,False
U0196,cb7d460c-0f1b-49bd-b2a2-8e3403b14a8b,kaAxEq,3515488,MathAData - Équation réduite de droite pour la classification d'images de chiffres - 2nde,geometry2ndeequationdroite-mnist,2026-06-04 07:00:00+02:00,2026-06-04 10:00:00+02:00,2025-2026,2026-06-04,3,15,2,False,False,False,True,0,0,indetermine,0,0,indetermine,compatible_remplacement,petite_salve_sans_capytale,True
U0120,368b3e07-48f8-4e8d-a63d-af498fe9adb6,w9RWJk,3518185,MathAData - Statistiques pour la classification d'images de chiffres- 2nde,stats-moyenne-histogramme-mnist,2026-06-04 13:00:00+02:00,2026-06-04 16:00:00+02:00,2025-2026,2026-06-04,3,11,2,False,False,False,True,2,19,indetermine,3,19,indetermine,indetermine,petite_salve_plusieurs_capytale,True
U0197,cb7d460c-0f1b-49bd-b2a2-8e3403b14a8b,kaAxEq,3515488,MathAData - Équation réduite de droite pour la classification d'images de chiffres - 2nde,geometry2ndeequationdroite-mnist,2026-06-04 15:00:00+02:00,2026-06-04 16:00:00+02:00,2025-2026,2026-06-04,1,1,1,False,False,False,True,0,0,indetermine,0,0,indetermine,indetermine,petite_salve_sans_capytale,False
U0121,368b3e07-48f8-4e8d-a63d-af498fe9adb6,w9RWJk,3518185,MathAData - Statistiques pour la classification d'images de chiffres- 2nde,stats-moyenne-histogramme-mnist,2026-06-05 09:00:00+02:00,2026-06-05 10:00:00+02:00,2025-2026,2026-06-05,1,6,1,False,False,False,True,0,0,indetermine,0,0,indetermine,compatible_remplacement,petite_salve_sans_capytale,False
U0122,368b3e07-48f8-4e8d-a63d-af498fe9adb6,w9RWJk,3518185,MathAData - Statistiques pour la classification d'images de chiffres- 2nde,stats-moyenne-histogramme-mnist,2026-06-08 14:00:00+02:00,2026-06-08 15:00:00+02:00,2025-2026,2026-06-08,1,2,1,False,False,False,True,1,6,compatible_depannage,1,6,compatible_depannage,compatible_depannage,,False
U0034,3231d7db-d3b8-4957-8bae-53db8691bbba,cNQxSu,6944347,MathAData - Statistiques pour surveiller la santé de foetus - 2nde,stats-moyenne-histogramme-fetal,2026-06-09 10:00:00+02:00,2026-06-09 11:00:00+02:00,2025-2026,2026-06-09,1,1,1,False,False,False,True,0,0,indetermine,0,0,indetermine,indetermine,petite_salve_sans_capytale,False
U0123,368b3e07-48f8-4e8d-a63d-af498fe9adb6,w9RWJk,3518185,MathAData - Statistiques pour la classification d'images de chiffres- 2nde,stats-moyenne-histogramme-mnist,2026-06-10 16:00:00+02:00,2026-06-10 18:00:00+02:00,2025-2026,2026-06-10,2,2,2,False,False,False,True,0,0,indetermine,0,0,indetermine,indetermine,petite_salve_sans_capytale,False
U0035,3231d7db-d3b8-4957-8bae-53db8691bbba,cNQxSu,6944347,MathAData - Statistiques pour surveiller la santé de foetus - 2nde,stats-moyenne-histogramme-fetal,2026-06-10 16:00:00+02:00,2026-06-10 17:00:00+02:00,2025-2026,2026-06-10,1,1,1,False,False,False,True,0,0,indetermine,0,0,indetermine,indetermine,petite_salve_sans_capytale,False
U0036,3231d7db-d3b8-4957-8bae-53db8691bbba,cNQxSu,6944347,MathAData - Statistiques pour surveiller la santé de foetus - 2nde,stats-moyenne-histogramme-fetal,2026-06-14 06:00:00+02:00,2026-06-14 07:00:00+02:00,2025-2026,2026-06-14,1,1,1,False,False,False,True,0,0,indetermine,0,0,indetermine,indetermine,petite_salve_sans_capytale,False
U0124,368b3e07-48f8-4e8d-a63d-af498fe9adb6,w9RWJk,3518185,MathAData - Statistiques pour la classification d'images de chiffres- 2nde,stats-moyenne-histogramme-mnist,2026-06-15 10:00:00+02:00,2026-06-15 11:00:00+02:00,2025-2026,2026-06-15,1,1,1,False,False,False,True,0,0,indetermine,0,0,indetermine,indetermine,petite_salve_sans_capytale,False
U0125,368b3e07-48f8-4e8d-a63d-af498fe9adb6,w9RWJk,3518185,MathAData - Statistiques pour la classification d'images de chiffres- 2nde,stats-moyenne-histogramme-mnist,2026-06-16 07:00:00+02:00,2026-06-16 09:00:00+02:00,2025-2026,2026-06-16,2,5,1,False,False,False,True,0,0,indetermine,0,0,indetermine,compatible_remplacement,petite_salve_sans_capytale,False
U0126,368b3e07-48f8-4e8d-a63d-af498fe9adb6,w9RWJk,3518185,MathAData - Statistiques pour la classification d'images de chiffres- 2nde,stats-moyenne-histogramme-mnist,2026-06-17 08:00:00+02:00,2026-06-17 09:00:00+02:00,2025-2026,2026-06-17,1,1,1,False,False,False,True,0,0,indetermine,0,0,indetermine,indetermine,petite_salve_sans_capytale,False
U0127,368b3e07-48f8-4e8d-a63d-af498fe9adb6,w9RWJk,3518185,MathAData - Statistiques pour la classification d'images de chiffres- 2nde,stats-moyenne-histogramme-mnist,2026-06-18 14:00:00+02:00,2026-06-18 15:00:00+02:00,2025-2026,2026-06-18,1,1,1,False,False,False,True,0,0,indetermine,0,0,indetermine,indetermine,petite_salve_sans_capytale,False
U0128,368b3e07-48f8-4e8d-a63d-af498fe9adb6,w9RWJk,3518185,MathAData - Statistiques pour la classification d'images de chiffres- 2nde,stats-moyenne-histogramme-mnist,2026-06-18 17:00:00+02:00,2026-06-18 18:00:00+02:00,2025-2026,2026-06-18,1,1,1,False,False,False,True,0,0,indetermine,0,0,indetermine,indetermine,petite_salve_sans_capytale,False
U0129,368b3e07-48f8-4e8d-a63d-af498fe9adb6,w9RWJk,3518185,MathAData - Statistiques pour la classification d'images de chiffres- 2nde,stats-moyenne-histogramme-mnist,2026-06-22 19:00:00+02:00,2026-06-22 20:00:00+02:00,2025-2026,2026-06-22,1,1,1,False,False,False,False,0,0,indetermine,0,0,indetermine,indetermine,,False
U0130,368b3e07-48f8-4e8d-a63d-af498fe9adb6,w9RWJk,3518185,MathAData - Statistiques pour la classification d'images de chiffres- 2nde,stats-moyenne-histogramme-mnist,2026-06-23 14:00:00+02:00,2026-06-23 15:00:00+02:00,2025-2026,2026-06-23,1,1,1,False,False,False,False,0,0,indetermine,0,0,indetermine,indetermine,,False
U0131,368b3e07-48f8-4e8d-a63d-af498fe9adb6,w9RWJk,3518185,MathAData - Statistiques pour la classification d'images de chiffres- 2nde,stats-moyenne-histogramme-mnist,2026-06-24 09:00:00+02:00,2026-06-24 10:00:00+02:00,2025-2026,2026-06-24,1,1,1,False,False,False,False,0,0,indetermine,0,0,indetermine,indetermine,,False
U0132,368b3e07-48f8-4e8d-a63d-af498fe9adb6,w9RWJk,3518185,MathAData - Statistiques pour la classification d'images de chiffres- 2nde,stats-moyenne-histogramme-mnist,2026-06-24 19:00:00+02:00,2026-06-24 20:00:00+02:00,2025-2026,2026-06-24,1,1,1,False,False,False,False,0,0,indetermine,0,0,indetermine,indetermine,,False
