pseudo,arch,behavior,n_eleves_uniq,n_sessions,n_activities_taught,n_tests,n_sy_taught,returned,returned_next_year,eligible_return,entry_sy,entry_month,entry_activity,entry_act_label,y1_sess,y1_el,y1_act,y1_max_sess,uai,type_etab,secteur,academie,departement,commune,ips,ips_bucket,n_prof_uai,site_present,etab_formed,form_month,taught_2425,taught_2526,active_2324,active_2425,active_2526
T000,deployeur_classe,testé_puis_enseigné,60,5,1,2,1,False,,False,2025-2026,1,3515488,Équation réduite de droite,5,60,1,26,0911913K,lycee,Public,Versailles,Essonne,Gif-sur-Yvette,145.1,favorise(>110),1.0,True,False,,False,True,False,False,True
T001,deployeur_classe,enseigné_sans_test,53,2,1,0,1,False,,False,2025-2026,5,3518185,Statistiques – classif. chiffres,2,53,1,27,0333273D,lycee,Public,Bordeaux,Gironde,Bègles,115.8,favorise(>110),3.0,True,True,2026-01,False,True,False,False,True
T002,deployeur_classe,enseigné_sans_test,49,3,1,0,1,False,,False,2025-2026,3,3518185,Statistiques – classif. chiffres,3,49,1,25,0624141P,lycee,Public,Lille,Pas-de-Calais,Calais,101.4,moyen(95-110),6.0,True,True,2024-10,False,True,False,False,True
T003,deployeur_classe,enseigné_sans_test,45,2,1,0,1,False,,False,2025-2026,9,3518185,Statistiques – classif. chiffres,2,45,1,25,0910727W,lycee,Public,Versailles,Essonne,Massy,111.6,favorise(>110),2.0,True,False,,False,True,False,False,True
T004,deployeur_classe,enseigné_sans_test,45,1,1,0,1,False,,False,2025-2026,4,3518185,Statistiques – classif. chiffres,1,45,1,45,0750693W,lycee,Public,Paris,Paris,Paris 15e  Arrondissement,132.7,favorise(>110),2.0,True,False,,False,True,False,False,True
T005,deployeur_classe,enseigné_sans_test,42,3,1,0,1,False,False,True,2024-2025,5,2548348,Intro IA – chiffres 2 et 7,3,62,1,41,0310036W,lycee,Public,Toulouse,Haute-Garonne,Toulouse,141.8,favorise(>110),2.0,False,False,,True,False,False,True,False
T006,deployeur_classe,enseigné_sans_test,41,1,1,0,1,False,,False,2025-2026,5,2548348,Intro IA – chiffres 2 et 7,1,41,1,41,0830025B,lycee,Public,Nice,Var,Hyères,105.5,moyen(95-110),1.0,False,False,,False,True,False,False,True
T007,deployeur_classe,enseigné_sans_test,41,2,1,0,1,False,False,True,2024-2025,11,3518185,Statistiques – classif. chiffres,2,41,1,21,0596925G,lycee,Public,Lille,Nord,Genech,129.9,favorise(>110),3.0,True,False,,True,False,False,True,False
T008,deployeur_classe,enseigné_sans_test,39,2,1,0,1,False,,False,2025-2026,12,3518185,Statistiques – classif. chiffres,2,39,1,23,0750673Z,lycee,Public,Paris,Paris,Paris 10e  Arrondissement,116.6,favorise(>110),2.0,False,False,,False,True,False,False,True
T009,deployeur_classe,enseigné_sans_test,38,4,1,0,1,False,False,True,2024-2025,4,2548348,Intro IA – chiffres 2 et 7,4,38,1,26,0780422K,lycee,Public,Versailles,Yvelines,Les Mureaux,101.8,moyen(95-110),2.0,False,False,,True,False,False,True,False
T010,deployeur_classe,enseigné_sans_test,38,3,1,0,1,False,,False,2025-2026,5,3518185,Statistiques – classif. chiffres,3,38,1,15,0620006V,lycee,Public,Lille,Pas-de-Calais,Arras,122.1,favorise(>110),1.0,True,False,,False,True,False,False,True
T011,deployeur_classe,enseigné_sans_test,36,5,1,0,1,False,False,True,2024-2025,11,3518185,Statistiques – classif. chiffres,5,36,1,15,0595867G,lycee,Public,Lille,Nord,Lille,106.5,moyen(95-110),1.0,True,False,,True,False,False,True,False
T012,deployeur_classe,enseigné_sans_test,36,1,1,0,1,False,False,True,2024-2025,3,3515488,Équation réduite de droite,1,36,1,36,0930124E,lycee,Public,Créteil,Seine-Saint-Denis,Pantin,86.5,faible(<95),1.0,False,False,,True,False,False,True,False
T013,deployeur_classe,enseigné_sans_test,36,3,1,0,1,False,False,True,2024-2025,6,2548348,Intro IA – chiffres 2 et 7,3,36,1,20,0310036W,lycee,Public,Toulouse,Haute-Garonne,Toulouse,141.8,favorise(>110),2.0,False,False,,True,False,False,True,False
T014,deployeur_classe,enseigné_puis_testé,36,3,1,1,1,False,,False,2025-2026,4,5909323,Challenge IA – réseau neurones,3,36,1,13,0940116R,lycee,Public,Créteil,Val-de-Marne,Maisons-Alfort,119.7,favorise(>110),1.0,False,False,,False,True,False,False,True
T015,deployeur_classe,enseigné_sans_test,35,1,1,0,1,False,,False,2025-2026,6,3518185,Statistiques – classif. chiffres,1,35,1,35,0100022V,lycee,Public,Reims,Aube,Troyes,107.5,moyen(95-110),2.0,True,False,,False,True,False,False,True
T016,deployeur_classe,enseigné_sans_test,33,3,1,0,1,False,False,True,2024-2025,1,2548348,Intro IA – chiffres 2 et 7,3,33,1,17,0590073J,lycee,Public,Lille,Nord,Dunkerque,111.7,favorise(>110),3.0,False,False,,True,False,False,True,False
T017,deployeur_classe,enseigné_sans_test,31,1,1,0,1,False,,False,2025-2026,2,9747648,Prototype équation réduite,1,31,1,31,0750702F,lycee,Public,Paris,Paris,Paris 16e  Arrondissement,140.6,favorise(>110),1.0,True,False,,False,True,False,False,True
T018,deployeur_classe,testé_puis_enseigné,31,1,1,1,1,False,,False,2025-2026,6,3515488,Équation réduite de droite,1,31,1,31,0333583R,lycee,Public,Bordeaux,Gironde,Créon,125.5,favorise(>110),1.0,True,True,2026-05,False,True,False,False,True
T019,deployeur_classe,enseigné_sans_test,30,2,1,0,1,False,False,True,2024-2025,6,2548348,Intro IA – chiffres 2 et 7,2,30,1,17,9840024D,lycee,Public,Polynésie Française,Polynésie Française,Bora-bora,,,1.0,False,False,,True,False,False,True,False
T020,deployeur_classe,testé_puis_enseigné,30,1,1,1,1,False,,False,2025-2026,4,3518185,Statistiques – classif. chiffres,1,30,1,30,0590119J,lycee,Public,Lille,Nord,Lille,128.8,favorise(>110),1.0,True,False,,False,True,False,False,True
T021,deployeur_classe,testé_puis_enseigné,29,1,1,1,1,False,,False,2025-2026,5,3518185,Statistiques – classif. chiffres,1,29,1,29,0492148U,lycee,Public,Nantes,Maine-et-Loire,Les Ponts-de-Cé,114.0,favorise(>110),1.0,False,False,,False,True,False,False,True
T022,deployeur_classe,enseigné_sans_test,29,3,1,0,1,False,,False,2025-2026,6,2548348,Intro IA – chiffres 2 et 7,3,29,1,18,0400933X,lycee,Public,Bordeaux,Landes,Saint-Vincent-de-Tyrosse,119.4,favorise(>110),1.0,True,False,,False,True,False,False,True
T023,deployeur_classe,testé_puis_enseigné,28,1,1,2,1,False,,False,2025-2026,2,6944347,Statistiques – santé fœtus,1,28,1,28,0597005U,lycee,Public,Lille,Nord,Estaires,99.4,moyen(95-110),1.0,True,True,2025-11,False,True,False,False,True
T024,deployeur_classe,enseigné_sans_test,28,1,1,0,1,False,,False,2025-2026,6,3518185,Statistiques – classif. chiffres,1,28,1,28,0332745E,lycee,Public,Bordeaux,Gironde,Blanquefort,121.8,favorise(>110),1.0,True,True,2026-05,False,True,False,False,True
T025,deployeur_classe,enseigné_sans_test,28,1,1,0,1,False,,False,2025-2026,12,3518185,Statistiques – classif. chiffres,1,28,1,28,0060031B,lycee,Public,Nice,Alpes-Maritimes,Nice,117.5,favorise(>110),1.0,True,False,,False,True,False,False,True
T026,deployeur_classe,enseigné_sans_test,28,2,1,0,1,False,,False,2025-2026,6,3518185,Statistiques – classif. chiffres,2,28,1,16,0750693W,lycee,Public,Paris,Paris,Paris 15e  Arrondissement,132.7,favorise(>110),2.0,True,False,,False,True,False,False,True
T027,deployeur_classe,enseigné_sans_test,28,1,1,0,1,False,,False,2025-2026,6,8790616,Équation cartésienne,1,28,1,28,0350710G,lycee,Public,Rennes,Ille-et-Vilaine,Rennes,139.1,favorise(>110),1.0,False,False,,False,True,False,False,True
T028,deployeur_classe,enseigné_sans_test,28,1,1,0,1,False,False,True,2024-2025,4,3515488,Équation réduite de droite,1,28,1,28,0780422K,lycee,Public,Versailles,Yvelines,Les Mureaux,101.8,moyen(95-110),2.0,False,False,,True,False,False,True,False
T029,deployeur_classe,enseigné_sans_test,28,3,1,0,1,False,,False,2025-2026,2,6944347,Statistiques – santé fœtus,3,28,1,26,0492123S,lycee,Public,Nantes,Maine-et-Loire,Angers,105.9,moyen(95-110),1.0,True,False,,False,True,False,False,True
T030,deployeur_classe,enseigné_sans_test,27,2,1,0,1,False,,False,2025-2026,3,8790616,Équation cartésienne,2,27,1,26,0601826J,lycee,Public,Amiens,Oise,Senlis,118.5,favorise(>110),1.0,True,False,,False,True,False,False,True
T031,deployeur_classe,testé_puis_enseigné,27,1,1,1,1,False,,False,2025-2026,5,8790616,Équation cartésienne,1,27,1,27,0590093F,lycee,Public,Lille,Nord,Haubourdin,109.1,moyen(95-110),2.0,True,False,,False,True,False,False,True
T032,deployeur_classe,testé_puis_enseigné,26,1,1,1,1,False,,False,2025-2026,5,2548348,Intro IA – chiffres 2 et 7,1,26,1,26,0931430Z,lycee,Public,Créteil,Seine-Saint-Denis,La Courneuve,80.8,faible(<95),1.0,False,False,,False,True,False,False,True
T033,deployeur_classe,enseigné_sans_test,26,3,1,0,1,False,False,True,2024-2025,12,3518185,Statistiques – classif. chiffres,3,26,1,24,,,,,,,,,,False,False,,True,False,False,True,False
T034,deployeur_classe,enseigné_puis_testé,26,1,1,1,1,False,,False,2025-2026,3,3518185,Statistiques – classif. chiffres,1,26,1,26,0624141P,lycee,Public,Lille,Pas-de-Calais,Calais,101.4,moyen(95-110),6.0,True,True,2024-10,False,True,False,False,True
T035,deployeur_classe,enseigné_puis_testé,26,3,1,1,1,False,,False,2025-2026,5,3518185,Statistiques – classif. chiffres,3,26,1,17,0910727W,lycee,Public,Versailles,Essonne,Massy,111.6,favorise(>110),2.0,True,False,,False,True,False,False,True
T036,deployeur_classe,enseigné_sans_test,26,2,1,0,1,False,,False,2025-2026,5,3518185,Statistiques – classif. chiffres,2,26,1,13,0590117G,lycee,Public,Lille,Nord,Lille,115.4,favorise(>110),4.0,True,True,2024-10,False,True,False,False,True
T037,deployeur_classe,enseigné_sans_test,25,2,1,0,1,False,,False,2025-2026,5,5909323,Challenge IA – réseau neurones,2,25,1,24,0942269F,lycee,Public,Créteil,Val-de-Marne,Chevilly-Larue,97.3,moyen(95-110),1.0,True,False,,False,True,False,False,True
T038,deployeur_classe,testé_puis_enseigné,25,1,1,3,1,False,False,True,2024-2025,12,2548348,Intro IA – chiffres 2 et 7,1,25,1,25,0590073J,lycee,Public,Lille,Nord,Dunkerque,111.7,favorise(>110),3.0,False,False,,True,False,False,True,False
T039,deployeur_classe,testé_puis_enseigné,25,2,1,2,1,False,,False,2025-2026,1,6659633,Géométrie repérée (milieu/dist.),2,26,1,25,0492089E,lycee,Public,Nantes,Maine-et-Loire,Angers,108.0,moyen(95-110),1.0,False,False,,False,True,False,False,True
T040,deployeur_classe,enseigné_sans_test,25,5,1,0,1,False,,False,2025-2026,5,5909323,Challenge IA – réseau neurones,5,25,1,12,0060668U,lycee,Privé,Nice,Alpes-Maritimes,Antibes,143.6,favorise(>110),1.0,False,False,,False,True,False,False,True
T041,deployeur_classe,enseigné_sans_test,24,1,1,0,1,False,False,True,2024-2025,5,3515488,Équation réduite de droite,1,24,1,24,0951710T,lycee,Public,Versailles,Val-d'Oise,Vauréal,119.1,favorise(>110),2.0,False,False,,True,False,False,True,False
T042,deployeur_classe,testé_puis_enseigné,24,2,1,2,1,False,,False,2025-2026,3,3518185,Statistiques – classif. chiffres,2,24,1,23,0140013N,lycee,Public,Normandie,Calvados,Caen,129.1,favorise(>110),1.0,True,False,,False,True,False,False,True
T043,deployeur_classe,enseigné_puis_testé,24,3,1,1,1,False,False,True,2024-2025,5,2548348,Intro IA – chiffres 2 et 7,3,24,1,12,0840003X,lycee,Public,Aix-Marseille,Vaucluse,Avignon,112.9,favorise(>110),1.0,False,False,,True,False,False,True,False
T044,deployeur_classe,enseigné_sans_test,23,2,1,0,1,False,,False,2025-2026,5,6944347,Statistiques – santé fœtus,2,23,1,22,0922801V,lycee,Public,Versailles,Hauts-de-Seine,Boulogne-Billancourt,120.3,favorise(>110),1.0,False,False,,False,True,False,False,True
T045,deployeur_classe,enseigné_sans_test,23,2,1,0,1,False,False,True,2024-2025,3,3518185,Statistiques – classif. chiffres,2,23,1,22,0620140R,lycee,Public,Lille,Pas-de-Calais,Montreuil-sur-Mer,103.0,moyen(95-110),4.0,True,True,2024-10,True,False,False,True,False
T046,deployeur_classe,enseigné_sans_test,23,1,1,0,1,False,,False,2025-2026,3,3518185,Statistiques – classif. chiffres,1,23,1,23,0490001K,lycee,Public,Nantes,Maine-et-Loire,Angers,126.1,favorise(>110),2.0,True,False,,False,True,False,False,True
T047,deployeur_classe,enseigné_sans_test,22,4,1,0,1,False,,False,2025-2026,2,3518185,Statistiques – classif. chiffres,4,22,1,19,,,,,,,,,,False,False,,False,True,False,False,True
T048,deployeur_classe,enseigné_puis_testé,22,3,1,2,1,False,False,True,2024-2025,6,3515488,Équation réduite de droite,3,30,1,15,9840002E,lycee,Public,Polynésie Française,Polynésie Française,Papeete,,,4.0,False,False,,True,False,False,True,False
T049,deployeur_classe,testé_puis_enseigné,22,1,1,1,1,False,,False,2025-2026,5,8790616,Équation cartésienne,1,22,1,22,0750703G,lycee,Public,Paris,Paris,Paris 16e  Arrondissement,130.2,favorise(>110),2.0,True,False,,False,True,False,False,True
T050,deployeur_classe,enseigné_sans_test,21,1,1,0,1,False,,False,2025-2026,6,3515488,Équation réduite de droite,1,21,1,21,0313228R,lycee,Public,Toulouse,Haute-Garonne,Auterive,,,1.0,False,False,,False,True,False,False,True
T051,deployeur_classe,enseigné_sans_test,21,4,1,0,1,False,False,True,2024-2025,5,3518185,Statistiques – classif. chiffres,4,21,1,15,0951710T,lycee,Public,Versailles,Val-d'Oise,Vauréal,119.1,favorise(>110),2.0,False,False,,True,False,False,True,False
T052,deployeur_classe,enseigné_sans_test,20,1,1,0,1,False,False,True,2024-2025,5,5862412,Droite & produit scalaire,1,21,1,21,0772243V,lycee,Public,Créteil,Seine-et-Marne,Pontault-Combault,113.7,favorise(>110),1.0,False,False,,True,False,False,True,False
T053,deployeur_classe,enseigné_puis_testé,20,1,1,1,1,False,,False,2025-2026,6,8790616,Équation cartésienne,1,20,1,20,0120006S,lycee,Public,Toulouse,Aveyron,Decazeville,102.7,moyen(95-110),1.0,True,False,,False,True,False,False,True
T054,deployeur_classe,enseigné_sans_test,20,1,1,0,1,False,False,True,2024-2025,3,3518185,Statistiques – classif. chiffres,1,20,1,20,0750711R,lycee,Public,Paris,Paris,Paris 19e  Arrondissement,103.7,moyen(95-110),2.0,False,False,,True,False,False,True,False
T055,deployeur_classe,testé_puis_enseigné,20,1,1,4,1,False,,False,2025-2026,3,6944347,Statistiques – santé fœtus,1,20,1,20,0590101P,lycee,Public,Lille,Nord,Hazebrouck,112.2,favorise(>110),3.0,True,False,,False,True,False,True,True
T056,deployeur_classe,testé_puis_enseigné,20,2,1,1,1,False,,False,2025-2026,9,3518185,Statistiques – classif. chiffres,2,20,1,12,0281047L,lycee,Public,Orléans-Tours,Eure-et-Loir,Chartres,107.7,moyen(95-110),1.0,True,False,,False,True,False,False,True
T057,deployeur_classe,testé_puis_enseigné,19,1,1,1,1,False,,False,2025-2026,1,3515488,Équation réduite de droite,1,19,1,19,0592921E,lycee,Privé,Lille,Nord,Roubaix,101.4,moyen(95-110),1.0,True,False,,False,True,False,False,True
T058,deployeur_classe,enseigné_sans_test,19,1,1,0,1,False,,False,2025-2026,5,3515488,Équation réduite de droite,1,19,1,19,9840002E,lycee,Public,Polynésie Française,Polynésie Française,Papeete,,,4.0,False,False,,False,True,False,False,True
T059,deployeur_classe,enseigné_puis_testé,19,2,1,1,1,False,False,True,2024-2025,6,3515488,Équation réduite de droite,2,19,1,14,0300950V,lycee,Public,Montpellier,Gard,Bagnols-sur-Cèze,102.7,moyen(95-110),2.0,True,True,2025-04,True,False,False,True,False
T060,deployeur_classe,enseigné_sans_test,19,3,1,0,1,False,False,True,2024-2025,6,2548348,Intro IA – chiffres 2 et 7,3,19,1,9,0261505V,lycee,Public,Grenoble,Drôme,Valence,106.7,moyen(95-110),1.0,False,False,,True,False,False,True,False
T061,deployeur_classe,enseigné_sans_test,18,2,1,0,1,False,,False,2025-2026,5,8790616,Équation cartésienne,2,18,1,10,0950650R,lycee,Public,Versailles,Val-d'Oise,Sarcelles,81.4,faible(<95),2.0,True,False,,False,True,False,False,True
T062,deployeur_classe,testé_puis_enseigné,18,1,1,1,1,False,,False,2025-2026,12,3518185,Statistiques – classif. chiffres,1,18,1,18,0950650R,lycee,Public,Versailles,Val-d'Oise,Sarcelles,81.4,faible(<95),2.0,True,False,,False,True,False,False,True
T063,deployeur_classe,enseigné_sans_test,18,1,1,0,1,False,,False,2025-2026,4,2548348,Intro IA – chiffres 2 et 7,1,18,1,18,0830050D,lycee,Public,Nice,Var,La Seyne-sur-Mer,108.4,moyen(95-110),1.0,True,False,,False,True,False,False,True
T064,deployeur_classe,enseigné_sans_test,17,1,1,0,1,False,,False,2025-2026,3,5862412,Droite & produit scalaire,1,18,1,18,0624141P,lycee,Public,Lille,Pas-de-Calais,Calais,101.4,moyen(95-110),6.0,True,True,2024-10,False,True,False,False,True
T065,deployeur_classe,testé_puis_enseigné,17,1,1,1,1,False,,False,2025-2026,5,6944347,Statistiques – santé fœtus,1,17,1,17,0670007U,lycee,Public,Strasbourg,Bas-Rhin,Bouxwiller,115.8,favorise(>110),1.0,False,False,,False,True,False,False,True
T066,deployeur_classe,enseigné_puis_testé,17,2,1,1,1,False,,False,2025-2026,5,2548348,Intro IA – chiffres 2 et 7,2,17,1,16,0350011X,lycee,Public,Rennes,Ille-et-Vilaine,Fougères,107.3,moyen(95-110),1.0,True,False,,False,True,False,False,True
T067,deployeur_classe,enseigné_sans_test,17,5,1,0,1,False,False,True,2024-2025,5,3518185,Statistiques – classif. chiffres,5,17,1,8,0500035S,college,Public,Normandie,Manche,Gavray-sur-Sienne,92.6,faible(<95),1.0,False,False,,True,False,False,True,False
T068,deployeur_classe,enseigné_sans_test,17,1,1,0,1,False,False,True,2024-2025,6,2548348,Intro IA – chiffres 2 et 7,1,17,1,17,0500002F,lycee,Public,Normandie,Manche,Avranches,109.9,moyen(95-110),1.0,False,False,,True,False,False,True,False
T069,deployeur_classe,testé_puis_enseigné,17,2,1,2,1,False,False,True,2024-2025,6,2548348,Intro IA – chiffres 2 et 7,2,34,1,32,9840002E,lycee,Public,Polynésie Française,Polynésie Française,Papeete,,,4.0,False,False,,True,False,False,True,False
T070,deployeur_classe,enseigné_sans_test,16,1,1,0,1,False,,False,2025-2026,6,8790616,Équation cartésienne,1,16,1,16,0781949V,lycee,Public,Versailles,Yvelines,Guyancourt,114.7,favorise(>110),2.0,True,True,2026-05,False,True,False,False,True
T071,deployeur_classe,enseigné_sans_test,16,2,1,0,1,False,,False,2025-2026,4,3515488,Équation réduite de droite,2,16,1,15,0100022V,lycee,Public,Reims,Aube,Troyes,107.5,moyen(95-110),2.0,True,False,,False,True,False,False,True
T072,deployeur_classe,enseigné_sans_test,16,1,1,0,1,False,False,True,2024-2025,3,3518185,Statistiques – classif. chiffres,1,16,1,16,0590110Z,lycee,Public,Lille,Nord,Lambersart,116.1,favorise(>110),2.0,False,False,,True,False,False,True,False
T073,deployeur_classe,testé_puis_enseigné,16,1,1,1,1,False,,False,2025-2026,2,2548348,Intro IA – chiffres 2 et 7,1,16,1,16,0620140R,lycee,Public,Lille,Pas-de-Calais,Montreuil-sur-Mer,103.0,moyen(95-110),4.0,True,True,2024-10,False,True,False,False,True
T074,deployeur_classe,testé_puis_enseigné,16,2,1,1,1,False,,False,2025-2026,6,3518185,Statistiques – classif. chiffres,2,16,1,10,0620140R,lycee,Public,Lille,Pas-de-Calais,Montreuil-sur-Mer,103.0,moyen(95-110),4.0,True,True,2024-10,False,True,False,False,True
T075,deployeur_classe,enseigné_sans_test,15,2,1,0,1,False,False,True,2024-2025,4,2548348,Intro IA – chiffres 2 et 7,2,15,1,9,X,,,,,,,,1.0,False,False,,True,False,False,True,False
T076,deployeur_classe,testé_puis_enseigné,15,1,1,1,1,False,,False,2025-2026,3,3518185,Statistiques – classif. chiffres,1,15,1,15,0750680G,lycee,Public,Paris,Paris,Paris 12e  Arrondissement,122.7,favorise(>110),1.0,False,False,,False,True,False,False,True
T077,deployeur_classe,enseigné_sans_test,15,1,1,0,1,False,False,True,2024-2025,12,2548348,Intro IA – chiffres 2 et 7,1,15,1,15,,,,,,,,,,False,False,,True,False,False,True,False
T078,deployeur_classe,testé_puis_enseigné,15,1,1,1,1,False,,False,2025-2026,4,3515488,Équation réduite de droite,1,15,1,15,0660004W,lycee,Public,Montpellier,Pyrénées-Orientales,Céret,100.0,moyen(95-110),2.0,True,True,2026-04,False,True,False,False,True
T079,deployeur_classe,enseigné_puis_testé,15,1,1,1,1,False,,False,2025-2026,4,3518185,Statistiques – classif. chiffres,1,15,1,15,0492061Z,lycee,Public,Nantes,Maine-et-Loire,Angers,121.3,favorise(>110),1.0,False,False,,False,True,False,False,True
T080,deployeur_classe,enseigné_puis_testé,15,4,1,2,1,False,,False,2025-2026,4,5909323,Challenge IA – réseau neurones,4,15,1,11,0623915U,lycee,Public,Lille,Pas-de-Calais,Wingles,106.5,moyen(95-110),1.0,True,False,,False,True,False,False,True
T081,deployeur_classe,testé_puis_enseigné,15,1,1,1,1,False,,False,2025-2026,6,3515488,Équation réduite de droite,1,15,1,15,0771512A,lycee,Public,Créteil,Seine-et-Marne,Lagny-sur-Marne,114.0,favorise(>110),2.0,False,False,,False,True,False,False,True
T082,deployeur_classe,testé_puis_enseigné,15,2,1,4,1,False,False,True,2024-2025,5,2548348,Intro IA – chiffres 2 et 7,2,15,1,14,0601863Z,lycee,Public,Amiens,Oise,Compiègne,106.8,moyen(95-110),2.0,True,False,,True,False,False,True,False
T083,deployeur_classe,enseigné_puis_testé,14,1,1,1,1,False,,False,2025-2026,5,8790616,Équation cartésienne,1,14,1,14,0781898P,lycee,Public,Versailles,Yvelines,Poissy,126.0,favorise(>110),1.0,True,False,,False,True,False,False,True
T084,deployeur_classe,enseigné_sans_test,14,2,1,0,1,False,False,True,2024-2025,12,3518185,Statistiques – classif. chiffres,2,14,1,13,0590011S,lycee,Public,Lille,Nord,Armentières,111.8,favorise(>110),2.0,False,False,,True,False,False,True,False
T085,deployeur_classe,enseigné_puis_testé,14,1,1,1,1,False,False,True,2024-2025,5,2548348,Intro IA – chiffres 2 et 7,1,14,1,14,0300950V,lycee,Public,Montpellier,Gard,Bagnols-sur-Cèze,102.7,moyen(95-110),2.0,True,True,2025-04,True,False,False,True,False
T086,deployeur_classe,enseigné_puis_testé,14,2,1,2,1,False,,False,2025-2026,4,3518185,Statistiques – classif. chiffres,2,14,1,13,0750796H,lycee,Public,Paris,Paris,Paris 16e  Arrondissement,108.0,moyen(95-110),1.0,True,False,,False,True,False,False,True
T087,deployeur_classe,enseigné_sans_test,14,1,1,0,1,False,False,True,2024-2025,4,3515488,Équation réduite de droite,1,14,1,14,0600002B,lycee,Public,Amiens,Oise,Beauvais,102.0,moyen(95-110),2.0,True,True,2025-04,True,False,False,True,False
T088,deployeur_classe,enseigné_sans_test,13,1,1,0,1,False,,False,2025-2026,3,6659633,Géométrie repérée (milieu/dist.),1,13,1,13,0922579D,college,Public,Versailles,Hauts-de-Seine,Nanterre,146.2,favorise(>110),1.0,False,False,,False,True,False,False,True
T089,deployeur_classe,enseigné_puis_testé,12,1,1,1,1,False,False,True,2023-2024,4,2548348,Intro IA – chiffres 2 et 7,1,12,1,12,0800010B,lycee,Public,Amiens,Somme,Amiens,117.4,favorise(>110),1.0,False,False,,False,False,True,False,False
T090,deployeur_classe,enseigné_sans_test,12,4,1,0,1,False,False,True,2023-2024,4,2548348,Intro IA – chiffres 2 et 7,4,12,1,9,0180005H,lycee,Public,Orléans-Tours,Cher,Bourges,108.6,moyen(95-110),1.0,False,False,,False,False,True,False,False
T091,deployeur_classe,enseigné_sans_test,12,1,1,0,1,False,False,True,2023-2024,5,2548348,Intro IA – chiffres 2 et 7,1,12,1,12,0080804F,lycee,Public,Reims,Ardennes,Rethel,,,1.0,True,False,,False,False,True,False,False
T092,deployeur_classe,testé_puis_enseigné,12,1,1,1,1,False,,False,2025-2026,1,2548348,Intro IA – chiffres 2 et 7,1,12,1,12,0492430A,lycee,Public,Nantes,Maine-et-Loire,Beaupréau-en-Mauges,103.9,moyen(95-110),1.0,False,False,,False,True,False,False,True
T093,deployeur_classe,enseigné_sans_test,11,1,1,0,1,False,,False,2025-2026,11,3515488,Équation réduite de droite,1,11,1,11,0130051K,lycee,Public,Aix-Marseille,Bouches-du-Rhône,Marseille  5e  Arrondissement,90.6,faible(<95),1.0,False,False,,False,True,False,False,True
T094,deployeur_classe,enseigné_sans_test,11,3,1,0,1,False,,False,2025-2026,3,3518185,Statistiques – classif. chiffres,3,11,1,4,0930120A,lycee,Public,Créteil,Seine-Saint-Denis,Epinay-sur-Seine,85.3,faible(<95),1.0,True,False,,False,True,False,False,True
T095,deployeur_classe,enseigné_sans_test,11,1,1,0,1,False,,False,2025-2026,1,3518185,Statistiques – classif. chiffres,1,11,1,11,0260015A,lycee,Public,Grenoble,Drôme,Montélimar,112.6,favorise(>110),1.0,False,False,,False,True,False,False,True
T096,deployeur_classe,testé_puis_enseigné,11,2,1,3,1,False,False,True,2024-2025,5,3518185,Statistiques – classif. chiffres,2,11,1,6,0130010R,lycee,Public,Aix-Marseille,Bouches-du-Rhône,Arles,91.8,faible(<95),1.0,True,False,,True,False,False,True,False
T097,deployeur_classe,enseigné_sans_test,11,3,1,0,1,False,False,True,2024-2025,4,3515488,Équation réduite de droite,3,11,1,7,0600002B,lycee,Public,Amiens,Oise,Beauvais,102.0,moyen(95-110),2.0,True,True,2025-04,True,False,False,True,False
T098,deployeur_classe,enseigné_sans_test,10,1,1,0,1,False,False,True,2024-2025,6,3518185,Statistiques – classif. chiffres,1,10,1,10,0590121L,lycee,Public,Lille,Nord,Lille,95.8,moyen(95-110),3.0,True,False,,True,False,False,True,False
T099,deployeur_classe,enseigné_puis_testé,9,4,1,1,1,False,False,True,2023-2024,5,2548348,Intro IA – chiffres 2 et 7,4,9,1,6,0951763A,lycee,Public,Versailles,Val-d'Oise,Taverny,107.8,moyen(95-110),1.0,False,False,,False,False,True,False,False
T100,deployeur_classe,testé_puis_enseigné,9,1,1,2,1,False,False,True,2024-2025,6,3515488,Équation réduite de droite,1,9,1,9,0750673Z,lycee,Public,Paris,Paris,Paris 10e  Arrondissement,116.6,favorise(>110),2.0,False,False,,True,False,False,True,False
T101,deployeur_classe,enseigné_sans_test,9,1,1,0,1,False,False,True,2024-2025,1,5197770,MathAData in English – geometry,1,9,1,9,,,,,,,,,,False,False,,True,False,False,True,False
T102,deployeur_classe,enseigné_puis_testé,9,1,1,1,1,False,,False,2025-2026,10,3515488,Équation réduite de droite,1,9,1,9,0932726H,college,Public,Créteil,Seine-Saint-Denis,Aubervilliers,88.7,faible(<95),1.0,False,False,,False,True,False,False,True
T103,deployeur_classe,enseigné_sans_test,5,5,1,0,1,False,False,True,2023-2024,6,2548348,Intro IA – chiffres 2 et 7,5,5,1,1,0750668U,lycee,Public,Paris,Paris,Paris  9e  Arrondissement,125.8,favorise(>110),1.0,True,False,,False,False,True,False,False
T104,deployeur_classe,enseigné_sans_test,3,3,1,0,1,False,False,True,2023-2024,6,2548348,Intro IA – chiffres 2 et 7,3,3,1,1,0840001V,lycee,Public,Aix-Marseille,Vaucluse,Apt,99.5,moyen(95-110),1.0,False,False,,False,False,True,False,False
T105,explorateur_multi,enseigné_sans_test,67,3,2,0,1,False,,False,2025-2026,2,6944347,Statistiques – santé fœtus,3,67,2,29,0750648X,lycee,Public,Paris,Paris,Paris  3e  Arrondissement,138.9,favorise(>110),1.0,True,False,,False,True,False,False,True
T106,explorateur_multi,testé_puis_enseigné,53,2,2,1,1,False,,False,2025-2026,2,3518185,Statistiques – classif. chiffres,2,53,2,31,0770930T,lycee,Public,Créteil,Seine-et-Marne,Meaux,105.7,moyen(95-110),2.0,True,False,,False,True,False,False,True
T107,explorateur_multi,testé_puis_enseigné,49,4,2,1,1,False,,False,2025-2026,3,3518185,Statistiques – classif. chiffres,4,54,2,28,0624141P,lycee,Public,Lille,Pas-de-Calais,Calais,101.4,moyen(95-110),6.0,True,True,2024-10,False,True,False,True,True
T108,explorateur_multi,testé_puis_enseigné,42,2,2,3,1,False,,False,2025-2026,5,5862412,Droite & produit scalaire,2,42,2,23,0441552Y,lycee,Public,Nantes,Loire-Atlantique,Nantes,113.2,favorise(>110),1.0,True,False,,False,True,False,False,True
T109,explorateur_multi,enseigné_puis_testé,32,2,2,1,1,False,,False,2025-2026,1,3518185,Statistiques – classif. chiffres,2,55,2,29,0762601P,lycee,Public,Normandie,Seine-Maritime,Neufchâtel-en-Bray,95.8,moyen(95-110),1.0,True,False,,False,True,False,False,True
T110,explorateur_multi,testé_puis_enseigné,32,3,2,1,1,False,,False,2025-2026,1,3518185,Statistiques – classif. chiffres,3,58,2,27,0590117G,lycee,Public,Lille,Nord,Lille,115.4,favorise(>110),4.0,True,True,2024-10,False,True,False,False,True
T111,explorateur_multi,enseigné_sans_test,32,5,2,0,1,False,,False,2025-2026,5,3515488,Équation réduite de droite,5,39,2,20,0442094M,lycee,Public,Nantes,Loire-Atlantique,Orvault,124.8,favorise(>110),2.0,True,False,,False,True,False,False,True
T112,explorateur_multi,enseigné_sans_test,32,2,2,0,1,False,,False,2025-2026,4,3515488,Équation réduite de droite,2,32,2,18,0660004W,lycee,Public,Montpellier,Pyrénées-Orientales,Céret,100.0,moyen(95-110),2.0,True,True,2026-04,False,True,False,False,True
T113,explorateur_multi,enseigné_sans_test,31,3,2,0,1,False,,False,2025-2026,6,3518185,Statistiques – classif. chiffres,3,37,2,22,0301862L,lycee,Public,Montpellier,Gard,Sommières,120.3,favorise(>110),1.0,True,False,,False,True,False,False,True
T114,explorateur_multi,enseigné_sans_test,26,4,2,0,1,False,False,True,2024-2025,6,2548348,Intro IA – chiffres 2 et 7,4,38,2,12,0910625K,lycee,Public,Versailles,Essonne,Montgeron,109.0,moyen(95-110),1.0,True,False,,True,False,False,True,False
T115,explorateur_multi,enseigné_sans_test,23,2,2,0,1,False,False,True,2024-2025,5,3515488,Équation réduite de droite,2,23,2,21,0754042L,lycee,Privé,Paris,Paris,Paris 13e  Arrondissement,131.3,favorise(>110),1.0,False,False,,True,False,False,True,False
T116,explorateur_multi,enseigné_puis_testé,23,4,2,1,1,False,,False,2025-2026,5,6944347,Statistiques – santé fœtus,4,38,2,13,0752248L,college,Public,Paris,Paris,Paris  2e  Arrondissement,130.4,favorise(>110),1.0,True,True,2026-01,False,True,False,False,True
T117,explorateur_multi,enseigné_sans_test,21,2,2,0,1,False,,False,2025-2026,5,5862412,Droite & produit scalaire,2,21,2,20,0670002N,lycee,Public,Strasbourg,Bas-Rhin,Barr,114.4,favorise(>110),1.0,True,False,,False,True,False,False,True
T118,explorateur_multi,enseigné_sans_test,18,4,2,0,1,False,,False,2025-2026,6,3518185,Statistiques – classif. chiffres,4,20,2,8,9840002E,lycee,Public,Polynésie Française,Polynésie Française,Papeete,,,4.0,False,False,,False,True,False,False,True
T119,explorateur_multi,testé_puis_enseigné,14,3,2,2,1,False,,False,2025-2026,3,3518185,Statistiques – classif. chiffres,3,14,2,9,0920136Y,lycee,Public,Versailles,Hauts-de-Seine,Clichy,94.3,faible(<95),1.0,True,False,,False,True,False,False,True
T120,explorateur_multi,enseigné_sans_test,12,2,2,0,1,False,,False,2025-2026,4,3518185,Statistiques – classif. chiffres,2,21,2,11,0921399W,lycee,Public,Versailles,Hauts-de-Seine,Montrouge,106.1,moyen(95-110),1.0,True,False,,False,True,False,False,True
T121,explorateur_multi,enseigné_sans_test,11,2,2,0,1,False,False,True,2024-2025,5,2548348,Intro IA – chiffres 2 et 7,2,18,2,11,0310047H,lycee,Public,Toulouse,Haute-Garonne,Toulouse,126.4,favorise(>110),1.0,True,False,,True,False,False,True,False
T122,explorateur_multi,enseigné_sans_test,9,4,2,0,1,False,,False,2025-2026,6,3515488,Équation réduite de droite,4,14,2,6,,,,,,,,,,False,False,,False,True,False,False,True
T123,explorateur_multi,enseigné_puis_testé,4,3,2,3,1,False,,False,2025-2026,11,3515488,Équation réduite de droite,3,5,2,2,0640228A,college,Public,Bordeaux,Pyrénées-Atlantiques,Hendaye,104.4,moyen(95-110),1.0,True,False,,False,True,False,False,True
T124,explorateur_multi,testé_puis_enseigné,3,3,2,2,1,False,,False,2025-2026,6,3518185,Statistiques – classif. chiffres,3,5,2,2,0590102R,lycee,Public,Lille,Nord,Hazebrouck,82.9,faible(<95),4.0,True,True,2026-02,False,True,False,False,True
T125,fidele_pluriannuel,enseigné_puis_testé,63,4,2,1,2,True,True,True,2024-2025,12,2548348,Intro IA – chiffres 2 et 7,2,33,2,31,0590117G,lycee,Public,Lille,Nord,Lille,115.4,favorise(>110),4.0,True,True,2024-10,True,True,False,True,True
T126,fidele_pluriannuel,enseigné_sans_test,47,4,2,0,2,True,True,True,2024-2025,4,3515488,Équation réduite de droite,2,24,1,21,,,,,,,,,,False,False,,True,True,False,True,True
T127,fidele_pluriannuel,testé_puis_enseigné,46,2,2,2,2,True,True,True,2024-2025,1,3518185,Statistiques – classif. chiffres,1,29,1,29,0590011S,lycee,Public,Lille,Nord,Armentières,111.8,favorise(>110),2.0,False,False,,True,True,False,True,True
T128,fidele_pluriannuel,enseigné_sans_test,45,3,2,0,2,True,True,True,2024-2025,2,3518185,Statistiques – classif. chiffres,2,46,2,25,0620140R,lycee,Public,Lille,Pas-de-Calais,Montreuil-sur-Mer,103.0,moyen(95-110),4.0,True,True,2024-10,True,True,False,True,True
T129,fidele_pluriannuel,enseigné_sans_test,44,4,1,0,2,True,True,True,2024-2025,6,3515488,Équation réduite de droite,3,26,1,13,0342090M,lycee,Public,Montpellier,Hérault,Lunel,117.2,favorise(>110),1.0,True,True,2026-03,True,True,False,True,True
T130,fidele_pluriannuel,enseigné_sans_test,35,4,1,0,2,True,True,True,2024-2025,4,2548348,Intro IA – chiffres 2 et 7,2,23,1,13,0672806L,lycee,Public,Strasbourg,Bas-Rhin,Strasbourg,94.3,faible(<95),1.0,False,False,,True,True,False,True,True
T131,fidele_pluriannuel,enseigné_sans_test,33,2,1,0,2,True,True,True,2024-2025,6,2548348,Intro IA – chiffres 2 et 7,1,19,1,19,0313083H,lycee,Public,Toulouse,Haute-Garonne,Gragnague,129.5,favorise(>110),1.0,True,False,,True,True,False,True,True
T132,fidele_pluriannuel,enseigné_sans_test,33,2,2,0,2,True,True,True,2024-2025,6,2548348,Intro IA – chiffres 2 et 7,1,7,1,7,0600013N,lycee,Public,Amiens,Oise,Clermont,110.1,favorise(>110),1.0,False,False,,True,True,False,True,True
T133,fidele_pluriannuel,testé_puis_enseigné,32,3,1,2,2,True,True,True,2024-2025,1,3515488,Équation réduite de droite,2,13,1,12,0140014P,lycee,Public,Normandie,Calvados,Caen,113.8,favorise(>110),1.0,False,False,,True,True,False,True,True
T134,fidele_pluriannuel,enseigné_sans_test,31,3,1,0,2,True,True,True,2023-2024,4,2548348,Intro IA – chiffres 2 et 7,2,11,1,10,0331668J,lycee,Public,Bordeaux,Gironde,Mérignac,92.4,faible(<95),1.0,False,False,,True,False,True,True,False
T135,fidele_pluriannuel,testé_puis_enseigné,27,3,2,1,2,True,True,True,2024-2025,2,2548348,Intro IA – chiffres 2 et 7,2,25,2,15,0590121L,lycee,Public,Lille,Nord,Lille,95.8,moyen(95-110),3.0,True,False,,True,True,False,True,True
T136,fidele_pluriannuel,enseigné_puis_testé,25,3,1,1,2,True,True,True,2023-2024,4,2548348,Intro IA – chiffres 2 et 7,1,2,1,2,0951723G,lycee,Public,Versailles,Val-d'Oise,Herblay-sur-Seine,121.4,favorise(>110),1.0,False,False,,True,False,True,True,False
T137,fidele_pluriannuel,enseigné_sans_test,13,4,1,0,2,True,True,True,2024-2025,5,2548348,Intro IA – chiffres 2 et 7,2,5,1,4,0600021X,lycee,Public,Amiens,Oise,Creil,84.5,faible(<95),1.0,False,False,,True,True,False,True,True
T138,petit_groupe,testé_puis_enseigné,8,2,1,1,1,False,,False,2025-2026,2,3518185,Statistiques – classif. chiffres,2,8,1,4,0930833A,lycee,Public,Créteil,Seine-Saint-Denis,Aulnay-sous-Bois,93.0,faible(<95),1.0,True,False,,False,True,False,False,True
T139,petit_groupe,enseigné_puis_testé,8,1,1,1,1,False,,False,2025-2026,5,5909323,Challenge IA – réseau neurones,1,8,1,8,,,,,,,,,,False,False,,False,True,False,False,True
T140,petit_groupe,enseigné_sans_test,8,1,1,0,1,False,,False,2025-2026,2,3518185,Statistiques – classif. chiffres,1,8,1,8,0280021W,lycee,Public,Orléans-Tours,Eure-et-Loir,Dreux,102.3,moyen(95-110),1.0,True,False,,False,True,False,False,True
T141,petit_groupe,enseigné_sans_test,8,1,1,0,1,False,,False,2025-2026,5,3515488,Équation réduite de droite,1,8,1,8,0442094M,lycee,Public,Nantes,Loire-Atlantique,Orvault,124.8,favorise(>110),2.0,True,False,,False,True,False,False,True
T142,petit_groupe,enseigné_sans_test,8,1,1,0,1,False,False,True,2023-2024,5,2548348,Intro IA – chiffres 2 et 7,1,8,1,8,0762976X,lycee,Public,Normandie,Seine-Maritime,Le Havre,83.7,faible(<95),1.0,False,False,,False,False,True,False,False
T143,petit_groupe,enseigné_sans_test,7,1,1,0,1,False,,False,2025-2026,5,5909323,Challenge IA – réseau neurones,1,7,1,7,0420008F,lycee,Public,Lyon,Loire,Charlieu,108.1,moyen(95-110),1.0,False,False,,False,True,False,False,True
T144,petit_groupe,enseigné_puis_testé,7,1,1,1,1,False,False,True,2024-2025,4,3515488,Équation réduite de droite,1,7,1,7,2050024M,,,,,,,,1.0,False,False,,True,False,False,True,False
T145,petit_groupe,enseigné_sans_test,6,1,1,0,1,False,False,True,2023-2024,7,2548348,Intro IA – chiffres 2 et 7,1,6,1,6,,,,,,,,,,False,False,,False,False,True,False,False
T146,petit_groupe,enseigné_sans_test,6,1,1,0,1,False,False,True,2024-2025,6,2548348,Intro IA – chiffres 2 et 7,1,6,1,6,0782540M,lycee,Public,Versailles,Yvelines,Mantes-la-Jolie,89.3,faible(<95),1.0,False,False,,True,False,False,True,False
T147,petit_groupe,testé_puis_enseigné,6,2,1,1,1,False,,False,2025-2026,2,2548348,Intro IA – chiffres 2 et 7,2,6,1,4,0890005X,lycee,Public,Dijon,Yonne,Auxerre,95.5,moyen(95-110),1.0,False,False,,False,True,False,False,True
T148,petit_groupe,enseigné_sans_test,6,1,1,0,1,False,,False,2025-2026,6,2548348,Intro IA – chiffres 2 et 7,1,6,1,6,0951756T,lycee,Public,Versailles,Val-d'Oise,Cergy,111.0,favorise(>110),1.0,False,False,,False,True,False,False,True
T149,petit_groupe,testé_puis_enseigné,6,2,1,1,1,False,,False,2025-2026,3,3518185,Statistiques – classif. chiffres,2,6,1,4,0590198V,lycee,Public,Lille,Nord,Dunkerque,76.9,faible(<95),1.0,True,True,2026-02,False,True,False,False,True
T150,petit_groupe,enseigné_sans_test,5,2,1,0,1,False,False,True,2023-2024,5,2548348,Intro IA – chiffres 2 et 7,2,5,1,4,0940742W,lycee,Public,Créteil,Val-de-Marne,Limeil-Brévannes,103.1,moyen(95-110),1.0,True,False,,False,False,True,False,False
T151,petit_groupe,enseigné_sans_test,5,1,1,0,1,False,,False,2025-2026,2,6944347,Statistiques – santé fœtus,1,7,1,7,0590223X,lycee,Public,Lille,Nord,Valenciennes,95.7,moyen(95-110),1.0,True,True,2025-11,False,True,False,False,True
T152,petit_groupe,enseigné_sans_test,5,2,1,0,1,False,,False,2025-2026,6,3518185,Statistiques – classif. chiffres,2,5,1,4,9840001D,lycee,Public,Polynésie Française,Polynésie Française,Uturoa,,,1.0,False,False,,False,True,False,False,True
T153,petit_groupe,testé_puis_enseigné,4,1,1,2,1,False,False,True,2024-2025,5,2548348,Intro IA – chiffres 2 et 7,1,4,1,4,0311323V,lycee,Public,Toulouse,Haute-Garonne,Toulouse,101.2,moyen(95-110),1.0,False,False,,True,False,False,True,False
T154,petit_groupe,enseigné_sans_test,4,1,1,0,1,False,False,True,2024-2025,6,2548348,Intro IA – chiffres 2 et 7,1,4,1,4,0952284S,lycee,Public,Versailles,Val-d'Oise,Cormeilles-en-Parisis,123.9,favorise(>110),1.0,False,False,,True,False,False,True,False
T155,petit_groupe,enseigné_sans_test,4,1,1,0,1,False,,False,2025-2026,6,6944347,Statistiques – santé fœtus,1,4,1,4,0930122C,lycee,Public,Créteil,Seine-Saint-Denis,Montreuil,96.4,moyen(95-110),1.0,False,False,,False,True,False,False,True
T156,petit_groupe,enseigné_sans_test,4,2,1,0,1,False,False,True,2024-2025,4,2548348,Intro IA – chiffres 2 et 7,2,4,1,3,0382920T,lycee,Public,Grenoble,Isère,Echirolles,105.1,moyen(95-110),1.0,True,False,,True,False,False,True,False
T157,petit_groupe,enseigné_puis_testé,4,1,1,1,1,False,,False,2025-2026,1,3534169,Challenge MNIST – meilleur pixel,1,4,1,4,,,,,,,,,,False,False,,False,True,False,False,True
T158,petit_groupe,enseigné_sans_test,4,1,1,0,1,False,False,True,2024-2025,1,2548348,Intro IA – chiffres 2 et 7,1,4,1,4,0596925G,lycee,Public,Lille,Nord,Genech,129.9,favorise(>110),3.0,True,False,,True,False,False,True,False
T159,petit_groupe,enseigné_sans_test,4,2,1,0,1,False,,False,2025-2026,12,3515488,Équation réduite de droite,2,5,1,4,0620189U,lycee,Public,Lille,Pas-de-Calais,Calais,79.5,faible(<95),1.0,True,True,2026-02,False,True,False,False,True
T160,petit_groupe,testé_puis_enseigné,4,1,1,1,1,False,False,True,2024-2025,5,5862412,Droite & produit scalaire,1,4,1,4,0320002D,lycee,Public,Toulouse,Gers,Auch,118.6,favorise(>110),1.0,True,False,,True,False,False,True,False
T161,petit_groupe,enseigné_sans_test,4,1,1,0,1,False,,False,2025-2026,6,3518185,Statistiques – classif. chiffres,1,4,1,4,0312746S,lycee,Public,Toulouse,Haute-Garonne,Tournefeuille,125.5,favorise(>110),1.0,False,False,,False,True,False,False,True
T162,petit_groupe,testé_puis_enseigné,3,2,2,1,1,False,,False,2025-2026,6,3518185,Statistiques – classif. chiffres,2,4,2,3,0590102R,lycee,Public,Lille,Nord,Hazebrouck,82.9,faible(<95),4.0,True,True,2026-02,False,True,False,False,True
T163,petit_groupe,enseigné_sans_test,3,1,1,0,1,False,False,True,2023-2024,5,2548348,Intro IA – chiffres 2 et 7,1,3,1,3,0561534N,lycee,Public,Rennes,Morbihan,Auray,119.4,favorise(>110),1.0,False,False,,False,False,True,False,False
T164,petit_groupe,enseigné_sans_test,3,1,1,0,1,False,,False,2025-2026,6,3534169,Challenge MNIST – meilleur pixel,1,3,1,3,0271582Y,lycee,Public,Normandie,Eure,Val-de-Reuil,100.8,moyen(95-110),1.0,False,False,,False,True,False,False,True
T165,petit_groupe,enseigné_puis_testé,3,2,1,1,1,False,,False,2025-2026,10,3518185,Statistiques – classif. chiffres,2,3,1,2,0641941M,college,Privé,Bordeaux,Pyrénées-Atlantiques,Ciboure,124.1,favorise(>110),1.0,True,False,,False,True,False,False,True
T166,petit_groupe,enseigné_sans_test,2,1,1,0,1,False,False,True,2024-2025,6,3515488,Équation réduite de droite,1,2,1,2,0781859X,lycee,Public,Versailles,Yvelines,Aubergenville,120.5,favorise(>110),1.0,True,False,,True,False,False,True,False
T167,petit_groupe,testé_puis_enseigné,2,1,1,1,1,False,False,True,2024-2025,3,3534169,Challenge MNIST – meilleur pixel,1,2,1,2,0540070H,lycee,Public,Nancy-Metz,Meurthe-et-Moselle,Vandoeuvre-lès-Nancy,110.9,favorise(>110),1.0,False,False,,True,False,False,True,False
T168,petit_groupe,enseigné_sans_test,2,1,1,0,1,False,,False,2025-2026,5,2548348,Intro IA – chiffres 2 et 7,1,2,1,2,0920137Z,lycee,Public,Versailles,Hauts-de-Seine,Colombes,95.7,moyen(95-110),1.0,True,False,,False,True,False,False,True
T169,petit_groupe,enseigné_sans_test,2,2,1,0,1,False,False,True,2023-2024,5,3518185,Statistiques – classif. chiffres,2,2,1,1,0750690T,lycee,Public,Paris,Paris,Paris 14e  Arrondissement,99.6,moyen(95-110),1.0,False,False,,False,False,True,False,False
T170,petit_groupe,testé_puis_enseigné,2,1,1,1,1,False,False,True,2024-2025,4,2548348,Intro IA – chiffres 2 et 7,1,2,1,2,0771512A,lycee,Public,Créteil,Seine-et-Marne,Lagny-sur-Marne,114.0,favorise(>110),2.0,False,False,,True,False,False,True,False
T171,petit_groupe,enseigné_sans_test,1,1,1,0,1,False,False,True,2024-2025,5,2548348,Intro IA – chiffres 2 et 7,1,1,1,1,9840004G,,,,,,,,1.0,False,False,,True,False,False,True,False
T172,petit_groupe,enseigné_sans_test,1,1,1,0,1,False,,False,2025-2026,5,6944347,Statistiques – santé fœtus,1,1,1,1,,,,,,,,,,False,False,,False,True,False,False,True
T173,petit_groupe,enseigné_sans_test,1,1,1,0,1,False,,False,2025-2026,5,5862412,Droite & produit scalaire,1,1,1,1,0911632E,lycee,Public,Versailles,Essonne,Arpajon,122.6,favorise(>110),1.0,True,True,2026-05,False,True,False,False,True
T174,petit_groupe,enseigné_sans_test,1,1,1,0,1,False,False,True,2024-2025,4,2548348,Intro IA – chiffres 2 et 7,1,1,1,1,,,,,,,,,,False,False,,True,False,False,True,False
T175,petit_groupe,enseigné_sans_test,1,1,1,0,1,False,False,True,2024-2025,5,3515488,Équation réduite de droite,1,1,1,1,0490001K,lycee,Public,Nantes,Maine-et-Loire,Angers,126.1,favorise(>110),2.0,True,False,,True,False,False,True,False
T176,petit_groupe,enseigné_sans_test,1,1,1,0,1,False,,False,2025-2026,1,5862412,Droite & produit scalaire,1,1,1,1,,,,,,,,,,False,False,,False,True,False,False,True
T177,petit_groupe,enseigné_sans_test,1,1,1,0,1,False,False,True,2024-2025,6,2548348,Intro IA – chiffres 2 et 7,1,1,1,1,0590122M,lycee,Public,Lille,Nord,La Madeleine,85.9,faible(<95),1.0,True,False,,True,False,False,True,False
T178,petit_groupe,enseigné_puis_testé,1,1,1,1,1,False,,False,2025-2026,1,6944347,Statistiques – santé fœtus,1,1,1,1,0020034B,lycee,Public,Amiens,Aisne,Laon,98.2,moyen(95-110),1.0,True,False,,False,True,False,False,True
T179,petit_groupe,enseigné_sans_test,1,1,1,0,1,False,,False,2025-2026,3,2548348,Intro IA – chiffres 2 et 7,1,1,1,1,0622276M,lycee,Public,Lille,Pas-de-Calais,Berck,98.4,moyen(95-110),1.0,True,False,,False,True,False,False,True
T180,petit_groupe,enseigné_sans_test,1,1,1,0,1,False,,False,2025-2026,5,3518185,Statistiques – classif. chiffres,1,1,1,1,0320025D,lycee,Public,Toulouse,Gers,Nogaro,97.3,moyen(95-110),1.0,False,False,,False,True,False,False,True
T181,petit_groupe,enseigné_sans_test,1,1,1,0,1,False,False,True,2024-2025,3,2548348,Intro IA – chiffres 2 et 7,1,2,1,2,0782568T,lycee,Public,Versailles,Yvelines,Le Vésinet,143.7,favorise(>110),1.0,True,False,,True,False,False,True,False
T182,petit_groupe,enseigné_sans_test,1,1,1,0,1,False,False,True,2024-2025,3,2548348,Intro IA – chiffres 2 et 7,1,1,1,1,,,,,,,,,,False,False,,True,False,False,True,False
T183,petit_groupe,enseigné_sans_test,1,1,1,0,1,False,,False,2025-2026,5,3515488,Équation réduite de droite,1,1,1,1,0930119Z,lycee,Public,Créteil,Seine-Saint-Denis,Drancy,82.3,faible(<95),1.0,True,False,,False,True,False,False,True
T184,petit_groupe,enseigné_puis_testé,1,1,1,5,1,False,False,True,2024-2025,2,3515488,Équation réduite de droite,1,1,1,1,,,,,,,,,,False,False,,True,False,False,True,False
T185,petit_groupe,enseigné_sans_test,1,1,1,0,1,False,False,True,2024-2025,1,2548348,Intro IA – chiffres 2 et 7,1,1,1,1,,,,,,,,,,False,False,,True,False,False,True,False
T186,pionnier_intensif,enseigné_puis_testé,404,48,7,4,3,True,True,True,2023-2024,5,2548348,Intro IA – chiffres 2 et 7,6,10,2,3,0590093F,lycee,Public,Lille,Nord,Haubourdin,109.1,moyen(95-110),2.0,True,False,,True,True,True,True,True
T187,pionnier_intensif,enseigné_sans_test,140,7,1,0,1,False,,False,2025-2026,3,3518185,Statistiques – classif. chiffres,7,152,1,46,0333273D,lycee,Public,Bordeaux,Gironde,Bègles,115.8,favorise(>110),3.0,True,True,2026-01,False,True,False,False,True
T188,pionnier_intensif,enseigné_puis_testé,110,47,4,2,2,True,True,True,2024-2025,4,3534169,Challenge MNIST – meilleur pixel,10,49,3,22,0690023A,lycee,Public,Lyon,Rhône,Lyon 2e  Arrondissement,124.0,favorise(>110),1.0,True,False,,True,True,False,True,True
T189,pionnier_intensif,enseigné_sans_test,99,10,1,0,3,True,True,True,2023-2024,5,2548348,Intro IA – chiffres 2 et 7,1,1,1,1,,,,,,,,,,False,False,,True,True,True,True,True
T190,pionnier_intensif,enseigné_sans_test,96,47,2,0,2,True,True,True,2024-2025,12,3518185,Statistiques – classif. chiffres,3,31,1,12,0596925G,lycee,Public,Lille,Nord,Genech,129.9,favorise(>110),3.0,True,False,,True,True,False,True,True
T191,pionnier_intensif,enseigné_sans_test,95,7,1,0,1,False,,False,2025-2026,2,5909323,Challenge IA – réseau neurones,7,95,1,33,0951788C,lycee,Public,Versailles,Val-d'Oise,Domont,116.2,favorise(>110),1.0,True,False,,False,True,False,False,True
T192,pionnier_intensif,enseigné_sans_test,90,7,2,0,1,False,,False,2025-2026,3,6659633,Géométrie repérée (milieu/dist.),7,129,2,27,0333273D,lycee,Public,Bordeaux,Gironde,Bègles,115.8,favorise(>110),3.0,True,True,2026-01,False,True,False,False,True
T193,pionnier_intensif,enseigné_puis_testé,84,4,1,3,1,False,,False,2025-2026,5,3515488,Équation réduite de droite,4,84,1,33,0230051F,lycee,Public,Limoges,Creuse,Guéret,103.8,moyen(95-110),1.0,True,False,,False,True,False,False,True
T194,pionnier_intensif,enseigné_sans_test,79,4,3,0,2,True,True,True,2024-2025,2,3518185,Statistiques – classif. chiffres,1,26,1,26,0624141P,lycee,Public,Lille,Pas-de-Calais,Calais,101.4,moyen(95-110),6.0,True,True,2024-10,True,True,False,True,True
T195,pionnier_intensif,enseigné_puis_testé,77,8,5,4,2,True,True,True,2024-2025,2,3518185,Statistiques – classif. chiffres,5,59,3,32,0624141P,lycee,Public,Lille,Pas-de-Calais,Calais,101.4,moyen(95-110),6.0,True,True,2024-10,True,True,False,True,True
T196,pionnier_intensif,testé_puis_enseigné,71,3,3,5,1,False,,False,2025-2026,6,2548348,Intro IA – chiffres 2 et 7,3,97,3,49,0212045J,lycee,Public,Dijon,Côte-d'Or,Beaune,106.9,moyen(95-110),1.0,True,True,2026-06,False,True,False,False,True
T197,pionnier_intensif,enseigné_puis_testé,68,11,1,4,3,True,True,True,2023-2024,4,2548348,Intro IA – chiffres 2 et 7,4,13,1,4,,,,,,,,,,False,False,,True,True,True,True,True
T198,pionnier_intensif,enseigné_sans_test,67,7,2,0,3,True,True,True,2023-2024,5,2548348,Intro IA – chiffres 2 et 7,1,1,1,1,,,,,,,,,,False,False,,True,True,True,True,True
T199,pionnier_intensif,enseigné_puis_testé,67,11,3,1,2,True,True,True,2024-2025,5,2548348,Intro IA – chiffres 2 et 7,6,50,2,14,0341794R,lycee,Public,Montpellier,Hérault,Lattes,118.1,favorise(>110),1.0,True,True,2025-04,True,True,False,True,True
T200,pionnier_intensif,testé_puis_enseigné,65,9,1,3,1,False,,False,2025-2026,1,6659633,Géométrie repérée (milieu/dist.),9,65,1,34,0910626L,lycee,Public,Versailles,Essonne,Orsay,150.9,favorise(>110),2.0,True,True,2026-05,False,True,False,True,True
T201,pionnier_intensif,enseigné_sans_test,63,8,1,0,2,True,True,True,2024-2025,4,2548348,Intro IA – chiffres 2 et 7,7,53,1,22,0750655E,lycee,Public,Paris,Paris,Paris  5e  Arrondissement,145.1,favorise(>110),1.0,True,True,2026-01,True,True,False,True,True
T202,pionnier_intensif,enseigné_puis_testé,58,6,2,2,2,True,True,True,2024-2025,2,3518185,Statistiques – classif. chiffres,4,31,1,16,0590101P,lycee,Public,Lille,Nord,Hazebrouck,112.2,favorise(>110),3.0,True,False,,True,True,False,True,True
T203,pionnier_intensif,enseigné_sans_test,55,7,1,0,1,False,,False,2025-2026,1,3518185,Statistiques – classif. chiffres,7,56,1,18,,,,,,,,,,False,False,,False,True,False,False,True
T204,pionnier_intensif,enseigné_sans_test,55,6,1,0,1,False,,False,2025-2026,2,3515488,Équation réduite de droite,6,55,1,18,0770930T,lycee,Public,Créteil,Seine-et-Marne,Meaux,105.7,moyen(95-110),2.0,True,False,,False,True,False,False,True
T205,pionnier_intensif,enseigné_puis_testé,52,11,2,2,2,True,True,True,2024-2025,3,3518185,Statistiques – classif. chiffres,5,49,2,13,0590064Z,lycee,Public,Lille,Nord,Douai,100.6,moyen(95-110),1.0,True,False,,True,True,False,True,True
T206,pionnier_intensif,enseigné_sans_test,50,6,4,0,1,False,,False,2025-2026,3,6944347,Statistiques – santé fœtus,6,76,4,20,0110023R,lycee,Public,Montpellier,Aude,Narbonne,100.7,moyen(95-110),1.0,True,True,2026-03,False,True,False,False,True
T207,pionnier_intensif,enseigné_sans_test,50,6,3,0,2,True,True,True,2023-2024,5,2548348,Intro IA – chiffres 2 et 7,1,2,1,2,0250010A,lycee,Public,Besançon,Doubs,Besançon,107.6,moyen(95-110),1.0,False,False,,True,False,True,True,False
T208,pionnier_intensif,enseigné_sans_test,48,7,1,0,2,True,True,True,2024-2025,3,3518185,Statistiques – classif. chiffres,4,36,1,22,0931584S,lycee,Public,Créteil,Seine-Saint-Denis,Villepinte,89.4,faible(<95),1.0,True,False,,True,True,False,True,True
T209,pionnier_intensif,enseigné_puis_testé,44,8,1,7,2,True,True,True,2023-2024,5,2548348,Intro IA – chiffres 2 et 7,5,20,1,16,0750662M,lycee,Public,Paris,Paris,Paris  7e  Arrondissement,143.3,favorise(>110),1.0,False,False,,False,True,True,True,True
T210,pionnier_intensif,testé_puis_enseigné,40,17,4,1,2,True,False,True,2023-2024,3,2548348,Intro IA – chiffres 2 et 7,1,5,1,5,0590117G,lycee,Public,Lille,Nord,Lille,115.4,favorise(>110),4.0,True,True,2024-10,False,True,True,False,True
T211,pionnier_intensif,enseigné_puis_testé,40,4,2,43,2,True,True,True,2024-2025,2,3518185,Statistiques – classif. chiffres,3,24,1,14,0590101P,lycee,Public,Lille,Nord,Hazebrouck,112.2,favorise(>110),3.0,True,False,,True,True,False,True,True
T212,pionnier_intensif,testé_puis_enseigné,36,6,1,41,1,False,,False,2025-2026,1,6944347,Statistiques – santé fœtus,6,36,1,14,1340005C,,,,,,,,1.0,False,False,,False,True,False,True,True
T213,pionnier_intensif,enseigné_sans_test,35,6,2,0,1,False,,False,2025-2026,10,3518185,Statistiques – classif. chiffres,6,94,2,33,0340039H,lycee,Public,Montpellier,Hérault,Montpellier,115.0,favorise(>110),1.0,True,True,2025-04,False,True,False,False,True
T214,pionnier_intensif,testé_puis_enseigné,33,6,2,2,2,True,True,True,2023-2024,5,2548348,Intro IA – chiffres 2 et 7,2,8,2,4,0590110Z,lycee,Public,Lille,Nord,Lambersart,116.1,favorise(>110),2.0,False,False,,True,False,True,True,False
T215,pionnier_intensif,testé_puis_enseigné,31,13,2,11,2,True,True,True,2024-2025,5,3515488,Équation réduite de droite,1,6,1,6,3510003W,,,,,,,,1.0,False,False,,True,True,False,True,True
T216,pionnier_intensif,testé_puis_enseigné,31,4,4,6,1,False,,False,2025-2026,10,3518185,Statistiques – classif. chiffres,4,56,4,26,,,,,,,,,,False,False,,False,True,False,False,True
T217,pionnier_intensif,enseigné_puis_testé,22,4,3,5,1,False,False,True,2024-2025,6,2548348,Intro IA – chiffres 2 et 7,4,39,3,21,0680010S,lycee,Public,Strasbourg,Haut-Rhin,Colmar,98.4,moyen(95-110),1.0,False,False,,True,False,False,True,False
T218,pionnier_intensif,enseigné_sans_test,19,3,3,0,1,False,,False,2025-2026,2,3515488,Équation réduite de droite,3,21,3,10,0421788R,lycee,Public,Lyon,Loire,Feurs,112.1,favorise(>110),1.0,True,False,,False,True,False,False,True
T219,pionnier_intensif,testé_puis_enseigné,18,6,3,7,1,False,,False,2025-2026,1,3518185,Statistiques – classif. chiffres,6,29,3,9,0750664P,lycee,Public,Paris,Paris,Paris  8e  Arrondissement,131.0,favorise(>110),1.0,False,False,,False,True,False,False,True
T220,pionnier_intensif,testé_puis_enseigné,7,6,1,7,1,False,,False,2025-2026,4,3518185,Statistiques – classif. chiffres,6,7,1,2,0690026D,lycee,Public,Lyon,Rhône,Lyon 6e  Arrondissement,135.6,favorise(>110),1.0,False,False,,False,True,False,True,True
T221,pionnier_intensif,enseigné_sans_test,3,3,3,0,1,False,False,True,2024-2025,6,3515488,Équation réduite de droite,3,5,3,2,,,,,,,,,,False,False,,True,False,False,True,False
T222,pionnier_intensif,enseigné_sans_test,3,4,3,0,1,False,,False,2025-2026,6,3518185,Statistiques – classif. chiffres,4,5,3,2,0590102R,lycee,Public,Lille,Nord,Hazebrouck,82.9,faible(<95),4.0,True,True,2026-02,False,True,False,False,True
T223,pionnier_intensif,enseigné_puis_testé,1,3,3,2,1,False,,False,2025-2026,5,3518185,Statistiques – classif. chiffres,3,3,3,1,,,,,,,,,,False,False,,False,True,False,False,True
